ISO-10303-21;
HEADER;
FILE_DESCRIPTION(('Open CASCADE Model'),'2;1');
FILE_NAME('Open CASCADE Shape Model','2026-07-27T15:24:50',('Author'),(
    'Open CASCADE'),'Open CASCADE STEP processor 7.9','Open CASCADE 7.9'
  ,'Unknown');
FILE_SCHEMA(('AUTOMOTIVE_DESIGN { 1 0 10303 214 1 1 1 1 }'));
ENDSEC;
DATA;
#1 = APPLICATION_PROTOCOL_DEFINITION('international standard',
  'automotive_design',2000,#2);
#2 = APPLICATION_CONTEXT(
  'core data for automotive mechanical design processes');
#3 = SHAPE_DEFINITION_REPRESENTATION(#4,#10);
#4 = PRODUCT_DEFINITION_SHAPE('','',#5);
#5 = PRODUCT_DEFINITION('design','',#6,#9);
#6 = PRODUCT_DEFINITION_FORMATION('','',#7);
#7 = PRODUCT('Open CASCADE STEP translator 7.9 1',
  'Open CASCADE STEP translator 7.9 1','',(#8));
#8 = PRODUCT_CONTEXT('',#2,'mechanical');
#9 = PRODUCT_DEFINITION_CONTEXT('part definition',#2,'design');
#10 = SHAPE_REPRESENTATION('',(#11,#15,#19,#23,#27,#31),#35);
#11 = AXIS2_PLACEMENT_3D('',#12,#13,#14);
#12 = CARTESIAN_POINT('',(0.,0.,0.));
#13 = DIRECTION('',(0.,0.,1.));
#14 = DIRECTION('',(1.,0.,-0.));
#15 = AXIS2_PLACEMENT_3D('',#16,#17,#18);
#16 = CARTESIAN_POINT('',(0.,0.,0.));
#17 = DIRECTION('',(0.,0.,1.));
#18 = DIRECTION('',(1.,0.,-0.));
#19 = AXIS2_PLACEMENT_3D('',#20,#21,#22);
#20 = CARTESIAN_POINT('',(0.,0.,0.));
#21 = DIRECTION('',(0.,0.,1.));
#22 = DIRECTION('',(1.,0.,-0.));
#23 = AXIS2_PLACEMENT_3D('',#24,#25,#26);
#24 = CARTESIAN_POINT('',(0.,0.,0.));
#25 = DIRECTION('',(0.,0.,1.));
#26 = DIRECTION('',(1.,0.,-0.));
#27 = AXIS2_PLACEMENT_3D('',#28,#29,#30);
#28 = CARTESIAN_POINT('',(0.,0.,0.));
#29 = DIRECTION('',(0.,0.,1.));
#30 = DIRECTION('',(1.,0.,-0.));
#31 = AXIS2_PLACEMENT_3D('',#32,#33,#34);
#32 = CARTESIAN_POINT('',(0.,0.,0.));
#33 = DIRECTION('',(0.,0.,1.));
#34 = DIRECTION('',(1.,0.,-0.));
#35 = ( GEOMETRIC_REPRESENTATION_CONTEXT(3) 
GLOBAL_UNCERTAINTY_ASSIGNED_CONTEXT((#39)) GLOBAL_UNIT_ASSIGNED_CONTEXT(
(#36,#37,#38)) REPRESENTATION_CONTEXT('Context #1',
  '3D Context with UNIT and UNCERTAINTY') );
#36 = ( LENGTH_UNIT() NAMED_UNIT(*) SI_UNIT(.MILLI.,.METRE.) );
#37 = ( NAMED_UNIT(*) PLANE_ANGLE_UNIT() SI_UNIT($,.RADIAN.) );
#38 = ( NAMED_UNIT(*) SI_UNIT($,.STERADIAN.) SOLID_ANGLE_UNIT() );
#39 = UNCERTAINTY_MEASURE_WITH_UNIT(LENGTH_MEASURE(5.E-06),#36,
  'distance_accuracy_value','confusion accuracy');
#40 = PRODUCT_RELATED_PRODUCT_CATEGORY('part',$,(#7));
#41 = SHAPE_DEFINITION_REPRESENTATION(#42,#48);
#42 = PRODUCT_DEFINITION_SHAPE('','',#43);
#43 = PRODUCT_DEFINITION('design','',#44,#47);
#44 = PRODUCT_DEFINITION_FORMATION('','',#45);
#45 = PRODUCT('Open CASCADE STEP translator 7.9 1.1',
  'Open CASCADE STEP translator 7.9 1.1','',(#46));
#46 = PRODUCT_CONTEXT('',#2,'mechanical');
#47 = PRODUCT_DEFINITION_CONTEXT('part definition',#2,'design');
#48 = ADVANCED_BREP_SHAPE_REPRESENTATION('',(#11,#49),#4314);
#49 = BREP_WITH_VOIDS('',#50,(#4256));
#50 = CLOSED_SHELL('',(#51,#1295,#1399,#1475,#1750,#1980,#2057,#2535,
    #2585,#2636,#2663,#2733,#2813,#3123,#3480,#3510,#3700,#3854,#3879,
    #3890,#3918,#3924,#3951,#4026,#4121,#4176,#4206,#4243,#4249));
#51 = ADVANCED_FACE('',(#52),#67,.T.);
#52 = FACE_BOUND('',#53,.T.);
#53 = EDGE_LOOP('',(#54,#90,#262,#290,#462,#592,#616,#786,#787,#959,#988
    ,#1017,#1040,#1063,#1092,#1121,#1148,#1149,#1272,#1273));
#54 = ORIENTED_EDGE('',*,*,#55,.F.);
#55 = EDGE_CURVE('',#56,#58,#60,.T.);
#56 = VERTEX_POINT('',#57);
#57 = CARTESIAN_POINT('',(-39.8,0.,3.979795897113));
#58 = VERTEX_POINT('',#59);
#59 = CARTESIAN_POINT('',(-39.9875,0.,3.249687304443));
#60 = SURFACE_CURVE('',#61,(#66,#78),.PCURVE_S1.);
#61 = CIRCLE('',#62,2.5);
#62 = AXIS2_PLACEMENT_3D('',#63,#64,#65);
#63 = CARTESIAN_POINT('',(-37.5,0.,3.));
#64 = DIRECTION('',(0.,-1.,-0.));
#65 = DIRECTION('',(0.,0.,-1.));
#66 = PCURVE('',#67,#72);
#67 = TOROIDAL_SURFACE('',#68,37.5,2.5);
#68 = AXIS2_PLACEMENT_3D('',#69,#70,#71);
#69 = CARTESIAN_POINT('',(0.,0.,3.));
#70 = DIRECTION('',(0.,0.,1.));
#71 = DIRECTION('',(1.,0.,-0.));
#72 = DEFINITIONAL_REPRESENTATION('',(#73),#77);
#73 = LINE('',#74,#75);
#74 = CARTESIAN_POINT('',(3.14159265359,4.712388980385));
#75 = VECTOR('',#76,1.);
#76 = DIRECTION('',(-0.,-1.));
#77 = ( GEOMETRIC_REPRESENTATION_CONTEXT(2) 
PARAMETRIC_REPRESENTATION_CONTEXT() REPRESENTATION_CONTEXT('2D SPACE',''
  ) );
#78 = PCURVE('',#79,#84);
#79 = PLANE('',#80);
#80 = AXIS2_PLACEMENT_3D('',#81,#82,#83);
#81 = CARTESIAN_POINT('',(-40.,0.,3.));
#82 = DIRECTION('',(-0.,-1.,-0.));
#83 = DIRECTION('',(0.,0.,-1.));
#84 = DEFINITIONAL_REPRESENTATION('',(#85),#89);
#85 = CIRCLE('',#86,2.5);
#86 = AXIS2_PLACEMENT_2D('',#87,#88);
#87 = CARTESIAN_POINT('',(4.884981308351E-15,2.5));
#88 = DIRECTION('',(1.,0.));
#89 = ( GEOMETRIC_REPRESENTATION_CONTEXT(2) 
PARAMETRIC_REPRESENTATION_CONTEXT() REPRESENTATION_CONTEXT('2D SPACE',''
  ) );
#90 = ORIENTED_EDGE('',*,*,#91,.T.);
#91 = EDGE_CURVE('',#56,#92,#94,.T.);
#92 = VERTEX_POINT('',#93);
#93 = CARTESIAN_POINT('',(-39.,-8.888194417316,3.));
#94 = SURFACE_CURVE('',#95,(#147,#202),.PCURVE_S1.);
#95 = B_SPLINE_CURVE_WITH_KNOTS('',8,(#96,#97,#98,#99,#100,#101,#102,
    #103,#104,#105,#106,#107,#108,#109,#110,#111,#112,#113,#114,#115,
    #116,#117,#118,#119,#120,#121,#122,#123,#124,#125,#126,#127,#128,
    #129,#130,#131,#132,#133,#134,#135,#136,#137,#138,#139,#140,#141,
    #142,#143,#144,#145,#146),.UNSPECIFIED.,.F.,.F.,(9,7,7,7,7,7,7,9),(
    0.,0.375704472873,0.573650423578,0.68852437333,0.806726703259,
    0.90521886723,0.955668500681,1.),.UNSPECIFIED.);
#96 = CARTESIAN_POINT('',(-39.8,6.000000034589E-07,3.979795897113));
#97 = CARTESIAN_POINT('',(-39.80000000678,-0.489428506332,3.979795898499
    ));
#98 = CARTESIAN_POINT('',(-39.79367185103,-0.978848960996,3.978504466864
    ));
#99 = CARTESIAN_POINT('',(-39.78101605337,-1.468167747235,3.975919868412
    ));
#100 = CARTESIAN_POINT('',(-39.76212322371,-1.957291847497,
    3.971827173631));
#101 = CARTESIAN_POINT('',(-39.73717571671,-2.446126976015,
    3.965779194584));
#102 = CARTESIAN_POINT('',(-39.70642835046,-2.93457648899,3.957140683995
    ));
#103 = CARTESIAN_POINT('',(-39.67018077437,-3.422538582504,
    3.945097767081));
#104 = CARTESIAN_POINT('',(-39.60692774675,-4.166674039217,
    3.919807993797));
#105 = CARTESIAN_POINT('',(-39.5836644169,-4.423273102113,3.909830262974
    ));
#106 = CARTESIAN_POINT('',(-39.55901103238,-4.679684585715,3.89842750949
    ));
#107 = CARTESIAN_POINT('',(-39.53301631154,-4.935888918936,
    3.885418319373));
#108 = CARTESIAN_POINT('',(-39.50573061126,-5.191857291178,
    3.870592276096));
#109 = CARTESIAN_POINT('',(-39.47720579707,-5.447549492633,
    3.853688496825));
#110 = CARTESIAN_POINT('',(-39.44749511331,-5.702911754576,3.83437416868
    ));
#111 = CARTESIAN_POINT('',(-39.39875448433,-6.105837141066,
    3.799368149252));
#112 = CARTESIAN_POINT('',(-39.38047564393,-6.253658935011,
    3.785558832375));
#113 = CARTESIAN_POINT('',(-39.36182706093,-6.401328513042,
    3.770702653696));
#114 = CARTESIAN_POINT('',(-39.34281981745,-6.548828549594,
    3.754702385126));
#115 = CARTESIAN_POINT('',(-39.32346599538,-6.69613373894,3.737442755784
    ));
#116 = CARTESIAN_POINT('',(-39.30377912289,-6.843208682131,
    3.718777156632));
#117 = CARTESIAN_POINT('',(-39.28377462088,-6.990005773948,
    3.698514345113));
#118 = CARTESIAN_POINT('',(-39.24257757534,-7.287163888511,
    3.653655358331));
#119 = CARTESIAN_POINT('',(-39.22308868019,-7.425089993471,
    3.630822229271));
#120 = CARTESIAN_POINT('',(-39.20489086352,-7.551887436498,3.60794492237
    ));
#121 = CARTESIAN_POINT('',(-39.1878692637,-7.668933910826,3.585030858891
    ));
#122 = CARTESIAN_POINT('',(-39.17192152118,-7.777342252723,
    3.562065699235));
#123 = CARTESIAN_POINT('',(-39.15696794149,-7.877965364159,
    3.539030967851));
#124 = CARTESIAN_POINT('',(-39.1429571582,-7.971402576582,3.515929325431
    ));
#125 = CARTESIAN_POINT('',(-39.11896015967,-8.130171024544,
    3.473559535963));
#126 = CARTESIAN_POINT('',(-39.10804545882,-8.201871718078,
    3.453151226821));
#127 = CARTESIAN_POINT('',(-39.0971168761,-8.273166719777,3.431409014225
    ));
#128 = CARTESIAN_POINT('',(-39.08618618243,-8.343992360481,3.40808154202
    ));
#129 = CARTESIAN_POINT('',(-39.07527291499,-8.414234005414,
    3.382937709047));
#130 = CARTESIAN_POINT('',(-39.06443128207,-8.483563703893,
    3.355495865583));
#131 = CARTESIAN_POINT('',(-39.05372213888,-8.551618656544,
    3.325333689073));
#132 = CARTESIAN_POINT('',(-39.03795190107,-8.651261278297,
    3.273496407133));
#133 = CARTESIAN_POINT('',(-39.03300752299,-8.682399453509,
    3.255921395826));
#134 = CARTESIAN_POINT('',(-39.02845344978,-8.710997140757,
    3.238332064177));
#135 = CARTESIAN_POINT('',(-39.02428342379,-8.737117607835,
    3.220729823596));
#136 = CARTESIAN_POINT('',(-39.02049196707,-8.760815431453,3.20311560737
    ));
#137 = CARTESIAN_POINT('',(-39.01707439959,-8.782136869394,
    3.185490324336));
#138 = CARTESIAN_POINT('',(-39.01402685743,-8.801120232683,
    3.167855312569));
#139 = CARTESIAN_POINT('',(-39.00899084009,-8.83244994585,3.134709819349
    ));
#140 = CARTESIAN_POINT('',(-39.00678109668,-8.846178347641,
    3.118298944667));
#141 = CARTESIAN_POINT('',(-39.00475769201,-8.858732916876,
    3.100864569673));
#142 = CARTESIAN_POINT('',(-39.00298076252,-8.869745024337,3.08236195307
    ));
#143 = CARTESIAN_POINT('',(-39.00153467116,-8.878698116506,
    3.062814045052));
#144 = CARTESIAN_POINT('',(-39.00051530942,-8.885005595073,
    3.042341286849));
#145 = CARTESIAN_POINT('',(-39.,-8.888194417316,3.021224376376));
#146 = CARTESIAN_POINT('',(-39.,-8.888194417316,3.));
#147 = PCURVE('',#67,#148);
#148 = DEFINITIONAL_REPRESENTATION('',(#149),#201);
#149 = B_SPLINE_CURVE_WITH_KNOTS('',8,(#150,#151,#152,#153,#154,#155,
    #156,#157,#158,#159,#160,#161,#162,#163,#164,#165,#166,#167,#168,
    #169,#170,#171,#172,#173,#174,#175,#176,#177,#178,#179,#180,#181,
    #182,#183,#184,#185,#186,#187,#188,#189,#190,#191,#192,#193,#194,
    #195,#196,#197,#198,#199,#200),.UNSPECIFIED.,.F.,.F.,(9,7,7,7,7,7,7,
    9),(0.,0.375704472873,0.573650423578,0.68852437333,0.806726703259,
    0.90521886723,0.955668500681,1.),.UNSPECIFIED.);
#150 = CARTESIAN_POINT('',(3.141592638514,0.402715841581));
#151 = CARTESIAN_POINT('',(3.153889852241,0.402715842183));
#152 = CARTESIAN_POINT('',(3.166186848912,0.402154340608));
#153 = CARTESIAN_POINT('',(3.17848344301,0.401030641869));
#154 = CARTESIAN_POINT('',(3.190779456112,0.39925189225));
#155 = CARTESIAN_POINT('',(3.203074388496,0.396625408206));
#156 = CARTESIAN_POINT('',(3.215367142591,0.392878593132));
#157 = CARTESIAN_POINT('',(3.22765581481,0.387667027187));
#158 = CARTESIAN_POINT('',(3.246408413949,0.376771750734));
#159 = CARTESIAN_POINT('',(3.252877126033,0.37247950647));
#160 = CARTESIAN_POINT('',(3.259343398124,0.367583181398));
#161 = CARTESIAN_POINT('',(3.265806689208,0.362008715138));
#162 = CARTESIAN_POINT('',(3.272266176435,0.355671163964));
#163 = CARTESIAN_POINT('',(3.278720703886,0.34846647665));
#164 = CARTESIAN_POINT('',(3.285168731345,0.34026327031));
#165 = CARTESIAN_POINT('',(3.295345347349,0.325457690544));
#166 = CARTESIAN_POINT('',(3.299079399722,0.319628679011));
#167 = CARTESIAN_POINT('',(3.30281010792,0.313371300548));
#168 = CARTESIAN_POINT('',(3.306536987305,0.30664758708));
#169 = CARTESIAN_POINT('',(3.310259347884,0.299412626972));
#170 = CARTESIAN_POINT('',(3.313976241319,0.291609318462));
#171 = CARTESIAN_POINT('',(3.317686407947,0.283163123086));
#172 = CARTESIAN_POINT('',(3.325197296762,0.264524349371));
#173 = CARTESIAN_POINT('',(3.328683731017,0.25506595093));
#174 = CARTESIAN_POINT('',(3.331888996126,0.245616673449));
#175 = CARTESIAN_POINT('',(3.334847840813,0.236178101768));
#176 = CARTESIAN_POINT('',(3.337588353217,0.22674292774));
#177 = CARTESIAN_POINT('',(3.340132067412,0.217302351419));
#178 = CARTESIAN_POINT('',(3.342494116173,0.207856311568));
#179 = CARTESIAN_POINT('',(3.3465076771,0.190569187163));
#180 = CARTESIAN_POINT('',(3.348320210302,0.182256671358));
#181 = CARTESIAN_POINT('',(3.350122467604,0.173416187432));
#182 = CARTESIAN_POINT('',(3.351912832321,0.163948155962));
#183 = CARTESIAN_POINT('',(3.353688399378,0.153761398783));
#184 = CARTESIAN_POINT('',(3.355440872731,0.142664973534));
#185 = CARTESIAN_POINT('',(3.357161076676,0.130491970189));
#186 = CARTESIAN_POINT('',(3.359679639749,0.109615091493));
#187 = CARTESIAN_POINT('',(3.360466674052,0.102543653971));
#188 = CARTESIAN_POINT('',(3.361189484772,9.547260806076E-02));
#189 = CARTESIAN_POINT('',(3.361849673729,8.840198203579E-02));
#190 = CARTESIAN_POINT('',(3.362448622954,8.133161152893E-02));
#191 = CARTESIAN_POINT('',(3.362987504024,7.426132189882E-02));
#192 = CARTESIAN_POINT('',(3.363467287401,6.719111059372E-02));
#193 = CARTESIAN_POINT('',(3.364259104258,5.390891579567E-02));
#194 = CARTESIAN_POINT('',(3.364606068206,4.733534846619E-02));
#195 = CARTESIAN_POINT('',(3.364923362558,4.035443984941E-02));
#196 = CARTESIAN_POINT('',(3.365201671585,3.294846765028E-02));
#197 = CARTESIAN_POINT('',(3.365427941514,2.512657061115E-02));
#198 = CARTESIAN_POINT('',(3.365587348638,1.693650337401E-02));
#199 = CARTESIAN_POINT('',(3.365667938892,8.489750550537E-03));
#200 = CARTESIAN_POINT('',(3.365667938892,0.));
#201 = ( GEOMETRIC_REPRESENTATION_CONTEXT(2) 
PARAMETRIC_REPRESENTATION_CONTEXT() REPRESENTATION_CONTEXT('2D SPACE',''
  ) );
#202 = PCURVE('',#203,#208);
#203 = CYLINDRICAL_SURFACE('',#204,1.);
#204 = AXIS2_PLACEMENT_3D('',#205,#206,#207);
#205 = CARTESIAN_POINT('',(-40.,0.,3.));
#206 = DIRECTION('',(-0.,1.,-0.));
#207 = DIRECTION('',(1.,0.,0.));
#208 = DEFINITIONAL_REPRESENTATION('',(#209),#261);
#209 = B_SPLINE_CURVE_WITH_KNOTS('',8,(#210,#211,#212,#213,#214,#215,
    #216,#217,#218,#219,#220,#221,#222,#223,#224,#225,#226,#227,#228,
    #229,#230,#231,#232,#233,#234,#235,#236,#237,#238,#239,#240,#241,
    #242,#243,#244,#245,#246,#247,#248,#249,#250,#251,#252,#253,#254,
    #255,#256,#257,#258,#259,#260),.UNSPECIFIED.,.F.,.F.,(9,7,7,7,7,7,7,
    9),(0.,0.375704472873,0.573650423578,0.68852437333,0.806726703259,
    0.90521886723,0.955668500681,1.),.UNSPECIFIED.);
#210 = CARTESIAN_POINT('',(-1.369438406005,5.999999999062E-07));
#211 = CARTESIAN_POINT('',(-1.369438412933,-0.489428506332));
#212 = CARTESIAN_POINT('',(-1.36298002245,-0.978848960997));
#213 = CARTESIAN_POINT('',(-1.350062237617,-1.468167747235));
#214 = CARTESIAN_POINT('',(-1.330733693242,-1.957291847497));
#215 = CARTESIAN_POINT('',(-1.305080393463,-2.446126976015));
#216 = CARTESIAN_POINT('',(-1.273189254522,-2.934576488989));
#217 = CARTESIAN_POINT('',(-1.235060985959,-3.422538582504));
#218 = CARTESIAN_POINT('',(-1.166939637353,-4.166674039217));
#219 = CARTESIAN_POINT('',(-1.14163651042,-4.423273102113));
#220 = CARTESIAN_POINT('',(-1.114490155679,-4.679684585715));
#221 = CARTESIAN_POINT('',(-1.085449140641,-4.935888918936));
#222 = CARTESIAN_POINT('',(-1.054435881359,-5.191857291178));
#223 = CARTESIAN_POINT('',(-1.021325616436,-5.447549492633));
#224 = CARTESIAN_POINT('',(-0.985925381031,-5.702911754576));
#225 = CARTESIAN_POINT('',(-0.925916462452,-6.105837141066));
#226 = CARTESIAN_POINT('',(-0.903015132516,-6.253658935011));
#227 = CARTESIAN_POINT('',(-0.879184952902,-6.401328513042));
#228 = CARTESIAN_POINT('',(-0.854357868047,-6.548828549594));
#229 = CARTESIAN_POINT('',(-0.828449163502,-6.69613373894));
#230 = CARTESIAN_POINT('',(-0.801344824445,-6.843208682131));
#231 = CARTESIAN_POINT('',(-0.772888894193,-6.990005773948));
#232 = CARTESIAN_POINT('',(-0.711983022091,-7.287163888511));
#233 = CARTESIAN_POINT('',(-0.681983431045,-7.425089993471));
#234 = CARTESIAN_POINT('',(-0.652779415185,-7.551887436498));
#235 = CARTESIAN_POINT('',(-0.624265275943,-7.668933910826));
#236 = CARTESIAN_POINT('',(-0.596333647476,-7.777342252723));
#237 = CARTESIAN_POINT('',(-0.568892258898,-7.877965364159));
#238 = CARTESIAN_POINT('',(-0.541886071848,-7.971402576582));
#239 = CARTESIAN_POINT('',(-0.493192591811,-8.130171024544));
#240 = CARTESIAN_POINT('',(-0.470055544452,-8.201871718078));
#241 = CARTESIAN_POINT('',(-0.445735467772,-8.273166719777));
#242 = CARTESIAN_POINT('',(-0.419992502224,-8.343992360481));
#243 = CARTESIAN_POINT('',(-0.3926114149,-8.414234005414));
#244 = CARTESIAN_POINT('',(-0.363132677124,-8.483563703893));
#245 = CARTESIAN_POINT('',(-0.331159289104,-8.551618656544));
#246 = CARTESIAN_POINT('',(-0.276976227181,-8.651261278297));
#247 = CARTESIAN_POINT('',(-0.258723011972,-8.682399453509));
#248 = CARTESIAN_POINT('',(-0.240560286014,-8.710997140757));
#249 = CARTESIAN_POINT('',(-0.222478580168,-8.737117607835));
#250 = CARTESIAN_POINT('',(-0.204468522143,-8.760815431453));
#251 = CARTESIAN_POINT('',(-0.186521195523,-8.782136869394));
#252 = CARTESIAN_POINT('',(-0.168628498809,-8.801120232683));
#253 = CARTESIAN_POINT('',(-0.135102610434,-8.83244994585));
#254 = CARTESIAN_POINT('',(-0.118546226915,-8.846178347641));
#255 = CARTESIAN_POINT('',(-0.100999321904,-8.858732916876));
#256 = CARTESIAN_POINT('',(-8.241954641114E-02,-8.869745024337));
#257 = CARTESIAN_POINT('',(-6.282891879509E-02,-8.878698116506));
#258 = CARTESIAN_POINT('',(-4.23411166709E-02,-8.885005595073));
#259 = CARTESIAN_POINT('',(-2.122437637634E-02,-8.888194417316));
#260 = CARTESIAN_POINT('',(0.,-8.888194417316));
#261 = ( GEOMETRIC_REPRESENTATION_CONTEXT(2) 
PARAMETRIC_REPRESENTATION_CONTEXT() REPRESENTATION_CONTEXT('2D SPACE',''
  ) );
#262 = ORIENTED_EDGE('',*,*,#263,.T.);
#263 = EDGE_CURVE('',#92,#264,#266,.T.);
#264 = VERTEX_POINT('',#265);
#265 = CARTESIAN_POINT('',(39.,-8.888194417316,3.));
#266 = SEAM_CURVE('',#267,(#272,#279),.PCURVE_S1.);
#267 = CIRCLE('',#268,40.);
#268 = AXIS2_PLACEMENT_3D('',#269,#270,#271);
#269 = CARTESIAN_POINT('',(0.,0.,3.));
#270 = DIRECTION('',(0.,0.,1.));
#271 = DIRECTION('',(1.,0.,-0.));
#272 = PCURVE('',#67,#273);
#273 = DEFINITIONAL_REPRESENTATION('',(#274),#278);
#274 = LINE('',#275,#276);
#275 = CARTESIAN_POINT('',(0.,6.28318530718));
#276 = VECTOR('',#277,1.);
#277 = DIRECTION('',(1.,0.));
#278 = ( GEOMETRIC_REPRESENTATION_CONTEXT(2) 
PARAMETRIC_REPRESENTATION_CONTEXT() REPRESENTATION_CONTEXT('2D SPACE',''
  ) );
#279 = PCURVE('',#280,#285);
#280 = CYLINDRICAL_SURFACE('',#281,40.);
#281 = AXIS2_PLACEMENT_3D('',#282,#283,#284);
#282 = CARTESIAN_POINT('',(2.376054908382E-13,1.705302565824E-15,0.));
#283 = DIRECTION('',(-0.,-0.,-1.));
#284 = DIRECTION('',(1.,0.,0.));
#285 = DEFINITIONAL_REPRESENTATION('',(#286),#289);
#286 = B_SPLINE_CURVE_WITH_KNOTS('',1,(#287,#288),.UNSPECIFIED.,.F.,.F.,
  (2,2),(3.365667938892,6.059110021878),.PIECEWISE_BEZIER_KNOTS.);
#287 = CARTESIAN_POINT('',(-3.365667938892,-3.));
#288 = CARTESIAN_POINT('',(-6.059110021878,-3.));
#289 = ( GEOMETRIC_REPRESENTATION_CONTEXT(2) 
PARAMETRIC_REPRESENTATION_CONTEXT() REPRESENTATION_CONTEXT('2D SPACE',''
  ) );
#290 = ORIENTED_EDGE('',*,*,#291,.T.);
#291 = EDGE_CURVE('',#264,#292,#294,.T.);
#292 = VERTEX_POINT('',#293);
#293 = CARTESIAN_POINT('',(39.754844141516,-1.984917782945,3.96948363624
    ));
#294 = SURFACE_CURVE('',#295,(#347,#402),.PCURVE_S1.);
#295 = B_SPLINE_CURVE_WITH_KNOTS('',8,(#296,#297,#298,#299,#300,#301,
    #302,#303,#304,#305,#306,#307,#308,#309,#310,#311,#312,#313,#314,
    #315,#316,#317,#318,#319,#320,#321,#322,#323,#324,#325,#326,#327,
    #328,#329,#330,#331,#332,#333,#334,#335,#336,#337,#338,#339,#340,
    #341,#342,#343,#344,#345,#346),.UNSPECIFIED.,.F.,.F.,(9,7,7,7,7,7,7,
    9),(0.,4.305682506191E-02,0.101813570687,0.172314814256,
    0.274185527414,0.376607823504,0.678657060031,1.),.UNSPECIFIED.);
#296 = CARTESIAN_POINT('',(39.,-8.888194417316,3.));
#297 = CARTESIAN_POINT('',(39.,-8.888194417316,3.018746519265));
#298 = CARTESIAN_POINT('',(39.000403829314,-8.885695655802,
    3.037440125108));
#299 = CARTESIAN_POINT('',(39.001200475286,-8.880765975281,
    3.055701646073));
#300 = CARTESIAN_POINT('',(39.002346501175,-8.873671391627,
    3.073291854305));
#301 = CARTESIAN_POINT('',(39.00378045677,-8.864788033951,3.090084407434
    ));
#302 = CARTESIAN_POINT('',(39.005437289002,-8.854514084472,
    3.106038790474));
#303 = CARTESIAN_POINT('',(39.007262752561,-8.843181718386,
    3.121173257708));
#304 = CARTESIAN_POINT('',(39.011909416216,-8.814303230203,
    3.155140062099));
#305 = CARTESIAN_POINT('',(39.015041302779,-8.794814803343,
    3.174733018953));
#306 = CARTESIAN_POINT('',(39.018627049707,-8.772467022768,
    3.194313444322));
#307 = CARTESIAN_POINT('',(39.022671440182,-8.747212183363,
    3.213879449379));
#308 = CARTESIAN_POINT('',(39.027180444471,-8.718991011692,
    3.233429763981));
#309 = CARTESIAN_POINT('',(39.032161193327,-8.687732062389,3.25296304335
    ));
#310 = CARTESIAN_POINT('',(39.037621951397,-8.653351114565,
    3.272477174765));
#311 = CARTESIAN_POINT('',(39.050711563915,-8.570634296879,
    3.315356002866));
#312 = CARTESIAN_POINT('',(39.058558537099,-8.520864074589,
    3.338720364068));
#313 = CARTESIAN_POINT('',(39.067126889398,-8.46628540491,3.36204597407)
  );
#314 = CARTESIAN_POINT('',(39.076436146974,-8.406693926501,3.38533010479
    ));
#315 = CARTESIAN_POINT('',(39.086511602263,-8.341831584068,
    3.408574234886));
#316 = CARTESIAN_POINT('',(39.097383796607,-8.271384015022,
    3.431777951511));
#317 = CARTESIAN_POINT('',(39.109087366189,-8.194979151844,
    3.454935512795));
#318 = CARTESIAN_POINT('',(39.139824986161,-7.992556647355,
    3.511412758454));
#319 = CARTESIAN_POINT('',(39.157937827227,-7.871877796383,
    3.541241235577));
#320 = CARTESIAN_POINT('',(39.175938229861,-7.750481096453,3.56840736262
    ));
#321 = CARTESIAN_POINT('',(39.193792184327,-7.628547494939,
    3.593331579519));
#322 = CARTESIAN_POINT('',(39.211473241018,-7.506214534954,
    3.616365472797));
#323 = CARTESIAN_POINT('',(39.228965011628,-7.383557671828,
    3.637739548082));
#324 = CARTESIAN_POINT('',(39.246256082463,-7.260618664417,
    3.657653653718));
#325 = CARTESIAN_POINT('',(39.280517559286,-7.013511046778,
    3.694974941302));
#326 = CARTESIAN_POINT('',(39.297479942627,-6.889380463493,
    3.712369839658));
#327 = CARTESIAN_POINT('',(39.314217245335,-6.765043199765,
    3.728587827639));
#328 = CARTESIAN_POINT('',(39.330719855638,-6.640529858733,
    3.743750072352));
#329 = CARTESIAN_POINT('',(39.34697902324,-6.515865142986,3.757959689962
    ));
#330 = CARTESIAN_POINT('',(39.362986859326,-6.391067854557,3.77130174569
    ));
#331 = CARTESIAN_POINT('',(39.378736336561,-6.266150894927,
    3.783843253814));
#332 = CARTESIAN_POINT('',(39.439887303885,-5.772401702018,
    3.830402340585));
#333 = CARTESIAN_POINT('',(39.483245035132,-5.402758300671,
    3.858682472746));
#334 = CARTESIAN_POINT('',(39.524125844758,-5.032428640548,
    3.882006041241));
#335 = CARTESIAN_POINT('',(39.562370380138,-4.661561077939,
    3.901230057394));
#336 = CARTESIAN_POINT('',(39.597821470067,-4.290267226809,3.91707791038
    ));
#337 = CARTESIAN_POINT('',(39.630328514661,-3.91861496284,3.930090624524
    ));
#338 = CARTESIAN_POINT('',(39.659749937758,-3.546642962227,
    3.940740078201));
#339 = CARTESIAN_POINT('',(39.713839606476,-2.778293068981,
    3.958631673189));
#340 = CARTESIAN_POINT('',(39.73808116689,-2.381915793483,3.965612594333
    ));
#341 = CARTESIAN_POINT('',(39.758526845478,-1.985279131162,
    3.970812349311));
#342 = CARTESIAN_POINT('',(39.7750370041,-1.588434437345,3.974597183232)
  );
#343 = CARTESIAN_POINT('',(39.787498632989,-1.191432617232,3.97724471487
    ));
#344 = CARTESIAN_POINT('',(39.795832962114,-0.79432487524,3.978944849447
    ));
#345 = CARTESIAN_POINT('',(39.8,-0.397163116429,3.979795897113));
#346 = CARTESIAN_POINT('',(39.8,0.,3.979795897113));
#347 = PCURVE('',#67,#348);
#348 = DEFINITIONAL_REPRESENTATION('',(#349),#401);
#349 = B_SPLINE_CURVE_WITH_KNOTS('',8,(#350,#351,#352,#353,#354,#355,
    #356,#357,#358,#359,#360,#361,#362,#363,#364,#365,#366,#367,#368,
    #369,#370,#371,#372,#373,#374,#375,#376,#377,#378,#379,#380,#381,
    #382,#383,#384,#385,#386,#387,#388,#389,#390,#391,#392,#393,#394,
    #395,#396,#397,#398,#399,#400),.UNSPECIFIED.,.F.,.F.,(9,7,7,7,7,7,7,
    9),(0.,4.305682506191E-02,0.101813570687,0.172314814256,
    0.274185527414,0.376607823504,0.678657060031,1.),.UNSPECIFIED.);
#350 = CARTESIAN_POINT('',(6.059110021878,0.));
#351 = CARTESIAN_POINT('',(6.059110021878,7.498607705953E-03));
#352 = CARTESIAN_POINT('',(6.05917317237,1.497601998312E-02));
#353 = CARTESIAN_POINT('',(6.059297758852,2.228131675359E-02));
#354 = CARTESIAN_POINT('',(6.059477058887,2.931932622932E-02));
#355 = CARTESIAN_POINT('',(6.059701567415,3.603982952528E-02));
#356 = CARTESIAN_POINT('',(6.05996122206,4.242676527265E-02));
#357 = CARTESIAN_POINT('',(6.060247628438,4.848743423192E-02));
#358 = CARTESIAN_POINT('',(6.060977488902,6.209416769137E-02));
#359 = CARTESIAN_POINT('',(6.061470033817,6.994672047471E-02));
#360 = CARTESIAN_POINT('',(6.062034851094,7.779881622961E-02));
#361 = CARTESIAN_POINT('',(6.06267314928,8.565043531139E-02));
#362 = CARTESIAN_POINT('',(6.063386429731,9.350180560646E-02));
#363 = CARTESIAN_POINT('',(6.064176501754,0.101353123681));
#364 = CARTESIAN_POINT('',(6.065045497754,0.109204275932));
#365 = CARTESIAN_POINT('',(6.067136246308,0.126473984933));
#366 = CARTESIAN_POINT('',(6.068394260569,0.135896047483));
#367 = CARTESIAN_POINT('',(6.06977384266,0.145315712167));
#368 = CARTESIAN_POINT('',(6.071280164148,0.154733129277));
#369 = CARTESIAN_POINT('',(6.072919753407,0.164150154971));
#370 = CARTESIAN_POINT('',(6.074700560756,0.173567903331));
#371 = CARTESIAN_POINT('',(6.076631991998,0.182985330112));
#372 = CARTESIAN_POINT('',(6.081749070981,0.206000903303));
#373 = CARTESIAN_POINT('',(6.084799782889,0.218197775247));
#374 = CARTESIAN_POINT('',(6.087868654127,0.22933984047));
#375 = CARTESIAN_POINT('',(6.090951073507,0.239592038015));
#376 = CARTESIAN_POINT('',(6.094043526994,0.249092342983));
#377 = CARTESIAN_POINT('',(6.097144070552,0.257930846193));
#378 = CARTESIAN_POINT('',(6.100251612853,0.266185757041));
#379 = CARTESIAN_POINT('',(6.106497440967,0.281692383759));
#380 = CARTESIAN_POINT('',(6.109634764,0.288939045766));
#381 = CARTESIAN_POINT('',(6.11277710566,0.295712388104));
#382 = CARTESIAN_POINT('',(6.115923658063,0.302059644594));
#383 = CARTESIAN_POINT('',(6.119073764046,0.308021017561));
#384 = CARTESIAN_POINT('',(6.122226917168,0.313629677832));
#385 = CARTESIAN_POINT('',(6.125382761709,0.318911764736));
#386 = CARTESIAN_POINT('',(6.137855192165,0.338556830381));
#387 = CARTESIAN_POINT('',(6.147189501536,0.350571867207));
#388 = CARTESIAN_POINT('',(6.156537306792,0.360530685378));
#389 = CARTESIAN_POINT('',(6.165894296707,0.368771835042));
#390 = CARTESIAN_POINT('',(6.17525727674,0.375585869707));
#391 = CARTESIAN_POINT('',(6.184624375185,0.381194202888));
#392 = CARTESIAN_POINT('',(6.193994683265,0.385792354284));
#393 = CARTESIAN_POINT('',(6.213340676589,0.393528561315));
#394 = CARTESIAN_POINT('',(6.223315744996,0.396554509983));
#395 = CARTESIAN_POINT('',(6.233292510476,0.398811613269));
#396 = CARTESIAN_POINT('',(6.243270290767,0.400455850682));
#397 = CARTESIAN_POINT('',(6.253248664549,0.401606611282));
#398 = CARTESIAN_POINT('',(6.263227395127,0.402345835265));
#399 = CARTESIAN_POINT('',(6.273206334405,0.402715841581));
#400 = CARTESIAN_POINT('',(6.28318530718,0.402715841581));
#401 = ( GEOMETRIC_REPRESENTATION_CONTEXT(2) 
PARAMETRIC_REPRESENTATION_CONTEXT() REPRESENTATION_CONTEXT('2D SPACE',''
  ) );
#402 = PCURVE('',#403,#408);
#403 = CYLINDRICAL_SURFACE('',#404,1.);
#404 = AXIS2_PLACEMENT_3D('',#405,#406,#407);
#405 = CARTESIAN_POINT('',(40.,0.,3.));
#406 = DIRECTION('',(-0.,1.,-0.));
#407 = DIRECTION('',(1.,0.,0.));
#408 = DEFINITIONAL_REPRESENTATION('',(#409),#461);
#409 = B_SPLINE_CURVE_WITH_KNOTS('',8,(#410,#411,#412,#413,#414,#415,
    #416,#417,#418,#419,#420,#421,#422,#423,#424,#425,#426,#427,#428,
    #429,#430,#431,#432,#433,#434,#435,#436,#437,#438,#439,#440,#441,
    #442,#443,#444,#445,#446,#447,#448,#449,#450,#451,#452,#453,#454,
    #455,#456,#457,#458,#459,#460),.UNSPECIFIED.,.F.,.F.,(9,7,7,7,7,7,7,
    9),(0.,4.305682506191E-02,0.101813570687,0.172314814256,
    0.274185527414,0.376607823504,0.678657060031,1.),.UNSPECIFIED.);
#410 = CARTESIAN_POINT('',(-3.14159265359,-8.888194417316));
#411 = CARTESIAN_POINT('',(-3.122846134325,-8.888194417316));
#412 = CARTESIAN_POINT('',(-3.104152985661,-8.885695655802));
#413 = CARTESIAN_POINT('',(-3.085880727837,-8.880765975281));
#414 = CARTESIAN_POINT('',(-3.068260431492,-8.873671391627));
#415 = CARTESIAN_POINT('',(-3.051413358566,-8.864788033951));
#416 = CARTESIAN_POINT('',(-3.03537760319,-8.854514084472));
#417 = CARTESIAN_POINT('',(-3.020134732585,-8.843181718386));
#418 = CARTESIAN_POINT('',(-2.985851569316,-8.814303230203));
#419 = CARTESIAN_POINT('',(-2.966014927867,-8.794814803343));
#420 = CARTESIAN_POINT('',(-2.946117375227,-8.772467022768));
#421 = CARTESIAN_POINT('',(-2.926148090047,-8.747212183363));
#422 = CARTESIAN_POINT('',(-2.906095098192,-8.718991011692));
#423 = CARTESIAN_POINT('',(-2.88594581293,-8.687732062389));
#424 = CARTESIAN_POINT('',(-2.865687575113,-8.653351114565));
#425 = CARTESIAN_POINT('',(-2.82085531156,-8.570634296879));
#426 = CARTESIAN_POINT('',(-2.79621792603,-8.520864074589));
#427 = CARTESIAN_POINT('',(-2.771384660035,-8.46628540491));
#428 = CARTESIAN_POINT('',(-2.746328831095,-8.406693926501));
#429 = CARTESIAN_POINT('',(-2.721016231311,-8.341831584068));
#430 = CARTESIAN_POINT('',(-2.695410413587,-8.271384015022));
#431 = CARTESIAN_POINT('',(-2.669475483735,-8.194979151844));
#432 = CARTESIAN_POINT('',(-2.60517555715,-7.992556647355));
#433 = CARTESIAN_POINT('',(-2.570317373659,-7.871877796383));
#434 = CARTESIAN_POINT('',(-2.537768106168,-7.750481096453));
#435 = CARTESIAN_POINT('',(-2.507147465976,-7.628547494939));
#436 = CARTESIAN_POINT('',(-2.478138587339,-7.506214534954));
#437 = CARTESIAN_POINT('',(-2.450539913592,-7.383557671828));
#438 = CARTESIAN_POINT('',(-2.424176607302,-7.260618664417));
#439 = CARTESIAN_POINT('',(-2.373513728376,-7.013511046778));
#440 = CARTESIAN_POINT('',(-2.349226732015,-6.889380463493));
#441 = CARTESIAN_POINT('',(-2.325936225159,-6.765043199765));
#442 = CARTESIAN_POINT('',(-2.30354274161,-6.640529858733));
#443 = CARTESIAN_POINT('',(-2.281963696442,-6.515865142986));
#444 = CARTESIAN_POINT('',(-2.261133386003,-6.391067854557));
#445 = CARTESIAN_POINT('',(-2.241002987909,-6.266150894927));
#446 = CARTESIAN_POINT('',(-2.164144745894,-5.772401702018));
#447 = CARTESIAN_POINT('',(-2.112516253351,-5.402758300671));
#448 = CARTESIAN_POINT('',(-2.065574037902,-5.032428640548));
#449 = CARTESIAN_POINT('',(-2.022875201943,-4.661561077939));
#450 = CARTESIAN_POINT('',(-1.984105961544,-4.290267226809));
#451 = CARTESIAN_POINT('',(-1.949125891741,-3.91861496284));
#452 = CARTESIAN_POINT('',(-1.917848370228,-3.546642962227));
#453 = CARTESIAN_POINT('',(-1.860876434741,-2.778293068981));
#454 = CARTESIAN_POINT('',(-1.835668984554,-2.381915793483));
#455 = CARTESIAN_POINT('',(-1.814586165741,-1.985279131162));
#456 = CARTESIAN_POINT('',(-1.797652584515,-1.588434437345));
#457 = CARTESIAN_POINT('',(-1.784913295261,-1.191432617232));
#458 = CARTESIAN_POINT('',(-1.77640730405,-0.79432487524));
#459 = CARTESIAN_POINT('',(-1.772154247585,-0.397163116429));
#460 = CARTESIAN_POINT('',(-1.772154247585,0.));
#461 = ( GEOMETRIC_REPRESENTATION_CONTEXT(2) 
PARAMETRIC_REPRESENTATION_CONTEXT() REPRESENTATION_CONTEXT('2D SPACE',''
  ) );
#462 = ORIENTED_EDGE('',*,*,#463,.T.);
#463 = EDGE_CURVE('',#292,#464,#466,.T.);
#464 = VERTEX_POINT('',#465);
#465 = CARTESIAN_POINT('',(38.,-9.30731567352E-15,5.449489742783));
#466 = SURFACE_CURVE('',#467,(#505,#546),.PCURVE_S1.);
#467 = B_SPLINE_CURVE_WITH_KNOTS('',8,(#468,#469,#470,#471,#472,#473,
    #474,#475,#476,#477,#478,#479,#480,#481,#482,#483,#484,#485,#486,
    #487,#488,#489,#490,#491,#492,#493,#494,#495,#496,#497,#498,#499,
    #500,#501,#502,#503,#504),.UNSPECIFIED.,.F.,.F.,(9,7,7,7,7,9),(0.,
    0.370477091988,0.475537069156,0.561327212803,0.713561508421,1.),
  .UNSPECIFIED.);
#468 = CARTESIAN_POINT('',(39.95,-1.999374902313,3.));
#469 = CARTESIAN_POINT('',(39.95,-1.999374902313,3.181797671351));
#470 = CARTESIAN_POINT('',(39.93489129955,-1.998996958774,3.363422394098
    ));
#471 = CARTESIAN_POINT('',(39.904723801687,-1.998243124095,
    3.544152108465));
#472 = CARTESIAN_POINT('',(39.859406005939,-1.996468530662,
    3.723078486603));
#473 = CARTESIAN_POINT('',(39.798839113186,-1.992407839852,
    3.899119007304));
#474 = CARTESIAN_POINT('',(39.722983809152,-1.984080553148,
    4.071016615178));
#475 = CARTESIAN_POINT('',(39.63190885428,-1.968862272492,4.237339882252
    ));
#476 = CARTESIAN_POINT('',(39.495822321063,-1.935655605332,
    4.441592177584));
#477 = CARTESIAN_POINT('',(39.464569464539,-1.927466125223,
    4.486116835606));
#478 = CARTESIAN_POINT('',(39.432143003723,-1.918340721045,
    4.529996880295));
#479 = CARTESIAN_POINT('',(39.398562372219,-1.908190773488,
    4.573182687959));
#480 = CARTESIAN_POINT('',(39.363854153915,-1.896922529642,
    4.615619852302));
#481 = CARTESIAN_POINT('',(39.328053576452,-1.884437825628,
    4.657250030132));
#482 = CARTESIAN_POINT('',(39.2912060047,-1.870634809232,4.698011787068)
  );
#483 = CARTESIAN_POINT('',(39.222470934597,-1.842975256891,
    4.770365645321));
#484 = CARTESIAN_POINT('',(39.190914173504,-1.829593218599,
    4.802267437013));
#485 = CARTESIAN_POINT('',(39.158730094992,-1.815206344381,
    4.833511459951));
#486 = CARTESIAN_POINT('',(39.125957032155,-1.799757477647,
    4.864060432531));
#487 = CARTESIAN_POINT('',(39.092640313402,-1.783189805112,
    4.893876001896));
#488 = CARTESIAN_POINT('',(39.058832868722,-1.765448153406,
    4.922919595908));
#489 = CARTESIAN_POINT('',(39.024595835942,-1.746480285701,4.95115327512
    ));
#490 = CARTESIAN_POINT('',(38.928607504691,-1.69031868841,5.027139265351
    ));
#491 = CARTESIAN_POINT('',(38.866052088211,-1.650368923175,
    5.073097414716));
#492 = CARTESIAN_POINT('',(38.802761509729,-1.606138436243,
    5.116176432271));
#493 = CARTESIAN_POINT('',(38.739228238821,-1.557421789871,
    5.156181349899));
#494 = CARTESIAN_POINT('',(38.676007654804,-1.504081043849,
    5.192976934731));
#495 = CARTESIAN_POINT('',(38.61370727191,-1.446072066541,5.226497875883
    ));
#496 = CARTESIAN_POINT('',(38.552966157329,-1.383474688081,
    5.256753055123));
#497 = CARTESIAN_POINT('',(38.384274776574,-1.190559797975,
    5.334759417453));
#498 = CARTESIAN_POINT('',(38.281966946122,-1.049254407458,
    5.374394441308));
#499 = CARTESIAN_POINT('',(38.191564071696,-0.89400787401,5.403376071612
    ));
#500 = CARTESIAN_POINT('',(38.116276259477,-0.727025334137,
    5.423522424227));
#501 = CARTESIAN_POINT('',(38.058405782866,-0.551042855797,
    5.436941955082));
#502 = CARTESIAN_POINT('',(38.019416888258,-0.369092181553,
    5.445316967142));
#503 = CARTESIAN_POINT('',(38.,-0.18433566558,5.449489742783));
#504 = CARTESIAN_POINT('',(38.,0.,5.449489742783));
#505 = PCURVE('',#67,#506);
#506 = DEFINITIONAL_REPRESENTATION('',(#507),#545);
#507 = B_SPLINE_CURVE_WITH_KNOTS('',8,(#508,#509,#510,#511,#512,#513,
    #514,#515,#516,#517,#518,#519,#520,#521,#522,#523,#524,#525,#526,
    #527,#528,#529,#530,#531,#532,#533,#534,#535,#536,#537,#538,#539,
    #540,#541,#542,#543,#544),.UNSPECIFIED.,.F.,.F.,(9,7,7,7,7,9),(0.,
    0.370477091988,0.475537069156,0.561327212803,0.713561508421,1.),
  .UNSPECIFIED.);
#508 = CARTESIAN_POINT('',(6.233180097381,0.));
#509 = CARTESIAN_POINT('',(6.233180097381,7.271906854048E-02));
#510 = CARTESIAN_POINT('',(6.233170654496,0.145368955764));
#511 = CARTESIAN_POINT('',(6.233151777478,0.218246816806));
#512 = CARTESIAN_POINT('',(6.233139422129,0.291570614796));
#513 = CARTESIAN_POINT('',(6.233164959883,0.365524117195));
#514 = CARTESIAN_POINT('',(6.233278122257,0.440265118982));
#515 = CARTESIAN_POINT('',(6.233545993027,0.51594205349));
#516 = CARTESIAN_POINT('',(6.234215252562,0.614442629054));
#517 = CARTESIAN_POINT('',(6.234383430811,0.63627915185));
#518 = CARTESIAN_POINT('',(6.234574114677,0.658189292149));
#519 = CARTESIAN_POINT('',(6.234789663499,0.680169305804));
#520 = CARTESIAN_POINT('',(6.235032595534,0.702212672376));
#521 = CARTESIAN_POINT('',(6.235305573815,0.724309801293));
#522 = CARTESIAN_POINT('',(6.235611391999,0.746447738015));
#523 = CARTESIAN_POINT('',(6.236231878883,0.78670708052));
#524 = CARTESIAN_POINT('',(6.236534628974,0.804819918968));
#525 = CARTESIAN_POINT('',(6.236862772852,0.82293878249));
#526 = CARTESIAN_POINT('',(6.237217917624,0.841051835747));
#527 = CARTESIAN_POINT('',(6.237601681511,0.859144855185));
#528 = CARTESIAN_POINT('',(6.238015660203,0.877201073108));
#529 = CARTESIAN_POINT('',(6.238461393219,0.89520102176));
#530 = CARTESIAN_POINT('',(6.239790202303,0.944923757301));
#531 = CARTESIAN_POINT('',(6.240745052079,0.976493856998));
#532 = CARTESIAN_POINT('',(6.241812565476,1.007686594725));
#533 = CARTESIAN_POINT('',(6.24299941526,1.038342465535));
#534 = CARTESIAN_POINT('',(6.244310616394,1.068285739378));
#535 = CARTESIAN_POINT('',(6.245748742378,1.097325150674));
#536 = CARTESIAN_POINT('',(6.247313002624,1.125258079397));
#537 = CARTESIAN_POINT('',(6.252168950673,1.201965714998));
#538 = CARTESIAN_POINT('',(6.25576620092,1.247380406511));
#539 = CARTESIAN_POINT('',(6.259759823032,1.286844238162));
#540 = CARTESIAN_POINT('',(6.264094313199,1.31941412216));
#541 = CARTESIAN_POINT('',(6.268694435816,1.344340626809));
#542 = CARTESIAN_POINT('',(6.273472357572,1.361093887259));
#543 = CARTESIAN_POINT('',(6.278334368612,1.369438406005));
#544 = CARTESIAN_POINT('',(6.28318530718,1.369438406005));
#545 = ( GEOMETRIC_REPRESENTATION_CONTEXT(2) 
PARAMETRIC_REPRESENTATION_CONTEXT() REPRESENTATION_CONTEXT('2D SPACE',''
  ) );
#546 = PCURVE('',#547,#552);
#547 = CYLINDRICAL_SURFACE('',#548,2.);
#548 = AXIS2_PLACEMENT_3D('',#549,#550,#551);
#549 = CARTESIAN_POINT('',(40.,0.,3.));
#550 = DIRECTION('',(-0.,-0.,-1.));
#551 = DIRECTION('',(1.,0.,0.));
#552 = DEFINITIONAL_REPRESENTATION('',(#553),#591);
#553 = B_SPLINE_CURVE_WITH_KNOTS('',8,(#554,#555,#556,#557,#558,#559,
    #560,#561,#562,#563,#564,#565,#566,#567,#568,#569,#570,#571,#572,
    #573,#574,#575,#576,#577,#578,#579,#580,#581,#582,#583,#584,#585,
    #586,#587,#588,#589,#590),.UNSPECIFIED.,.F.,.F.,(9,7,7,7,7,9),(0.,
    0.370477091988,0.475537069156,0.561327212803,0.713561508421,1.),
  .UNSPECIFIED.);
#554 = CARTESIAN_POINT('',(-4.687386375485,0.));
#555 = CARTESIAN_POINT('',(-4.687386375485,-0.181797671351));
#556 = CARTESIAN_POINT('',(-4.679829567752,-0.363422394098));
#557 = CARTESIAN_POINT('',(-4.664741643941,-0.544152108464));
#558 = CARTESIAN_POINT('',(-4.642066154181,-0.723078486603));
#559 = CARTESIAN_POINT('',(-4.611744215827,-0.899119007304));
#560 = CARTESIAN_POINT('',(-4.573663785428,-1.071016615178));
#561 = CARTESIAN_POINT('',(-4.527620405119,-1.237339882252));
#562 = CARTESIAN_POINT('',(-4.457580724818,-1.441592177584));
#563 = CARTESIAN_POINT('',(-4.441429042252,-1.486116835606));
#564 = CARTESIAN_POINT('',(-4.424590676083,-1.529996880295));
#565 = CARTESIAN_POINT('',(-4.407056874122,-1.573182687959));
#566 = CARTESIAN_POINT('',(-4.388819190881,-1.615619852302));
#567 = CARTESIAN_POINT('',(-4.369869741806,-1.657250030132));
#568 = CARTESIAN_POINT('',(-4.350201457525,-1.698011787068));
#569 = CARTESIAN_POINT('',(-4.313155672684,-1.770365645321));
#570 = CARTESIAN_POINT('',(-4.296020126377,-1.802267437013));
#571 = CARTESIAN_POINT('',(-4.278399022641,-1.833511459951));
#572 = CARTESIAN_POINT('',(-4.260290703023,-1.864060432531));
#573 = CARTESIAN_POINT('',(-4.241694862912,-1.893876001896));
#574 = CARTESIAN_POINT('',(-4.22261288732,-1.922919595908));
#575 = CARTESIAN_POINT('',(-4.203048186655,-1.95115327512));
#576 = CARTESIAN_POINT('',(-4.147442690644,-2.027139265351));
#577 = CARTESIAN_POINT('',(-4.110359085815,-2.073097414716));
#578 = CARTESIAN_POINT('',(-4.071808411193,-2.116176432271));
#579 = CARTESIAN_POINT('',(-4.031858974398,-2.156181349899));
#580 = CARTESIAN_POINT('',(-3.990595338217,-2.192976934731));
#581 = CARTESIAN_POINT('',(-3.948121817593,-2.226497875883));
#582 = CARTESIAN_POINT('',(-3.904568832903,-2.256753055123));
#583 = CARTESIAN_POINT('',(-3.776435175376,-2.334759417453));
#584 = CARTESIAN_POINT('',(-3.689575657361,-2.374394441308));
#585 = CARTESIAN_POINT('',(-3.600496234891,-2.403376071612));
#586 = CARTESIAN_POINT('',(-3.509899105149,-2.423522424227));
#587 = CARTESIAN_POINT('',(-3.418308367171,-2.436941955082));
#588 = CARTESIAN_POINT('',(-3.326138302494,-2.445316967142));
#589 = CARTESIAN_POINT('',(-3.23376048638,-2.449489742783));
#590 = CARTESIAN_POINT('',(-3.14159265359,-2.449489742783));
#591 = ( GEOMETRIC_REPRESENTATION_CONTEXT(2) 
PARAMETRIC_REPRESENTATION_CONTEXT() REPRESENTATION_CONTEXT('2D SPACE',''
  ) );
#592 = ORIENTED_EDGE('',*,*,#593,.T.);
#593 = EDGE_CURVE('',#464,#594,#596,.T.);
#594 = VERTEX_POINT('',#595);
#595 = CARTESIAN_POINT('',(39.8,-4.874094260606E-15,2.020204102887));
#596 = SEAM_CURVE('',#597,(#602,#609),.PCURVE_S1.);
#597 = CIRCLE('',#598,2.5);
#598 = AXIS2_PLACEMENT_3D('',#599,#600,#601);
#599 = CARTESIAN_POINT('',(37.5,-9.184850993605E-15,3.));
#600 = DIRECTION('',(-2.449293598295E-16,-1.,0.));
#601 = DIRECTION('',(1.,-2.449293598295E-16,0.));
#602 = PCURVE('',#67,#603);
#603 = DEFINITIONAL_REPRESENTATION('',(#604),#608);
#604 = LINE('',#605,#606);
#605 = CARTESIAN_POINT('',(0.,-0.));
#606 = VECTOR('',#607,1.);
#607 = DIRECTION('',(0.,1.));
#608 = ( GEOMETRIC_REPRESENTATION_CONTEXT(2) 
PARAMETRIC_REPRESENTATION_CONTEXT() REPRESENTATION_CONTEXT('2D SPACE',''
  ) );
#609 = PCURVE('',#67,#610);
#610 = DEFINITIONAL_REPRESENTATION('',(#611),#615);
#611 = LINE('',#612,#613);
#612 = CARTESIAN_POINT('',(6.28318530718,-0.));
#613 = VECTOR('',#614,1.);
#614 = DIRECTION('',(0.,1.));
#615 = ( GEOMETRIC_REPRESENTATION_CONTEXT(2) 
PARAMETRIC_REPRESENTATION_CONTEXT() REPRESENTATION_CONTEXT('2D SPACE',''
  ) );
#616 = ORIENTED_EDGE('',*,*,#617,.T.);
#617 = EDGE_CURVE('',#594,#264,#618,.T.);
#618 = SURFACE_CURVE('',#619,(#671,#726),.PCURVE_S1.);
#619 = B_SPLINE_CURVE_WITH_KNOTS('',8,(#620,#621,#622,#623,#624,#625,
    #626,#627,#628,#629,#630,#631,#632,#633,#634,#635,#636,#637,#638,
    #639,#640,#641,#642,#643,#644,#645,#646,#647,#648,#649,#650,#651,
    #652,#653,#654,#655,#656,#657,#658,#659,#660,#661,#662,#663,#664,
    #665,#666,#667,#668,#669,#670),.UNSPECIFIED.,.F.,.F.,(9,7,7,7,7,7,7,
    9),(0.,0.396601899864,0.571512874443,0.686954378787,0.805606481731,
    0.904486551708,0.955151736781,1.),.UNSPECIFIED.);
#620 = CARTESIAN_POINT('',(39.8,0.,2.020204102887));
#621 = CARTESIAN_POINT('',(39.8,-0.517119843448,2.020204102887));
#622 = CARTESIAN_POINT('',(39.792935509797,-1.034225407537,
    2.021645632333));
#623 = CARTESIAN_POINT('',(39.77880739863,-1.55121053008,2.024531601436)
  );
#624 = CARTESIAN_POINT('',(39.757728427475,-2.067968041854,
    2.029127846802));
#625 = CARTESIAN_POINT('',(39.729925797553,-2.584387385708,
    2.035994506085));
#626 = CARTESIAN_POINT('',(39.695714252748,-3.100353382878,
    2.045918785672));
#627 = CARTESIAN_POINT('',(39.655458626299,-3.615742191665,
    2.059905042826));
#628 = CARTESIAN_POINT('',(39.589295586315,-4.357391604983,
    2.087966191779));
#629 = CARTESIAN_POINT('',(39.56794640392,-4.584225136243,2.097632475345
    ));
#630 = CARTESIAN_POINT('',(39.545530339633,-4.810903304516,
    2.108479350927));
#631 = CARTESIAN_POINT('',(39.52208149873,-5.037410655161,2.120642403628
    ));
#632 = CARTESIAN_POINT('',(39.497634927055,-5.26372407179,2.134290407116
    ));
#633 = CARTESIAN_POINT('',(39.472226611021,-5.489812776262,2.14962532362
    ));
#634 = CARTESIAN_POINT('',(39.445893477612,-5.715638328691,
    2.166882303932));
#635 = CARTESIAN_POINT('',(39.400708098806,-6.089995721281,
    2.199164989533));
#636 = CARTESIAN_POINT('',(39.382357127299,-6.238695790992,
    2.212958528973));
#637 = CARTESIAN_POINT('',(39.363631170543,-6.38724338348,2.22780333348)
  );
#638 = CARTESIAN_POINT('',(39.344541469652,-6.535621163936,
    2.243797188713));
#639 = CARTESIAN_POINT('',(39.325100263402,-6.683803799844,
    2.261056010078));
#640 = CARTESIAN_POINT('',(39.305321235453,-6.831755845001,
    2.279727214561));
#641 = CARTESIAN_POINT('',(39.285219961588,-6.979429623531,
    2.300003092571));
#642 = CARTESIAN_POINT('',(39.243841242303,-7.278194166077,
    2.344880765171));
#643 = CARTESIAN_POINT('',(39.224278987245,-7.416758527846,
    2.367711045681));
#644 = CARTESIAN_POINT('',(39.206013853232,-7.544122331828,
    2.390585346912));
#645 = CARTESIAN_POINT('',(39.188929767124,-7.661679531188,
    2.413496211565));
#646 = CARTESIAN_POINT('',(39.172923273546,-7.770555443457,
    2.436458238642));
#647 = CARTESIAN_POINT('',(39.157913896066,-7.871611736344,
    2.459490196973));
#648 = CARTESIAN_POINT('',(39.143849907188,-7.965452855545,
    2.482589413038));
#649 = CARTESIAN_POINT('',(39.119758806377,-8.124920525716,
    2.524956595948));
#650 = CARTESIAN_POINT('',(39.108799370279,-8.196946956038,
    2.545365915823));
#651 = CARTESIAN_POINT('',(39.09782506782,-8.268569221252,2.567109373055
    ));
#652 = CARTESIAN_POINT('',(39.086847634112,-8.33972392904,2.590437415125
    ));
#653 = CARTESIAN_POINT('',(39.07588656833,-8.410296744387,2.615581165284
    ));
#654 = CARTESIAN_POINT('',(39.064995589062,-8.479962806221,
    2.643020299579));
#655 = CARTESIAN_POINT('',(39.054235167526,-8.548361711289,
    2.673177597642));
#656 = CARTESIAN_POINT('',(39.038380492055,-8.648560675773,
    2.724999948318));
#657 = CARTESIAN_POINT('',(39.033406800355,-8.679889989831,
    2.742573852614));
#658 = CARTESIAN_POINT('',(39.028823830766,-8.708674608416,
    2.760162156387));
#659 = CARTESIAN_POINT('',(39.024625276204,-8.734978319665,
    2.777763448798));
#660 = CARTESIAN_POINT('',(39.020805612447,-8.758856174158,
    2.795376801211));
#661 = CARTESIAN_POINT('',(39.017360117068,-8.780354858129,2.81300130884
    ));
#662 = CARTESIAN_POINT('',(39.014284888379,-8.799513066679,
    2.830635632402));
#663 = CARTESIAN_POINT('',(39.009179751363,-8.831276258091,
    2.863893961656));
#664 = CARTESIAN_POINT('',(39.00692913373,-8.845259797834,2.880432176772
    ));
#665 = CARTESIAN_POINT('',(39.004865925281,-8.858062153142,
    2.898014636302));
#666 = CARTESIAN_POINT('',(39.00305132357,-8.869308161398,2.916690244157
    ));
#667 = CARTESIAN_POINT('',(39.001572213608,-8.878465815489,
    2.936439156377));
#668 = CARTESIAN_POINT('',(39.000528161785,-8.884926061252,
    2.957141978789));
#669 = CARTESIAN_POINT('',(39.,-8.888194417316,2.978513362894));
#670 = CARTESIAN_POINT('',(39.,-8.888194417316,3.));
#671 = PCURVE('',#67,#672);
#672 = DEFINITIONAL_REPRESENTATION('',(#673),#725);
#673 = B_SPLINE_CURVE_WITH_KNOTS('',8,(#674,#675,#676,#677,#678,#679,
    #680,#681,#682,#683,#684,#685,#686,#687,#688,#689,#690,#691,#692,
    #693,#694,#695,#696,#697,#698,#699,#700,#701,#702,#703,#704,#705,
    #706,#707,#708,#709,#710,#711,#712,#713,#714,#715,#716,#717,#718,
    #719,#720,#721,#722,#723,#724),.UNSPECIFIED.,.F.,.F.,(9,7,7,7,7,7,7,
    9),(0.,0.396601899864,0.571512874443,0.686954378787,0.805606481731,
    0.904486551708,0.955151736781,1.),.UNSPECIFIED.);
#674 = CARTESIAN_POINT('',(6.28318530718,5.880469465599));
#675 = CARTESIAN_POINT('',(6.270192346289,5.880469465599));
#676 = CARTESIAN_POINT('',(6.257199743663,5.881096234033));
#677 = CARTESIAN_POINT('',(6.244207629664,5.882350935585));
#678 = CARTESIAN_POINT('',(6.231216148798,5.884348480874));
#679 = CARTESIAN_POINT('',(6.218225915176,5.887330137523));
#680 = CARTESIAN_POINT('',(6.205238364255,5.891633521242));
#681 = CARTESIAN_POINT('',(6.192256016665,5.897682631756));
#682 = CARTESIAN_POINT('',(6.173561112037,5.909755483209));
#683 = CARTESIAN_POINT('',(6.16784149062,5.9139075336));
#684 = CARTESIAN_POINT('',(6.162124021512,5.918559217478));
#685 = CARTESIAN_POINT('',(6.156409141313,5.923765574508));
#686 = CARTESIAN_POINT('',(6.150697507372,5.929594216158));
#687 = CARTESIAN_POINT('',(6.144989997786,5.9361253257));
#688 = CARTESIAN_POINT('',(6.139287711402,5.943451658207));
#689 = CARTESIAN_POINT('',(6.12983276855,5.95710829519));
#690 = CARTESIAN_POINT('',(6.126076577885,5.962931869959));
#691 = CARTESIAN_POINT('',(6.122323728418,5.969185758153));
#692 = CARTESIAN_POINT('',(6.118574705596,5.975908151713));
#693 = CARTESIAN_POINT('',(6.114830200776,5.983144217316));
#694 = CARTESIAN_POINT('',(6.111091164267,5.990951372469));
#695 = CARTESIAN_POINT('',(6.107358858389,5.999404561591));
#696 = CARTESIAN_POINT('',(6.099807394154,6.01805428394));
#697 = CARTESIAN_POINT('',(6.096304835136,6.027513050356));
#698 = CARTESIAN_POINT('',(6.093085258527,6.036962564113));
#699 = CARTESIAN_POINT('',(6.090113506109,6.04640122834));
#700 = CARTESIAN_POINT('',(6.087361175118,6.055836460903));
#701 = CARTESIAN_POINT('',(6.084806510493,6.065277182052));
#702 = CARTESIAN_POINT('',(6.082434250644,6.074723445362));
#703 = CARTESIAN_POINT('',(6.078403011978,6.092011614442));
#704 = CARTESIAN_POINT('',(6.076582243181,6.100325509995));
#705 = CARTESIAN_POINT('',(6.074771711461,6.109167475682));
#706 = CARTESIAN_POINT('',(6.072973026618,6.118636722174));
#707 = CARTESIAN_POINT('',(6.07118908626,6.128824431636));
#708 = CARTESIAN_POINT('',(6.069428108455,6.13992075252));
#709 = CARTESIAN_POINT('',(6.067699208472,6.152092771624));
#710 = CARTESIAN_POINT('',(6.065166580407,6.172965121243));
#711 = CARTESIAN_POINT('',(6.064374714078,6.180036581181));
#712 = CARTESIAN_POINT('',(6.063647177853,6.187107646709));
#713 = CARTESIAN_POINT('',(6.062982356755,6.194178289759));
#714 = CARTESIAN_POINT('',(6.062378856766,6.201248676554));
#715 = CARTESIAN_POINT('',(6.061835495469,6.208318983353));
#716 = CARTESIAN_POINT('',(6.061351292677,6.215389212214));
#717 = CARTESIAN_POINT('',(6.060548519647,6.228717110902));
#718 = CARTESIAN_POINT('',(6.060195107277,6.235341882275));
#719 = CARTESIAN_POINT('',(6.059871550427,6.242382248364));
#720 = CARTESIAN_POINT('',(6.059587329946,6.249857582979));
#721 = CARTESIAN_POINT('',(6.059355890134,6.257759980632));
#722 = CARTESIAN_POINT('',(6.059192622168,6.266042110841));
#723 = CARTESIAN_POINT('',(6.059110021878,6.274590652337));
#724 = CARTESIAN_POINT('',(6.059110021878,6.28318530718));
#725 = ( GEOMETRIC_REPRESENTATION_CONTEXT(2) 
PARAMETRIC_REPRESENTATION_CONTEXT() REPRESENTATION_CONTEXT('2D SPACE',''
  ) );
#726 = PCURVE('',#727,#732);
#727 = CYLINDRICAL_SURFACE('',#728,1.);
#728 = AXIS2_PLACEMENT_3D('',#729,#730,#731);
#729 = CARTESIAN_POINT('',(40.,0.,3.));
#730 = DIRECTION('',(-0.,1.,-0.));
#731 = DIRECTION('',(1.,0.,0.));
#732 = DEFINITIONAL_REPRESENTATION('',(#733),#785);
#733 = B_SPLINE_CURVE_WITH_KNOTS('',8,(#734,#735,#736,#737,#738,#739,
    #740,#741,#742,#743,#744,#745,#746,#747,#748,#749,#750,#751,#752,
    #753,#754,#755,#756,#757,#758,#759,#760,#761,#762,#763,#764,#765,
    #766,#767,#768,#769,#770,#771,#772,#773,#774,#775,#776,#777,#778,
    #779,#780,#781,#782,#783,#784),.UNSPECIFIED.,.F.,.F.,(9,7,7,7,7,7,7,
    9),(0.,0.396601899864,0.571512874443,0.686954378787,0.805606481731,
    0.904486551708,0.955151736781,1.),.UNSPECIFIED.);
#734 = CARTESIAN_POINT('',(-4.511031059594,0.));
#735 = CARTESIAN_POINT('',(-4.511031059594,-0.517119843448));
#736 = CARTESIAN_POINT('',(-4.503821356567,-1.034225407537));
#737 = CARTESIAN_POINT('',(-4.489400092748,-1.55121053008));
#738 = CARTESIAN_POINT('',(-4.467829800332,-2.067968041854));
#739 = CARTESIAN_POINT('',(-4.439215063269,-2.584387385708));
#740 = CARTESIAN_POINT('',(-4.403657290438,-3.100353382878));
#741 = CARTESIAN_POINT('',(-4.361135611466,-3.615742191665));
#742 = CARTESIAN_POINT('',(-4.289267844418,-4.357391604983));
#743 = CARTESIAN_POINT('',(-4.265832548979,-4.584225136243));
#744 = CARTESIAN_POINT('',(-4.240943340451,-4.810903304516));
#745 = CARTESIAN_POINT('',(-4.214555410938,-5.037410655161));
#746 = CARTESIAN_POINT('',(-4.186592824409,-5.26372407179));
#747 = CARTESIAN_POINT('',(-4.156948516706,-5.489812776262));
#748 = CARTESIAN_POINT('',(-4.125484295536,-5.715638328691));
#749 = CARTESIAN_POINT('',(-4.069951510198,-6.089995721281));
#750 = CARTESIAN_POINT('',(-4.047002115498,-6.238695790992));
#751 = CARTESIAN_POINT('',(-4.023118513998,-6.38724338348));
#752 = CARTESIAN_POINT('',(-3.998232532756,-6.535621163936));
#753 = CARTESIAN_POINT('',(-3.972259257449,-6.683803799844));
#754 = CARTESIAN_POINT('',(-3.945084321555,-6.831755845001));
#755 = CARTESIAN_POINT('',(-3.916551195538,-6.979429623531));
#756 = CARTESIAN_POINT('',(-3.85550855546,-7.278194166077));
#757 = CARTESIAN_POINT('',(-3.825463554909,-7.416758527846));
#758 = CARTESIAN_POINT('',(-3.796220054512,-7.544122331828));
#759 = CARTESIAN_POINT('',(-3.767671283646,-7.661679531188));
#760 = CARTESIAN_POINT('',(-3.739708760926,-7.770555443457));
#761 = CARTESIAN_POINT('',(-3.712239334319,-7.871611736344));
#762 = CARTESIAN_POINT('',(-3.685207621383,-7.965452855545));
#763 = CARTESIAN_POINT('',(-3.636469963192,-8.124920525716));
#764 = CARTESIAN_POINT('',(-3.613310915743,-8.196946956038));
#765 = CARTESIAN_POINT('',(-3.588969194259,-8.268569221252));
#766 = CARTESIAN_POINT('',(-3.563205913988,-8.33972392904));
#767 = CARTESIAN_POINT('',(-3.53580587316,-8.410296744387));
#768 = CARTESIAN_POINT('',(-3.506311557003,-8.479962806221));
#769 = CARTESIAN_POINT('',(-3.474325568498,-8.548361711289));
#770 = CARTESIAN_POINT('',(-3.420132148565,-8.648560675773));
#771 = CARTESIAN_POINT('',(-3.401872043208,-8.679889989831));
#772 = CARTESIAN_POINT('',(-3.383703054957,-8.708674608416));
#773 = CARTESIAN_POINT('',(-3.365615681087,-8.734978319665));
#774 = CARTESIAN_POINT('',(-3.347600516761,-8.758856174158));
#775 = CARTESIAN_POINT('',(-3.329648618253,-8.780354858129));
#776 = CARTESIAN_POINT('',(-3.311751866177,-8.799513066679));
#777 = CARTESIAN_POINT('',(-3.278104000141,-8.831276258091));
#778 = CARTESIAN_POINT('',(-3.261416013462,-8.845259797834));
#779 = CARTESIAN_POINT('',(-3.243717490752,-8.858062153142));
#780 = CARTESIAN_POINT('',(-3.224962118699,-8.869308161398));
#781 = CARTESIAN_POINT('',(-3.205168940434,-8.878465815489));
#782 = CARTESIAN_POINT('',(-3.184450493034,-8.884926061252));
#783 = CARTESIAN_POINT('',(-3.163079290696,-8.888194417316));
#784 = CARTESIAN_POINT('',(-3.14159265359,-8.888194417316));
#785 = ( GEOMETRIC_REPRESENTATION_CONTEXT(2) 
PARAMETRIC_REPRESENTATION_CONTEXT() REPRESENTATION_CONTEXT('2D SPACE',''
  ) );
#786 = ORIENTED_EDGE('',*,*,#263,.F.);
#787 = ORIENTED_EDGE('',*,*,#788,.T.);
#788 = EDGE_CURVE('',#92,#789,#791,.T.);
#789 = VERTEX_POINT('',#790);
#790 = CARTESIAN_POINT('',(-39.8,0.,2.020204102887));
#791 = SURFACE_CURVE('',#792,(#844,#899),.PCURVE_S1.);
#792 = B_SPLINE_CURVE_WITH_KNOTS('',8,(#793,#794,#795,#796,#797,#798,
    #799,#800,#801,#802,#803,#804,#805,#806,#807,#808,#809,#810,#811,
    #812,#813,#814,#815,#816,#817,#818,#819,#820,#821,#822,#823,#824,
    #825,#826,#827,#828,#829,#830,#831,#832,#833,#834,#835,#836,#837,
    #838,#839,#840,#841,#842,#843),.UNSPECIFIED.,.F.,.F.,(9,7,7,7,7,7,7,
    9),(0.,4.305682244912E-02,0.101813564509,0.172314803799,
    0.274185510776,0.37660780065,0.678657018848,1.),.UNSPECIFIED.);
#793 = CARTESIAN_POINT('',(-39.,-8.888194417316,3.));
#794 = CARTESIAN_POINT('',(-39.,-8.888194417316,2.981253480735));
#795 = CARTESIAN_POINT('',(-39.00040382931,-8.885695655802,
    2.962559874893));
#796 = CARTESIAN_POINT('',(-39.00120047528,-8.880765975282,
    2.944298353927));
#797 = CARTESIAN_POINT('',(-39.00234650117,-8.873671391627,
    2.926708145695));
#798 = CARTESIAN_POINT('',(-39.00378045677,-8.864788033951,
    2.909915592566));
#799 = CARTESIAN_POINT('',(-39.005437289,-8.854514084472,2.893961209527)
  );
#800 = CARTESIAN_POINT('',(-39.00726275256,-8.843181718386,
    2.878826742293));
#801 = CARTESIAN_POINT('',(-39.01190941621,-8.814303230203,
    2.844859937901));
#802 = CARTESIAN_POINT('',(-39.01504130277,-8.794814803344,
    2.825266981048));
#803 = CARTESIAN_POINT('',(-39.0186270497,-8.772467022769,2.805686555679
    ));
#804 = CARTESIAN_POINT('',(-39.02267144018,-8.747212183364,
    2.786120550621));
#805 = CARTESIAN_POINT('',(-39.02718044447,-8.718991011693,2.76657023602
    ));
#806 = CARTESIAN_POINT('',(-39.03216119332,-8.687732062391,2.74703695665
    ));
#807 = CARTESIAN_POINT('',(-39.03762195139,-8.653351114567,
    2.727522825236));
#808 = CARTESIAN_POINT('',(-39.05071156391,-8.570634296881,
    2.684643997135));
#809 = CARTESIAN_POINT('',(-39.05855853709,-8.520864074591,
    2.661279635932));
#810 = CARTESIAN_POINT('',(-39.06712688939,-8.466285404912,
    2.637954025931));
#811 = CARTESIAN_POINT('',(-39.07643614697,-8.406693926503,
    2.614669895211));
#812 = CARTESIAN_POINT('',(-39.08651160226,-8.34183158407,2.591425765115
    ));
#813 = CARTESIAN_POINT('',(-39.0973837966,-8.271384015024,2.568222048489
    ));
#814 = CARTESIAN_POINT('',(-39.10908736618,-8.194979151847,
    2.545064487206));
#815 = CARTESIAN_POINT('',(-39.13982498616,-7.992556647358,
    2.488587241547));
#816 = CARTESIAN_POINT('',(-39.15793782722,-7.871877796386,
    2.458758764423));
#817 = CARTESIAN_POINT('',(-39.17593822986,-7.750481096457,
    2.431592637381));
#818 = CARTESIAN_POINT('',(-39.19379218432,-7.628547494942,
    2.406668420481));
#819 = CARTESIAN_POINT('',(-39.21147324101,-7.506214534959,
    2.383634527204));
#820 = CARTESIAN_POINT('',(-39.22896501162,-7.383557671832,
    2.362260451918));
#821 = CARTESIAN_POINT('',(-39.24625608246,-7.260618664422,
    2.342346346282));
#822 = CARTESIAN_POINT('',(-39.28051755928,-7.013511046784,
    2.305025058698));
#823 = CARTESIAN_POINT('',(-39.29747994262,-6.889380463499,
    2.287630160342));
#824 = CARTESIAN_POINT('',(-39.31421724533,-6.765043199771,
    2.271412172362));
#825 = CARTESIAN_POINT('',(-39.33071985563,-6.640529858739,
    2.256249927648));
#826 = CARTESIAN_POINT('',(-39.34697902323,-6.515865142992,
    2.242040310038));
#827 = CARTESIAN_POINT('',(-39.36298685932,-6.391067854564,
    2.228698254311));
#828 = CARTESIAN_POINT('',(-39.37873633656,-6.266150894934,
    2.216156746187));
#829 = CARTESIAN_POINT('',(-39.43988730388,-5.772401702026,
    2.169597659416));
#830 = CARTESIAN_POINT('',(-39.48324503513,-5.402758300681,
    2.141317527254));
#831 = CARTESIAN_POINT('',(-39.52412584475,-5.032428640555,
    2.117993958759));
#832 = CARTESIAN_POINT('',(-39.56237038013,-4.661561077954,
    2.098769942607));
#833 = CARTESIAN_POINT('',(-39.59782147006,-4.290267226816,2.08292208962
    ));
#834 = CARTESIAN_POINT('',(-39.63032851466,-3.918614962853,
    2.069909375476));
#835 = CARTESIAN_POINT('',(-39.65974993775,-3.546642962238,
    2.059259921799));
#836 = CARTESIAN_POINT('',(-39.71383961174,-2.7782929942,2.04136832507)
  );
#837 = CARTESIAN_POINT('',(-39.73808117604,-2.38191564379,2.03438740303)
  );
#838 = CARTESIAN_POINT('',(-39.75852685706,-1.985278906467,
    2.029187647743));
#839 = CARTESIAN_POINT('',(-39.77503701657,-1.588434137591,2.02540281391
    ));
#840 = CARTESIAN_POINT('',(-39.78749864475,-1.191432242388,2.02275528263
    ));
#841 = CARTESIAN_POINT('',(-39.79583297155,-0.794324425305,
    2.021055148626));
#842 = CARTESIAN_POINT('',(-39.8000000055,-0.397162591431,2.020204101762
    ));
#843 = CARTESIAN_POINT('',(-39.8,6.000000034589E-07,2.020204102887));
#844 = PCURVE('',#67,#845);
#845 = DEFINITIONAL_REPRESENTATION('',(#846),#898);
#846 = B_SPLINE_CURVE_WITH_KNOTS('',8,(#847,#848,#849,#850,#851,#852,
    #853,#854,#855,#856,#857,#858,#859,#860,#861,#862,#863,#864,#865,
    #866,#867,#868,#869,#870,#871,#872,#873,#874,#875,#876,#877,#878,
    #879,#880,#881,#882,#883,#884,#885,#886,#887,#888,#889,#890,#891,
    #892,#893,#894,#895,#896,#897),.UNSPECIFIED.,.F.,.F.,(9,7,7,7,7,7,7,
    9),(0.,4.305682244912E-02,0.101813564509,0.172314803799,
    0.274185510776,0.37660780065,0.678657018848,1.),.UNSPECIFIED.);
#847 = CARTESIAN_POINT('',(3.365667938892,6.28318530718));
#848 = CARTESIAN_POINT('',(3.365667938892,6.275686699474));
#849 = CARTESIAN_POINT('',(3.365604788399,6.268209287197));
#850 = CARTESIAN_POINT('',(3.365480201917,6.260903990426));
#851 = CARTESIAN_POINT('',(3.365300901882,6.25386598095));
#852 = CARTESIAN_POINT('',(3.365076393354,6.247145477655));
#853 = CARTESIAN_POINT('',(3.36481673871,6.240758541907));
#854 = CARTESIAN_POINT('',(3.364530332331,6.234697872948));
#855 = CARTESIAN_POINT('',(3.363800471868,6.221091139489));
#856 = CARTESIAN_POINT('',(3.363307926952,6.213238586705));
#857 = CARTESIAN_POINT('',(3.362743109675,6.20538649095));
#858 = CARTESIAN_POINT('',(3.362104811489,6.197534871868));
#859 = CARTESIAN_POINT('',(3.361391531039,6.189683501573));
#860 = CARTESIAN_POINT('',(3.360601459016,6.181832183498));
#861 = CARTESIAN_POINT('',(3.359732463015,6.173981031248));
#862 = CARTESIAN_POINT('',(3.357641714462,6.156711322247));
#863 = CARTESIAN_POINT('',(3.356383700201,6.147289259697));
#864 = CARTESIAN_POINT('',(3.35500411811,6.137869595013));
#865 = CARTESIAN_POINT('',(3.353497796622,6.128452177903));
#866 = CARTESIAN_POINT('',(3.351858207363,6.119035152209));
#867 = CARTESIAN_POINT('',(3.350077400013,6.109617403849));
#868 = CARTESIAN_POINT('',(3.348145968771,6.100199977067));
#869 = CARTESIAN_POINT('',(3.343028889789,6.077184403877));
#870 = CARTESIAN_POINT('',(3.339978177881,6.064987531933));
#871 = CARTESIAN_POINT('',(3.336909306643,6.05384546671));
#872 = CARTESIAN_POINT('',(3.333826887263,6.043593269165));
#873 = CARTESIAN_POINT('',(3.330734433776,6.034092964197));
#874 = CARTESIAN_POINT('',(3.327633890217,6.025254460987));
#875 = CARTESIAN_POINT('',(3.324526347916,6.016999550139));
#876 = CARTESIAN_POINT('',(3.318280519802,6.001492923421));
#877 = CARTESIAN_POINT('',(3.315143196769,5.994246261414));
#878 = CARTESIAN_POINT('',(3.312000855109,5.987472919076));
#879 = CARTESIAN_POINT('',(3.308854302706,5.981125662586));
#880 = CARTESIAN_POINT('',(3.305704196723,5.975164289619));
#881 = CARTESIAN_POINT('',(3.302551043602,5.969555629348));
#882 = CARTESIAN_POINT('',(3.29939519906,5.964273542444));
#883 = CARTESIAN_POINT('',(3.286922768604,5.944628476799));
#884 = CARTESIAN_POINT('',(3.277588459233,5.932613439973));
#885 = CARTESIAN_POINT('',(3.268240653978,5.922654621802));
#886 = CARTESIAN_POINT('',(3.258883664063,5.914413472138));
#887 = CARTESIAN_POINT('',(3.249520684029,5.907599437473));
#888 = CARTESIAN_POINT('',(3.240153585585,5.901991104292));
#889 = CARTESIAN_POINT('',(3.230783277505,5.897392952895));
#890 = CARTESIAN_POINT('',(3.211437282297,5.889656745111));
#891 = CARTESIAN_POINT('',(3.201462212007,5.886630796054));
#892 = CARTESIAN_POINT('',(3.191485444641,5.884373692632));
#893 = CARTESIAN_POINT('',(3.181507662466,5.882729455256));
#894 = CARTESIAN_POINT('',(3.171529286798,5.881578694811));
#895 = CARTESIAN_POINT('',(3.161550554336,5.880839471076));
#896 = CARTESIAN_POINT('',(3.151571613173,5.88046946511));
#897 = CARTESIAN_POINT('',(3.141592638514,5.880469465599));
#898 = ( GEOMETRIC_REPRESENTATION_CONTEXT(2) 
PARAMETRIC_REPRESENTATION_CONTEXT() REPRESENTATION_CONTEXT('2D SPACE',''
  ) );
#899 = PCURVE('',#900,#905);
#900 = CYLINDRICAL_SURFACE('',#901,1.);
#901 = AXIS2_PLACEMENT_3D('',#902,#903,#904);
#902 = CARTESIAN_POINT('',(-40.,0.,3.));
#903 = DIRECTION('',(-0.,1.,-0.));
#904 = DIRECTION('',(1.,0.,0.));
#905 = DEFINITIONAL_REPRESENTATION('',(#906),#958);
#906 = B_SPLINE_CURVE_WITH_KNOTS('',8,(#907,#908,#909,#910,#911,#912,
    #913,#914,#915,#916,#917,#918,#919,#920,#921,#922,#923,#924,#925,
    #926,#927,#928,#929,#930,#931,#932,#933,#934,#935,#936,#937,#938,
    #939,#940,#941,#942,#943,#944,#945,#946,#947,#948,#949,#950,#951,
    #952,#953,#954,#955,#956,#957),.UNSPECIFIED.,.F.,.F.,(9,7,7,7,7,7,7,
    9),(0.,4.305682244912E-02,0.101813564509,0.172314803799,
    0.274185510776,0.37660780065,0.678657018848,1.),.UNSPECIFIED.);
#907 = CARTESIAN_POINT('',(-6.28318530718,-8.888194417316));
#908 = CARTESIAN_POINT('',(-6.264438787915,-8.888194417316));
#909 = CARTESIAN_POINT('',(-6.245745639251,-8.885695655802));
#910 = CARTESIAN_POINT('',(-6.227473381427,-8.880765975282));
#911 = CARTESIAN_POINT('',(-6.209853085082,-8.873671391627));
#912 = CARTESIAN_POINT('',(-6.193006012156,-8.864788033951));
#913 = CARTESIAN_POINT('',(-6.17697025678,-8.854514084472));
#914 = CARTESIAN_POINT('',(-6.161727386175,-8.843181718386));
#915 = CARTESIAN_POINT('',(-6.127444222907,-8.814303230203));
#916 = CARTESIAN_POINT('',(-6.107607581458,-8.794814803344));
#917 = CARTESIAN_POINT('',(-6.087710028818,-8.772467022769));
#918 = CARTESIAN_POINT('',(-6.067740743638,-8.747212183364));
#919 = CARTESIAN_POINT('',(-6.047687751783,-8.718991011693));
#920 = CARTESIAN_POINT('',(-6.02753846652,-8.687732062391));
#921 = CARTESIAN_POINT('',(-6.007280228703,-8.653351114567));
#922 = CARTESIAN_POINT('',(-5.962447965151,-8.570634296881));
#923 = CARTESIAN_POINT('',(-5.937810579621,-8.520864074591));
#924 = CARTESIAN_POINT('',(-5.912977313626,-8.466285404912));
#925 = CARTESIAN_POINT('',(-5.887921484686,-8.406693926503));
#926 = CARTESIAN_POINT('',(-5.862608884902,-8.34183158407));
#927 = CARTESIAN_POINT('',(-5.837003067178,-8.271384015024));
#928 = CARTESIAN_POINT('',(-5.811068137325,-8.194979151847));
#929 = CARTESIAN_POINT('',(-5.746768210741,-7.992556647358));
#930 = CARTESIAN_POINT('',(-5.711910027249,-7.871877796386));
#931 = CARTESIAN_POINT('',(-5.67936075976,-7.750481096457));
#932 = CARTESIAN_POINT('',(-5.648740119566,-7.628547494942));
#933 = CARTESIAN_POINT('',(-5.61973124093,-7.506214534959));
#934 = CARTESIAN_POINT('',(-5.592132567183,-7.383557671832));
#935 = CARTESIAN_POINT('',(-5.565769260892,-7.260618664422));
#936 = CARTESIAN_POINT('',(-5.515106381967,-7.013511046784));
#937 = CARTESIAN_POINT('',(-5.490819385606,-6.889380463499));
#938 = CARTESIAN_POINT('',(-5.46752887875,-6.765043199771));
#939 = CARTESIAN_POINT('',(-5.4451353952,-6.640529858739));
#940 = CARTESIAN_POINT('',(-5.423556350033,-6.515865142992));
#941 = CARTESIAN_POINT('',(-5.402726039594,-6.391067854564));
#942 = CARTESIAN_POINT('',(-5.3825956415,-6.266150894934));
#943 = CARTESIAN_POINT('',(-5.305737399485,-5.772401702026));
#944 = CARTESIAN_POINT('',(-5.254108906942,-5.402758300681));
#945 = CARTESIAN_POINT('',(-5.207166691493,-5.032428640555));
#946 = CARTESIAN_POINT('',(-5.164467855535,-4.661561077954));
#947 = CARTESIAN_POINT('',(-5.125698615135,-4.290267226816));
#948 = CARTESIAN_POINT('',(-5.090718545332,-3.918614962853));
#949 = CARTESIAN_POINT('',(-5.059441023819,-3.546642962238));
#950 = CARTESIAN_POINT('',(-5.002469082785,-2.7782929942));
#951 = CARTESIAN_POINT('',(-4.977261628624,-2.38191564379));
#952 = CARTESIAN_POINT('',(-4.956178807388,-1.985278906467));
#953 = CARTESIAN_POINT('',(-4.939245225314,-1.588434137591));
#954 = CARTESIAN_POINT('',(-4.926505936822,-1.191432242388));
#955 = CARTESIAN_POINT('',(-4.917999948002,-0.794324425305));
#956 = CARTESIAN_POINT('',(-4.913746895553,-0.397162591431));
#957 = CARTESIAN_POINT('',(-4.913746901175,5.999999999062E-07));
#958 = ( GEOMETRIC_REPRESENTATION_CONTEXT(2) 
PARAMETRIC_REPRESENTATION_CONTEXT() REPRESENTATION_CONTEXT('2D SPACE',''
  ) );
#959 = ORIENTED_EDGE('',*,*,#960,.F.);
#960 = EDGE_CURVE('',#961,#789,#963,.T.);
#961 = VERTEX_POINT('',#962);
#962 = CARTESIAN_POINT('',(-39.9875,0.,2.750312695557));
#963 = SURFACE_CURVE('',#964,(#969,#976),.PCURVE_S1.);
#964 = CIRCLE('',#965,2.5);
#965 = AXIS2_PLACEMENT_3D('',#966,#967,#968);
#966 = CARTESIAN_POINT('',(-37.5,0.,3.));
#967 = DIRECTION('',(0.,-1.,-0.));
#968 = DIRECTION('',(0.,0.,-1.));
#969 = PCURVE('',#67,#970);
#970 = DEFINITIONAL_REPRESENTATION('',(#971),#975);
#971 = LINE('',#972,#973);
#972 = CARTESIAN_POINT('',(3.14159265359,10.995574287564));
#973 = VECTOR('',#974,1.);
#974 = DIRECTION('',(-0.,-1.));
#975 = ( GEOMETRIC_REPRESENTATION_CONTEXT(2) 
PARAMETRIC_REPRESENTATION_CONTEXT() REPRESENTATION_CONTEXT('2D SPACE',''
  ) );
#976 = PCURVE('',#977,#982);
#977 = PLANE('',#978);
#978 = AXIS2_PLACEMENT_3D('',#979,#980,#981);
#979 = CARTESIAN_POINT('',(-40.,0.,3.));
#980 = DIRECTION('',(-0.,-1.,-0.));
#981 = DIRECTION('',(0.,0.,-1.));
#982 = DEFINITIONAL_REPRESENTATION('',(#983),#987);
#983 = CIRCLE('',#984,2.5);
#984 = AXIS2_PLACEMENT_2D('',#985,#986);
#985 = CARTESIAN_POINT('',(4.884981308351E-15,2.5));
#986 = DIRECTION('',(1.,0.));
#987 = ( GEOMETRIC_REPRESENTATION_CONTEXT(2) 
PARAMETRIC_REPRESENTATION_CONTEXT() REPRESENTATION_CONTEXT('2D SPACE',''
  ) );
#988 = ORIENTED_EDGE('',*,*,#989,.F.);
#989 = EDGE_CURVE('',#990,#961,#992,.T.);
#990 = VERTEX_POINT('',#991);
#991 = CARTESIAN_POINT('',(-40.,4.898587196589E-15,3.));
#992 = SURFACE_CURVE('',#993,(#998,#1005),.PCURVE_S1.);
#993 = CIRCLE('',#994,2.5);
#994 = AXIS2_PLACEMENT_3D('',#995,#996,#997);
#995 = CARTESIAN_POINT('',(-37.5,0.,3.));
#996 = DIRECTION('',(0.,-1.,-0.));
#997 = DIRECTION('',(0.,0.,-1.));
#998 = PCURVE('',#67,#999);
#999 = DEFINITIONAL_REPRESENTATION('',(#1000),#1004);
#1000 = LINE('',#1001,#1002);
#1001 = CARTESIAN_POINT('',(3.14159265359,10.995574287564));
#1002 = VECTOR('',#1003,1.);
#1003 = DIRECTION('',(-0.,-1.));
#1004 = ( GEOMETRIC_REPRESENTATION_CONTEXT(2) 
PARAMETRIC_REPRESENTATION_CONTEXT() REPRESENTATION_CONTEXT('2D SPACE',''
  ) );
#1005 = PCURVE('',#1006,#1011);
#1006 = PLANE('',#1007);
#1007 = AXIS2_PLACEMENT_3D('',#1008,#1009,#1010);
#1008 = CARTESIAN_POINT('',(-40.,0.,3.));
#1009 = DIRECTION('',(-0.,-1.,-0.));
#1010 = DIRECTION('',(0.,0.,-1.));
#1011 = DEFINITIONAL_REPRESENTATION('',(#1012),#1016);
#1012 = CIRCLE('',#1013,2.5);
#1013 = AXIS2_PLACEMENT_2D('',#1014,#1015);
#1014 = CARTESIAN_POINT('',(4.884981308351E-15,2.5));
#1015 = DIRECTION('',(1.,0.));
#1016 = ( GEOMETRIC_REPRESENTATION_CONTEXT(2) 
PARAMETRIC_REPRESENTATION_CONTEXT() REPRESENTATION_CONTEXT('2D SPACE',''
  ) );
#1017 = ORIENTED_EDGE('',*,*,#1018,.F.);
#1018 = EDGE_CURVE('',#1019,#990,#1021,.T.);
#1019 = VERTEX_POINT('',#1020);
#1020 = CARTESIAN_POINT('',(39.95,1.999374902313,3.));
#1021 = SEAM_CURVE('',#1022,(#1027,#1034),.PCURVE_S1.);
#1022 = CIRCLE('',#1023,40.);
#1023 = AXIS2_PLACEMENT_3D('',#1024,#1025,#1026);
#1024 = CARTESIAN_POINT('',(0.,0.,3.));
#1025 = DIRECTION('',(0.,0.,1.));
#1026 = DIRECTION('',(1.,0.,-0.));
#1027 = PCURVE('',#67,#1028);
#1028 = DEFINITIONAL_REPRESENTATION('',(#1029),#1033);
#1029 = LINE('',#1030,#1031);
#1030 = CARTESIAN_POINT('',(0.,0.));
#1031 = VECTOR('',#1032,1.);
#1032 = DIRECTION('',(1.,0.));
#1033 = ( GEOMETRIC_REPRESENTATION_CONTEXT(2) 
PARAMETRIC_REPRESENTATION_CONTEXT() REPRESENTATION_CONTEXT('2D SPACE',''
  ) );
#1034 = PCURVE('',#280,#1035);
#1035 = DEFINITIONAL_REPRESENTATION('',(#1036),#1039);
#1036 = B_SPLINE_CURVE_WITH_KNOTS('',1,(#1037,#1038),.UNSPECIFIED.,.F.,
  .F.,(2,2),(5.000520979873E-02,3.14159265359),
  .PIECEWISE_BEZIER_KNOTS.);
#1037 = CARTESIAN_POINT('',(-5.000520979873E-02,-3.));
#1038 = CARTESIAN_POINT('',(-3.14159265359,-3.));
#1039 = ( GEOMETRIC_REPRESENTATION_CONTEXT(2) 
PARAMETRIC_REPRESENTATION_CONTEXT() REPRESENTATION_CONTEXT('2D SPACE',''
  ) );
#1040 = ORIENTED_EDGE('',*,*,#1041,.F.);
#1041 = EDGE_CURVE('',#1042,#1019,#1044,.T.);
#1042 = VERTEX_POINT('',#1043);
#1043 = CARTESIAN_POINT('',(39.98046875,1.249847402795,2.9999999));
#1044 = SURFACE_CURVE('',#1045,(#1050,#1057),.PCURVE_S1.);
#1045 = CIRCLE('',#1046,40.);
#1046 = AXIS2_PLACEMENT_3D('',#1047,#1048,#1049);
#1047 = CARTESIAN_POINT('',(0.,0.,3.));
#1048 = DIRECTION('',(0.,0.,1.));
#1049 = DIRECTION('',(1.,0.,-0.));
#1050 = PCURVE('',#67,#1051);
#1051 = DEFINITIONAL_REPRESENTATION('',(#1052),#1056);
#1052 = LINE('',#1053,#1054);
#1053 = CARTESIAN_POINT('',(0.,6.28318530718));
#1054 = VECTOR('',#1055,1.);
#1055 = DIRECTION('',(1.,0.));
#1056 = ( GEOMETRIC_REPRESENTATION_CONTEXT(2) 
PARAMETRIC_REPRESENTATION_CONTEXT() REPRESENTATION_CONTEXT('2D SPACE',''
  ) );
#1057 = PCURVE('',#280,#1058);
#1058 = DEFINITIONAL_REPRESENTATION('',(#1059),#1062);
#1059 = B_SPLINE_CURVE_WITH_KNOTS('',1,(#1060,#1061),.UNSPECIFIED.,.F.,
  .F.,(2,2),(3.125127170547E-02,5.000520979873E-02),
  .PIECEWISE_BEZIER_KNOTS.);
#1060 = CARTESIAN_POINT('',(-3.125127170547E-02,-3.));
#1061 = CARTESIAN_POINT('',(-5.000520979873E-02,-3.));
#1062 = ( GEOMETRIC_REPRESENTATION_CONTEXT(2) 
PARAMETRIC_REPRESENTATION_CONTEXT() REPRESENTATION_CONTEXT('2D SPACE',''
  ) );
#1063 = ORIENTED_EDGE('',*,*,#1064,.F.);
#1064 = EDGE_CURVE('',#1065,#1042,#1067,.T.);
#1065 = VERTEX_POINT('',#1066);
#1066 = CARTESIAN_POINT('',(40.,-4.125940358605E-15,3.));
#1067 = SURFACE_CURVE('',#1068,(#1073,#1080),.PCURVE_S1.);
#1068 = CIRCLE('',#1069,40.);
#1069 = AXIS2_PLACEMENT_3D('',#1070,#1071,#1072);
#1070 = CARTESIAN_POINT('',(0.,0.,3.));
#1071 = DIRECTION('',(0.,0.,1.));
#1072 = DIRECTION('',(1.,0.,-0.));
#1073 = PCURVE('',#67,#1074);
#1074 = DEFINITIONAL_REPRESENTATION('',(#1075),#1079);
#1075 = LINE('',#1076,#1077);
#1076 = CARTESIAN_POINT('',(0.,6.28318530718));
#1077 = VECTOR('',#1078,1.);
#1078 = DIRECTION('',(1.,0.));
#1079 = ( GEOMETRIC_REPRESENTATION_CONTEXT(2) 
PARAMETRIC_REPRESENTATION_CONTEXT() REPRESENTATION_CONTEXT('2D SPACE',''
  ) );
#1080 = PCURVE('',#1081,#1086);
#1081 = PLANE('',#1082);
#1082 = AXIS2_PLACEMENT_3D('',#1083,#1084,#1085);
#1083 = CARTESIAN_POINT('',(-1.75032336965E-15,3.209892110372E-15,3.));
#1084 = DIRECTION('',(0.,0.,1.));
#1085 = DIRECTION('',(1.,0.,-0.));
#1086 = DEFINITIONAL_REPRESENTATION('',(#1087),#1091);
#1087 = CIRCLE('',#1088,40.);
#1088 = AXIS2_PLACEMENT_2D('',#1089,#1090);
#1089 = CARTESIAN_POINT('',(1.75032336965E-15,-3.209892110372E-15));
#1090 = DIRECTION('',(1.,0.));
#1091 = ( GEOMETRIC_REPRESENTATION_CONTEXT(2) 
PARAMETRIC_REPRESENTATION_CONTEXT() REPRESENTATION_CONTEXT('2D SPACE',''
  ) );
#1092 = ORIENTED_EDGE('',*,*,#1093,.F.);
#1093 = EDGE_CURVE('',#1094,#1065,#1096,.T.);
#1094 = VERTEX_POINT('',#1095);
#1095 = CARTESIAN_POINT('',(39.9875,-4.89705638809E-15,2.750312695557));
#1096 = SURFACE_CURVE('',#1097,(#1102,#1109),.PCURVE_S1.);
#1097 = CIRCLE('',#1098,2.5);
#1098 = AXIS2_PLACEMENT_3D('',#1099,#1100,#1101);
#1099 = CARTESIAN_POINT('',(37.5,-9.184850993605E-15,3.));
#1100 = DIRECTION('',(-2.449293598295E-16,-1.,0.));
#1101 = DIRECTION('',(1.,-2.449293598295E-16,0.));
#1102 = PCURVE('',#67,#1103);
#1103 = DEFINITIONAL_REPRESENTATION('',(#1104),#1108);
#1104 = LINE('',#1105,#1106);
#1105 = CARTESIAN_POINT('',(0.,-0.));
#1106 = VECTOR('',#1107,1.);
#1107 = DIRECTION('',(0.,1.));
#1108 = ( GEOMETRIC_REPRESENTATION_CONTEXT(2) 
PARAMETRIC_REPRESENTATION_CONTEXT() REPRESENTATION_CONTEXT('2D SPACE',''
  ) );
#1109 = PCURVE('',#1110,#1115);
#1110 = PLANE('',#1111);
#1111 = AXIS2_PLACEMENT_3D('',#1112,#1113,#1114);
#1112 = CARTESIAN_POINT('',(40.,0.,3.));
#1113 = DIRECTION('',(-0.,-1.,-0.));
#1114 = DIRECTION('',(0.,0.,-1.));
#1115 = DEFINITIONAL_REPRESENTATION('',(#1116),#1120);
#1116 = CIRCLE('',#1117,2.5);
#1117 = AXIS2_PLACEMENT_2D('',#1118,#1119);
#1118 = CARTESIAN_POINT('',(0.,-2.5));
#1119 = DIRECTION('',(0.,1.));
#1120 = ( GEOMETRIC_REPRESENTATION_CONTEXT(2) 
PARAMETRIC_REPRESENTATION_CONTEXT() REPRESENTATION_CONTEXT('2D SPACE',''
  ) );
#1121 = ORIENTED_EDGE('',*,*,#1122,.F.);
#1122 = EDGE_CURVE('',#594,#1094,#1123,.T.);
#1123 = SURFACE_CURVE('',#1124,(#1129,#1136),.PCURVE_S1.);
#1124 = CIRCLE('',#1125,2.5);
#1125 = AXIS2_PLACEMENT_3D('',#1126,#1127,#1128);
#1126 = CARTESIAN_POINT('',(37.5,-9.184850993605E-15,3.));
#1127 = DIRECTION('',(-2.449293598295E-16,-1.,0.));
#1128 = DIRECTION('',(1.,-2.449293598295E-16,0.));
#1129 = PCURVE('',#67,#1130);
#1130 = DEFINITIONAL_REPRESENTATION('',(#1131),#1135);
#1131 = LINE('',#1132,#1133);
#1132 = CARTESIAN_POINT('',(0.,-0.));
#1133 = VECTOR('',#1134,1.);
#1134 = DIRECTION('',(0.,1.));
#1135 = ( GEOMETRIC_REPRESENTATION_CONTEXT(2) 
PARAMETRIC_REPRESENTATION_CONTEXT() REPRESENTATION_CONTEXT('2D SPACE',''
  ) );
#1136 = PCURVE('',#1137,#1142);
#1137 = PLANE('',#1138);
#1138 = AXIS2_PLACEMENT_3D('',#1139,#1140,#1141);
#1139 = CARTESIAN_POINT('',(40.,0.,3.));
#1140 = DIRECTION('',(-0.,-1.,-0.));
#1141 = DIRECTION('',(0.,0.,-1.));
#1142 = DEFINITIONAL_REPRESENTATION('',(#1143),#1147);
#1143 = CIRCLE('',#1144,2.5);
#1144 = AXIS2_PLACEMENT_2D('',#1145,#1146);
#1145 = CARTESIAN_POINT('',(0.,-2.5));
#1146 = DIRECTION('',(0.,1.));
#1147 = ( GEOMETRIC_REPRESENTATION_CONTEXT(2) 
PARAMETRIC_REPRESENTATION_CONTEXT() REPRESENTATION_CONTEXT('2D SPACE',''
  ) );
#1148 = ORIENTED_EDGE('',*,*,#593,.F.);
#1149 = ORIENTED_EDGE('',*,*,#1150,.F.);
#1150 = EDGE_CURVE('',#1019,#464,#1151,.T.);
#1151 = SURFACE_CURVE('',#1152,(#1190,#1231),.PCURVE_S1.);
#1152 = B_SPLINE_CURVE_WITH_KNOTS('',8,(#1153,#1154,#1155,#1156,#1157,
    #1158,#1159,#1160,#1161,#1162,#1163,#1164,#1165,#1166,#1167,#1168,
    #1169,#1170,#1171,#1172,#1173,#1174,#1175,#1176,#1177,#1178,#1179,
    #1180,#1181,#1182,#1183,#1184,#1185,#1186,#1187,#1188,#1189),
  .UNSPECIFIED.,.F.,.F.,(9,7,7,7,7,9),(0.,0.370477093336,0.475537070479,
    0.561327214139,0.713561510016,1.),.UNSPECIFIED.);
#1153 = CARTESIAN_POINT('',(39.95,1.999374902313,3.));
#1154 = CARTESIAN_POINT('',(39.95,1.999374902313,3.181797672011));
#1155 = CARTESIAN_POINT('',(39.93489129944,1.998996958772,3.363422395415
    ));
#1156 = CARTESIAN_POINT('',(39.904723801359,1.998243124086,
    3.544152110426));
#1157 = CARTESIAN_POINT('',(39.859406005283,1.996468530638,
    3.723078489199));
#1158 = CARTESIAN_POINT('',(39.79883911209,1.992407839777,3.899119010491
    ));
#1159 = CARTESIAN_POINT('',(39.722983807501,1.984080552967,4.07101661892
    ));
#1160 = CARTESIAN_POINT('',(39.631908851969,1.968862272106,
    4.237339886473));
#1161 = CARTESIAN_POINT('',(39.495822317892,1.935655604508,
    4.441592182131));
#1162 = CARTESIAN_POINT('',(39.46456946127,1.927466124318,4.486116840085
    ));
#1163 = CARTESIAN_POINT('',(39.432143000358,1.918340720053,
    4.529996884704));
#1164 = CARTESIAN_POINT('',(39.398562368761,1.908190772403,
    4.573182692294));
#1165 = CARTESIAN_POINT('',(39.363854150367,1.896922528457,
    4.615619856559));
#1166 = CARTESIAN_POINT('',(39.328053572817,1.884437824336,
    4.657250034306));
#1167 = CARTESIAN_POINT('',(39.291206000982,1.870634807825,
    4.698011791156));
#1168 = CARTESIAN_POINT('',(39.222470930725,1.84297525526,4.770365649256
    ));
#1169 = CARTESIAN_POINT('',(39.190914169559,1.829593216858,
    4.802267440882));
#1170 = CARTESIAN_POINT('',(39.158730090977,1.815206342525,
    4.833511463751));
#1171 = CARTESIAN_POINT('',(39.125957028075,1.799757475671,
    4.864060436258));
#1172 = CARTESIAN_POINT('',(39.092640309261,1.783189803009,
    4.893876005546));
#1173 = CARTESIAN_POINT('',(39.058832864524,1.765448151173,
    4.922919599478));
#1174 = CARTESIAN_POINT('',(39.024595831693,1.746480283331,
    4.951153278606));
#1175 = CARTESIAN_POINT('',(38.928607500225,1.690318685592,
    5.027139268669));
#1176 = CARTESIAN_POINT('',(38.866052083588,1.650368920023,
    5.073097417933));
#1177 = CARTESIAN_POINT('',(38.802761504971,1.606138432729,
    5.116176435368));
#1178 = CARTESIAN_POINT('',(38.739228233958,1.557421785972,
    5.156181352856));
#1179 = CARTESIAN_POINT('',(38.67600764987,1.504081039543,5.192976937531
    ));
#1180 = CARTESIAN_POINT('',(38.613707266947,1.446072061813,
    5.226497878512));
#1181 = CARTESIAN_POINT('',(38.552966152379,1.383474682923,5.25675305757
    ));
#1182 = CARTESIAN_POINT('',(38.384274772598,1.190559792483,
    5.334759418994));
#1183 = CARTESIAN_POINT('',(38.281966943108,1.049254402283,
    5.374394442274));
#1184 = CARTESIAN_POINT('',(38.191564069605,0.89400786937,5.403376072171
    ));
#1185 = CARTESIAN_POINT('',(38.116276258192,0.727025330228,
    5.423522424525));
#1186 = CARTESIAN_POINT('',(38.058405782217,0.551042852767,
    5.436941955221));
#1187 = CARTESIAN_POINT('',(38.019416888042,0.3690921795,5.445316967188)
  );
#1188 = CARTESIAN_POINT('',(38.,0.184335664553,5.449489742783));
#1189 = CARTESIAN_POINT('',(38.,0.,5.449489742783));
#1190 = PCURVE('',#67,#1191);
#1191 = DEFINITIONAL_REPRESENTATION('',(#1192),#1230);
#1192 = B_SPLINE_CURVE_WITH_KNOTS('',8,(#1193,#1194,#1195,#1196,#1197,
    #1198,#1199,#1200,#1201,#1202,#1203,#1204,#1205,#1206,#1207,#1208,
    #1209,#1210,#1211,#1212,#1213,#1214,#1215,#1216,#1217,#1218,#1219,
    #1220,#1221,#1222,#1223,#1224,#1225,#1226,#1227,#1228,#1229),
  .UNSPECIFIED.,.F.,.F.,(9,7,7,7,7,9),(0.,0.370477093336,0.475537070479,
    0.561327214139,0.713561510016,1.),.UNSPECIFIED.);
#1193 = CARTESIAN_POINT('',(5.000520979872E-02,0.));
#1194 = CARTESIAN_POINT('',(5.000520979872E-02,7.271906880443E-02));
#1195 = CARTESIAN_POINT('',(5.001465268331E-02,0.145368956291));
#1196 = CARTESIAN_POINT('',(5.003352970156E-02,0.218246817597));
#1197 = CARTESIAN_POINT('',(5.004588505042E-02,0.29157061586));
#1198 = CARTESIAN_POINT('',(5.002034729606E-02,0.365524118534));
#1199 = CARTESIAN_POINT('',(4.99071849203E-02,0.440265120609));
#1200 = CARTESIAN_POINT('',(4.963931414555E-02,0.51594205541));
#1201 = CARTESIAN_POINT('',(4.897005460041E-02,0.614442631279));
#1202 = CARTESIAN_POINT('',(4.880187634932E-02,0.636279154077));
#1203 = CARTESIAN_POINT('',(4.861119248138E-02,0.658189294377));
#1204 = CARTESIAN_POINT('',(4.839564365743E-02,0.680169308033));
#1205 = CARTESIAN_POINT('',(4.815271161958E-02,0.702212674605));
#1206 = CARTESIAN_POINT('',(4.787973333663E-02,0.724309803521));
#1207 = CARTESIAN_POINT('',(4.75739151496E-02,0.746447740241));
#1208 = CARTESIAN_POINT('',(4.695342826005E-02,0.786707082748));
#1209 = CARTESIAN_POINT('',(4.665067816643E-02,0.804819921199));
#1210 = CARTESIAN_POINT('',(4.632253428536E-02,0.822938784724));
#1211 = CARTESIAN_POINT('',(4.596738951004E-02,0.841051837982));
#1212 = CARTESIAN_POINT('',(4.558362562025E-02,0.85914485742));
#1213 = CARTESIAN_POINT('',(4.516964692487E-02,0.877201075342));
#1214 = CARTESIAN_POINT('',(4.472391390435E-02,0.895201023989));
#1215 = CARTESIAN_POINT('',(4.339510480923E-02,0.944923759563));
#1216 = CARTESIAN_POINT('',(4.244025502513E-02,0.976493859292));
#1217 = CARTESIAN_POINT('',(4.137274161859E-02,1.007686597041));
#1218 = CARTESIAN_POINT('',(4.018589182414E-02,1.038342467863));
#1219 = CARTESIAN_POINT('',(3.887469067968E-02,1.068285741702));
#1220 = CARTESIAN_POINT('',(3.743656468418E-02,1.097325152981));
#1221 = CARTESIAN_POINT('',(3.587230442646E-02,1.125258081671));
#1222 = CARTESIAN_POINT('',(3.101635636658E-02,1.201965716763));
#1223 = CARTESIAN_POINT('',(2.741910612616E-02,1.247380407826));
#1224 = CARTESIAN_POINT('',(2.342548402753E-02,1.286844239067));
#1225 = CARTESIAN_POINT('',(1.909099387793E-02,1.319414122713));
#1226 = CARTESIAN_POINT('',(1.449087128366E-02,1.344340627088));
#1227 = CARTESIAN_POINT('',(9.712949554033E-03,1.361093887352));
#1228 = CARTESIAN_POINT('',(4.850938540866E-03,1.369438406005));
#1229 = CARTESIAN_POINT('',(0.,1.369438406005));
#1230 = ( GEOMETRIC_REPRESENTATION_CONTEXT(2) 
PARAMETRIC_REPRESENTATION_CONTEXT() REPRESENTATION_CONTEXT('2D SPACE',''
  ) );
#1231 = PCURVE('',#547,#1232);
#1232 = DEFINITIONAL_REPRESENTATION('',(#1233),#1271);
#1233 = B_SPLINE_CURVE_WITH_KNOTS('',8,(#1234,#1235,#1236,#1237,#1238,
    #1239,#1240,#1241,#1242,#1243,#1244,#1245,#1246,#1247,#1248,#1249,
    #1250,#1251,#1252,#1253,#1254,#1255,#1256,#1257,#1258,#1259,#1260,
    #1261,#1262,#1263,#1264,#1265,#1266,#1267,#1268,#1269,#1270),
  .UNSPECIFIED.,.F.,.F.,(9,7,7,7,7,9),(0.,0.370477093336,0.475537070479,
    0.561327214139,0.713561510016,1.),.UNSPECIFIED.);
#1234 = CARTESIAN_POINT('',(-1.595798931694,0.));
#1235 = CARTESIAN_POINT('',(-1.595798931694,-0.181797672011));
#1236 = CARTESIAN_POINT('',(-1.603355739482,-0.363422395415));
#1237 = CARTESIAN_POINT('',(-1.618443663402,-0.544152110427));
#1238 = CARTESIAN_POINT('',(-1.641119153328,-0.723078489198));
#1239 = CARTESIAN_POINT('',(-1.671441091901,-0.899119010492));
#1240 = CARTESIAN_POINT('',(-1.709521522581,-1.071016618919));
#1241 = CARTESIAN_POINT('',(-1.755564903229,-1.237339886473));
#1242 = CARTESIAN_POINT('',(-1.825604584,-1.441592182131));
#1243 = CARTESIAN_POINT('',(-1.841756266623,-1.486116840085));
#1244 = CARTESIAN_POINT('',(-1.85859463285,-1.529996884704));
#1245 = CARTESIAN_POINT('',(-1.876128434869,-1.573182692294));
#1246 = CARTESIAN_POINT('',(-1.894366118168,-1.615619856559));
#1247 = CARTESIAN_POINT('',(-1.913315567302,-1.657250034306));
#1248 = CARTESIAN_POINT('',(-1.932983851642,-1.698011791156));
#1249 = CARTESIAN_POINT('',(-1.970029636596,-1.770365649256));
#1250 = CARTESIAN_POINT('',(-1.987165182958,-1.802267440882));
#1251 = CARTESIAN_POINT('',(-2.004786286749,-1.833511463751));
#1252 = CARTESIAN_POINT('',(-2.022894606423,-1.864060436258));
#1253 = CARTESIAN_POINT('',(-2.041490446589,-1.893876005546));
#1254 = CARTESIAN_POINT('',(-2.060572422237,-1.922919599478));
#1255 = CARTESIAN_POINT('',(-2.080137122956,-1.951153278606));
#1256 = CARTESIAN_POINT('',(-2.135742619174,-2.027139268669));
#1257 = CARTESIAN_POINT('',(-2.172826224159,-2.073097417933));
#1258 = CARTESIAN_POINT('',(-2.21137689894,-2.116176435368));
#1259 = CARTESIAN_POINT('',(-2.251326335892,-2.156181352856));
#1260 = CARTESIAN_POINT('',(-2.29258997223,-2.192976937531));
#1261 = CARTESIAN_POINT('',(-2.335063493008,-2.226497878512));
#1262 = CARTESIAN_POINT('',(-2.378616477847,-2.25675305757));
#1263 = CARTESIAN_POINT('',(-2.50675013518,-2.334759418994));
#1264 = CARTESIAN_POINT('',(-2.593609652788,-2.374394442274));
#1265 = CARTESIAN_POINT('',(-2.682689074806,-2.403376072171));
#1266 = CARTESIAN_POINT('',(-2.773286204065,-2.423522424525));
#1267 = CARTESIAN_POINT('',(-2.864876941544,-2.436941955221));
#1268 = CARTESIAN_POINT('',(-2.957047005712,-2.445316967188));
#1269 = CARTESIAN_POINT('',(-3.049424821313,-2.449489742783));
#1270 = CARTESIAN_POINT('',(-3.14159265359,-2.449489742783));
#1271 = ( GEOMETRIC_REPRESENTATION_CONTEXT(2) 
PARAMETRIC_REPRESENTATION_CONTEXT() REPRESENTATION_CONTEXT('2D SPACE',''
  ) );
#1272 = ORIENTED_EDGE('',*,*,#1018,.T.);
#1273 = ORIENTED_EDGE('',*,*,#1274,.F.);
#1274 = EDGE_CURVE('',#58,#990,#1275,.T.);
#1275 = SURFACE_CURVE('',#1276,(#1281,#1288),.PCURVE_S1.);
#1276 = CIRCLE('',#1277,2.5);
#1277 = AXIS2_PLACEMENT_3D('',#1278,#1279,#1280);
#1278 = CARTESIAN_POINT('',(-37.5,0.,3.));
#1279 = DIRECTION('',(0.,-1.,-0.));
#1280 = DIRECTION('',(0.,0.,-1.));
#1281 = PCURVE('',#67,#1282);
#1282 = DEFINITIONAL_REPRESENTATION('',(#1283),#1287);
#1283 = LINE('',#1284,#1285);
#1284 = CARTESIAN_POINT('',(3.14159265359,4.712388980385));
#1285 = VECTOR('',#1286,1.);
#1286 = DIRECTION('',(-0.,-1.));
#1287 = ( GEOMETRIC_REPRESENTATION_CONTEXT(2) 
PARAMETRIC_REPRESENTATION_CONTEXT() REPRESENTATION_CONTEXT('2D SPACE',''
  ) );
#1288 = PCURVE('',#1006,#1289);
#1289 = DEFINITIONAL_REPRESENTATION('',(#1290),#1294);
#1290 = CIRCLE('',#1291,2.5);
#1291 = AXIS2_PLACEMENT_2D('',#1292,#1293);
#1292 = CARTESIAN_POINT('',(4.884981308351E-15,2.5));
#1293 = DIRECTION('',(1.,0.));
#1294 = ( GEOMETRIC_REPRESENTATION_CONTEXT(2) 
PARAMETRIC_REPRESENTATION_CONTEXT() REPRESENTATION_CONTEXT('2D SPACE',''
  ) );
#1295 = ADVANCED_FACE('',(#1296),#203,.T.);
#1296 = FACE_BOUND('',#1297,.F.);
#1297 = EDGE_LOOP('',(#1298,#1322,#1323,#1351,#1380));
#1298 = ORIENTED_EDGE('',*,*,#1299,.F.);
#1299 = EDGE_CURVE('',#56,#1300,#1302,.T.);
#1300 = VERTEX_POINT('',#1301);
#1301 = CARTESIAN_POINT('',(-41.,0.,3.));
#1302 = SURFACE_CURVE('',#1303,(#1308,#1315),.PCURVE_S1.);
#1303 = CIRCLE('',#1304,1.);
#1304 = AXIS2_PLACEMENT_3D('',#1305,#1306,#1307);
#1305 = CARTESIAN_POINT('',(-40.,0.,3.));
#1306 = DIRECTION('',(0.,-1.,0.));
#1307 = DIRECTION('',(1.,0.,0.));
#1308 = PCURVE('',#203,#1309);
#1309 = DEFINITIONAL_REPRESENTATION('',(#1310),#1314);
#1310 = LINE('',#1311,#1312);
#1311 = CARTESIAN_POINT('',(-0.,0.));
#1312 = VECTOR('',#1313,1.);
#1313 = DIRECTION('',(-1.,0.));
#1314 = ( GEOMETRIC_REPRESENTATION_CONTEXT(2) 
PARAMETRIC_REPRESENTATION_CONTEXT() REPRESENTATION_CONTEXT('2D SPACE',''
  ) );
#1315 = PCURVE('',#79,#1316);
#1316 = DEFINITIONAL_REPRESENTATION('',(#1317),#1321);
#1317 = CIRCLE('',#1318,1.);
#1318 = AXIS2_PLACEMENT_2D('',#1319,#1320);
#1319 = CARTESIAN_POINT('',(0.,7.105427357601E-15));
#1320 = DIRECTION('',(0.,1.));
#1321 = ( GEOMETRIC_REPRESENTATION_CONTEXT(2) 
PARAMETRIC_REPRESENTATION_CONTEXT() REPRESENTATION_CONTEXT('2D SPACE',''
  ) );
#1322 = ORIENTED_EDGE('',*,*,#91,.T.);
#1323 = ORIENTED_EDGE('',*,*,#1324,.T.);
#1324 = EDGE_CURVE('',#92,#1325,#1327,.T.);
#1325 = VERTEX_POINT('',#1326);
#1326 = CARTESIAN_POINT('',(-39.,-12.,3.));
#1327 = SURFACE_CURVE('',#1328,(#1332,#1339),.PCURVE_S1.);
#1328 = LINE('',#1329,#1330);
#1329 = CARTESIAN_POINT('',(-39.,0.,3.));
#1330 = VECTOR('',#1331,1.);
#1331 = DIRECTION('',(0.,-1.,0.));
#1332 = PCURVE('',#203,#1333);
#1333 = DEFINITIONAL_REPRESENTATION('',(#1334),#1338);
#1334 = LINE('',#1335,#1336);
#1335 = CARTESIAN_POINT('',(-0.,0.));
#1336 = VECTOR('',#1337,1.);
#1337 = DIRECTION('',(-0.,-1.));
#1338 = ( GEOMETRIC_REPRESENTATION_CONTEXT(2) 
PARAMETRIC_REPRESENTATION_CONTEXT() REPRESENTATION_CONTEXT('2D SPACE',''
  ) );
#1339 = PCURVE('',#1340,#1345);
#1340 = PLANE('',#1341);
#1341 = AXIS2_PLACEMENT_3D('',#1342,#1343,#1344);
#1342 = CARTESIAN_POINT('',(-1.75032336965E-15,3.209892110372E-15,3.));
#1343 = DIRECTION('',(0.,0.,1.));
#1344 = DIRECTION('',(1.,0.,-0.));
#1345 = DEFINITIONAL_REPRESENTATION('',(#1346),#1350);
#1346 = LINE('',#1347,#1348);
#1347 = CARTESIAN_POINT('',(-39.,-3.209892110372E-15));
#1348 = VECTOR('',#1349,1.);
#1349 = DIRECTION('',(0.,-1.));
#1350 = ( GEOMETRIC_REPRESENTATION_CONTEXT(2) 
PARAMETRIC_REPRESENTATION_CONTEXT() REPRESENTATION_CONTEXT('2D SPACE',''
  ) );
#1351 = ORIENTED_EDGE('',*,*,#1352,.T.);
#1352 = EDGE_CURVE('',#1325,#1353,#1355,.T.);
#1353 = VERTEX_POINT('',#1354);
#1354 = CARTESIAN_POINT('',(-41.,-12.,3.));
#1355 = SURFACE_CURVE('',#1356,(#1361,#1368),.PCURVE_S1.);
#1356 = CIRCLE('',#1357,1.);
#1357 = AXIS2_PLACEMENT_3D('',#1358,#1359,#1360);
#1358 = CARTESIAN_POINT('',(-40.,-12.,3.));
#1359 = DIRECTION('',(0.,-1.,0.));
#1360 = DIRECTION('',(1.,0.,0.));
#1361 = PCURVE('',#203,#1362);
#1362 = DEFINITIONAL_REPRESENTATION('',(#1363),#1367);
#1363 = LINE('',#1364,#1365);
#1364 = CARTESIAN_POINT('',(-0.,-12.));
#1365 = VECTOR('',#1366,1.);
#1366 = DIRECTION('',(-1.,0.));
#1367 = ( GEOMETRIC_REPRESENTATION_CONTEXT(2) 
PARAMETRIC_REPRESENTATION_CONTEXT() REPRESENTATION_CONTEXT('2D SPACE',''
  ) );
#1368 = PCURVE('',#1369,#1374);
#1369 = PLANE('',#1370);
#1370 = AXIS2_PLACEMENT_3D('',#1371,#1372,#1373);
#1371 = CARTESIAN_POINT('',(-40.,-12.,3.));
#1372 = DIRECTION('',(-0.,-1.,-0.));
#1373 = DIRECTION('',(0.,0.,-1.));
#1374 = DEFINITIONAL_REPRESENTATION('',(#1375),#1379);
#1375 = CIRCLE('',#1376,1.);
#1376 = AXIS2_PLACEMENT_2D('',#1377,#1378);
#1377 = CARTESIAN_POINT('',(0.,7.105427357601E-15));
#1378 = DIRECTION('',(0.,1.));
#1379 = ( GEOMETRIC_REPRESENTATION_CONTEXT(2) 
PARAMETRIC_REPRESENTATION_CONTEXT() REPRESENTATION_CONTEXT('2D SPACE',''
  ) );
#1380 = ORIENTED_EDGE('',*,*,#1381,.T.);
#1381 = EDGE_CURVE('',#1353,#1300,#1382,.T.);
#1382 = SURFACE_CURVE('',#1383,(#1387,#1393),.PCURVE_S1.);
#1383 = LINE('',#1384,#1385);
#1384 = CARTESIAN_POINT('',(-41.,0.,3.));
#1385 = VECTOR('',#1386,1.);
#1386 = DIRECTION('',(-0.,1.,-0.));
#1387 = PCURVE('',#203,#1388);
#1388 = DEFINITIONAL_REPRESENTATION('',(#1389),#1392);
#1389 = B_SPLINE_CURVE_WITH_KNOTS('',1,(#1390,#1391),.UNSPECIFIED.,.F.,
  .F.,(2,2),(-12.0000006,6.E-07),.PIECEWISE_BEZIER_KNOTS.);
#1390 = CARTESIAN_POINT('',(-3.14159265359,-12.0000006));
#1391 = CARTESIAN_POINT('',(-3.14159265359,6.E-07));
#1392 = ( GEOMETRIC_REPRESENTATION_CONTEXT(2) 
PARAMETRIC_REPRESENTATION_CONTEXT() REPRESENTATION_CONTEXT('2D SPACE',''
  ) );
#1393 = PCURVE('',#1340,#1394);
#1394 = DEFINITIONAL_REPRESENTATION('',(#1395),#1398);
#1395 = B_SPLINE_CURVE_WITH_KNOTS('',1,(#1396,#1397),.UNSPECIFIED.,.F.,
  .F.,(2,2),(-12.0000006,6.E-07),.PIECEWISE_BEZIER_KNOTS.);
#1396 = CARTESIAN_POINT('',(-41.,-12.0000006));
#1397 = CARTESIAN_POINT('',(-41.,5.999999967901E-07));
#1398 = ( GEOMETRIC_REPRESENTATION_CONTEXT(2) 
PARAMETRIC_REPRESENTATION_CONTEXT() REPRESENTATION_CONTEXT('2D SPACE',''
  ) );
#1399 = ADVANCED_FACE('',(#1400),#1369,.T.);
#1400 = FACE_BOUND('',#1401,.T.);
#1401 = EDGE_LOOP('',(#1402,#1423,#1424,#1445));
#1402 = ORIENTED_EDGE('',*,*,#1403,.F.);
#1403 = EDGE_CURVE('',#1325,#1404,#1406,.T.);
#1404 = VERTEX_POINT('',#1405);
#1405 = CARTESIAN_POINT('',(-39.75,-12.,3.));
#1406 = SURFACE_CURVE('',#1407,(#1411,#1417),.PCURVE_S1.);
#1407 = LINE('',#1408,#1409);
#1408 = CARTESIAN_POINT('',(-20.,-12.,3.));
#1409 = VECTOR('',#1410,1.);
#1410 = DIRECTION('',(-1.,0.,0.));
#1411 = PCURVE('',#1369,#1412);
#1412 = DEFINITIONAL_REPRESENTATION('',(#1413),#1416);
#1413 = B_SPLINE_CURVE_WITH_KNOTS('',1,(#1414,#1415),.UNSPECIFIED.,.F.,
  .F.,(2,2),(19.,21.),.PIECEWISE_BEZIER_KNOTS.);
#1414 = CARTESIAN_POINT('',(4.884981308351E-15,1.));
#1415 = CARTESIAN_POINT('',(4.884981308351E-15,-1.));
#1416 = ( GEOMETRIC_REPRESENTATION_CONTEXT(2) 
PARAMETRIC_REPRESENTATION_CONTEXT() REPRESENTATION_CONTEXT('2D SPACE',''
  ) );
#1417 = PCURVE('',#1340,#1418);
#1418 = DEFINITIONAL_REPRESENTATION('',(#1419),#1422);
#1419 = B_SPLINE_CURVE_WITH_KNOTS('',1,(#1420,#1421),.UNSPECIFIED.,.F.,
  .F.,(2,2),(19.,21.),.PIECEWISE_BEZIER_KNOTS.);
#1420 = CARTESIAN_POINT('',(-39.,-12.));
#1421 = CARTESIAN_POINT('',(-41.,-12.));
#1422 = ( GEOMETRIC_REPRESENTATION_CONTEXT(2) 
PARAMETRIC_REPRESENTATION_CONTEXT() REPRESENTATION_CONTEXT('2D SPACE',''
  ) );
#1423 = ORIENTED_EDGE('',*,*,#1352,.T.);
#1424 = ORIENTED_EDGE('',*,*,#1425,.F.);
#1425 = EDGE_CURVE('',#1426,#1353,#1428,.T.);
#1426 = VERTEX_POINT('',#1427);
#1427 = CARTESIAN_POINT('',(-40.25,-12.,3.));
#1428 = SURFACE_CURVE('',#1429,(#1433,#1439),.PCURVE_S1.);
#1429 = LINE('',#1430,#1431);
#1430 = CARTESIAN_POINT('',(-20.,-12.,3.));
#1431 = VECTOR('',#1432,1.);
#1432 = DIRECTION('',(-1.,0.,0.));
#1433 = PCURVE('',#1369,#1434);
#1434 = DEFINITIONAL_REPRESENTATION('',(#1435),#1438);
#1435 = B_SPLINE_CURVE_WITH_KNOTS('',1,(#1436,#1437),.UNSPECIFIED.,.F.,
  .F.,(2,2),(19.,21.),.PIECEWISE_BEZIER_KNOTS.);
#1436 = CARTESIAN_POINT('',(4.884981308351E-15,1.));
#1437 = CARTESIAN_POINT('',(4.884981308351E-15,-1.));
#1438 = ( GEOMETRIC_REPRESENTATION_CONTEXT(2) 
PARAMETRIC_REPRESENTATION_CONTEXT() REPRESENTATION_CONTEXT('2D SPACE',''
  ) );
#1439 = PCURVE('',#1340,#1440);
#1440 = DEFINITIONAL_REPRESENTATION('',(#1441),#1444);
#1441 = B_SPLINE_CURVE_WITH_KNOTS('',1,(#1442,#1443),.UNSPECIFIED.,.F.,
  .F.,(2,2),(19.,21.),.PIECEWISE_BEZIER_KNOTS.);
#1442 = CARTESIAN_POINT('',(-39.,-12.));
#1443 = CARTESIAN_POINT('',(-41.,-12.));
#1444 = ( GEOMETRIC_REPRESENTATION_CONTEXT(2) 
PARAMETRIC_REPRESENTATION_CONTEXT() REPRESENTATION_CONTEXT('2D SPACE',''
  ) );
#1445 = ORIENTED_EDGE('',*,*,#1446,.T.);
#1446 = EDGE_CURVE('',#1426,#1404,#1447,.T.);
#1447 = SURFACE_CURVE('',#1448,(#1453,#1464),.PCURVE_S1.);
#1448 = CIRCLE('',#1449,0.25);
#1449 = AXIS2_PLACEMENT_3D('',#1450,#1451,#1452);
#1450 = CARTESIAN_POINT('',(-40.,-12.,3.));
#1451 = DIRECTION('',(-0.,1.,0.));
#1452 = DIRECTION('',(1.,0.,0.));
#1453 = PCURVE('',#1369,#1454);
#1454 = DEFINITIONAL_REPRESENTATION('',(#1455),#1463);
#1455 = ( BOUNDED_CURVE() B_SPLINE_CURVE(2,(#1456,#1457,#1458,#1459,
#1460,#1461,#1462),.UNSPECIFIED.,.T.,.F.) B_SPLINE_CURVE_WITH_KNOTS((1,2
    ,2,2,2,1),(-2.094395102393,0.,2.094395102393,4.188790204786,
6.28318530718,8.377580409573),.UNSPECIFIED.) CURVE() 
GEOMETRIC_REPRESENTATION_ITEM() RATIONAL_B_SPLINE_CURVE((1.,0.5,1.,0.5,
1.,0.5,1.)) REPRESENTATION_ITEM('') );
#1456 = CARTESIAN_POINT('',(0.,0.25));
#1457 = CARTESIAN_POINT('',(0.433012701892,0.25));
#1458 = CARTESIAN_POINT('',(0.216506350946,-0.125));
#1459 = CARTESIAN_POINT('',(6.123233995737E-17,-0.5));
#1460 = CARTESIAN_POINT('',(-0.216506350946,-0.125));
#1461 = CARTESIAN_POINT('',(-0.433012701892,0.25));
#1462 = CARTESIAN_POINT('',(0.,0.25));
#1463 = ( GEOMETRIC_REPRESENTATION_CONTEXT(2) 
PARAMETRIC_REPRESENTATION_CONTEXT() REPRESENTATION_CONTEXT('2D SPACE',''
  ) );
#1464 = PCURVE('',#1465,#1470);
#1465 = CYLINDRICAL_SURFACE('',#1466,0.25);
#1466 = AXIS2_PLACEMENT_3D('',#1467,#1468,#1469);
#1467 = CARTESIAN_POINT('',(-40.,0.,3.));
#1468 = DIRECTION('',(-0.,1.,-0.));
#1469 = DIRECTION('',(1.,0.,0.));
#1470 = DEFINITIONAL_REPRESENTATION('',(#1471),#1474);
#1471 = B_SPLINE_CURVE_WITH_KNOTS('',1,(#1472,#1473),.UNSPECIFIED.,.F.,
  .F.,(2,2),(3.14159265359,6.28318530718),.PIECEWISE_BEZIER_KNOTS.);
#1472 = CARTESIAN_POINT('',(-9.424777960769,-12.));
#1473 = CARTESIAN_POINT('',(-6.28318530718,-12.));
#1474 = ( GEOMETRIC_REPRESENTATION_CONTEXT(2) 
PARAMETRIC_REPRESENTATION_CONTEXT() REPRESENTATION_CONTEXT('2D SPACE',''
  ) );
#1475 = ADVANCED_FACE('',(#1476),#1465,.F.);
#1476 = FACE_BOUND('',#1477,.T.);
#1477 = EDGE_LOOP('',(#1478,#1500,#1523,#1687,#1707,#1708,#1729));
#1478 = ORIENTED_EDGE('',*,*,#1479,.F.);
#1479 = EDGE_CURVE('',#961,#58,#1480,.T.);
#1480 = SURFACE_CURVE('',#1481,(#1486,#1493),.PCURVE_S1.);
#1481 = CIRCLE('',#1482,0.25);
#1482 = AXIS2_PLACEMENT_3D('',#1483,#1484,#1485);
#1483 = CARTESIAN_POINT('',(-40.,0.,3.));
#1484 = DIRECTION('',(0.,-1.,0.));
#1485 = DIRECTION('',(5.000000000001E-02,0.,-0.998749217772));
#1486 = PCURVE('',#1465,#1487);
#1487 = DEFINITIONAL_REPRESENTATION('',(#1488),#1492);
#1488 = LINE('',#1489,#1490);
#1489 = CARTESIAN_POINT('',(-4.76240983719,0.));
#1490 = VECTOR('',#1491,1.);
#1491 = DIRECTION('',(-1.,0.));
#1492 = ( GEOMETRIC_REPRESENTATION_CONTEXT(2) 
PARAMETRIC_REPRESENTATION_CONTEXT() REPRESENTATION_CONTEXT('2D SPACE',''
  ) );
#1493 = PCURVE('',#1006,#1494);
#1494 = DEFINITIONAL_REPRESENTATION('',(#1495),#1499);
#1495 = CIRCLE('',#1496,0.25);
#1496 = AXIS2_PLACEMENT_2D('',#1497,#1498);
#1497 = CARTESIAN_POINT('',(0.,0.));
#1498 = DIRECTION('',(0.998749217772,5.000000000001E-02));
#1499 = ( GEOMETRIC_REPRESENTATION_CONTEXT(2) 
PARAMETRIC_REPRESENTATION_CONTEXT() REPRESENTATION_CONTEXT('2D SPACE',''
  ) );
#1500 = ORIENTED_EDGE('',*,*,#1501,.F.);
#1501 = EDGE_CURVE('',#1502,#961,#1504,.T.);
#1502 = VERTEX_POINT('',#1503);
#1503 = CARTESIAN_POINT('',(-40.,0.,2.75));
#1504 = SURFACE_CURVE('',#1505,(#1510,#1516),.PCURVE_S1.);
#1505 = CIRCLE('',#1506,0.25);
#1506 = AXIS2_PLACEMENT_3D('',#1507,#1508,#1509);
#1507 = CARTESIAN_POINT('',(-40.,0.,3.));
#1508 = DIRECTION('',(0.,-1.,0.));
#1509 = DIRECTION('',(1.,0.,0.));
#1510 = PCURVE('',#1465,#1511);
#1511 = DEFINITIONAL_REPRESENTATION('',(#1512),#1515);
#1512 = B_SPLINE_CURVE_WITH_KNOTS('',1,(#1513,#1514),.UNSPECIFIED.,.F.,
  .F.,(2,2),(4.712388980386,4.76240983719),.PIECEWISE_BEZIER_KNOTS.);
#1513 = CARTESIAN_POINT('',(-4.712388980386,0.));
#1514 = CARTESIAN_POINT('',(-4.76240983719,0.));
#1515 = ( GEOMETRIC_REPRESENTATION_CONTEXT(2) 
PARAMETRIC_REPRESENTATION_CONTEXT() REPRESENTATION_CONTEXT('2D SPACE',''
  ) );
#1516 = PCURVE('',#977,#1517);
#1517 = DEFINITIONAL_REPRESENTATION('',(#1518),#1522);
#1518 = CIRCLE('',#1519,0.25);
#1519 = AXIS2_PLACEMENT_2D('',#1520,#1521);
#1520 = CARTESIAN_POINT('',(0.,7.105427357601E-15));
#1521 = DIRECTION('',(0.,1.));
#1522 = ( GEOMETRIC_REPRESENTATION_CONTEXT(2) 
PARAMETRIC_REPRESENTATION_CONTEXT() REPRESENTATION_CONTEXT('2D SPACE',''
  ) );
#1523 = ORIENTED_EDGE('',*,*,#1524,.T.);
#1524 = EDGE_CURVE('',#1502,#1525,#1527,.T.);
#1525 = VERTEX_POINT('',#1526);
#1526 = CARTESIAN_POINT('',(-39.75,-4.465142774872,3.));
#1527 = SURFACE_CURVE('',#1528,(#1579,#1633),.PCURVE_S1.);
#1528 = B_SPLINE_CURVE_WITH_KNOTS('',7,(#1529,#1530,#1531,#1532,#1533,
    #1534,#1535,#1536,#1537,#1538,#1539,#1540,#1541,#1542,#1543,#1544,
    #1545,#1546,#1547,#1548,#1549,#1550,#1551,#1552,#1553,#1554,#1555,
    #1556,#1557,#1558,#1559,#1560,#1561,#1562,#1563,#1564,#1565,#1566,
    #1567,#1568,#1569,#1570,#1571,#1572,#1573,#1574,#1575,#1576,#1577,
    #1578),.UNSPECIFIED.,.F.,.F.,(8,6,6,6,6,6,6,6,8),(0.,
    4.736180414238E-02,0.153544366491,0.588803450575,0.767373254895,
    0.890850321432,0.955103651867,0.97439645815,1.),.UNSPECIFIED.);
#1529 = CARTESIAN_POINT('',(-40.,8.161913687132E-07,2.75));
#1530 = CARTESIAN_POINT('',(-40.00000000078,-3.028079806418E-02,2.75));
#1531 = CARTESIAN_POINT('',(-39.99997325586,-6.056258975867E-02,
    2.749999999995));
#1532 = CARTESIAN_POINT('',(-39.99991976569,-9.084414464472E-02,
    2.749999999996));
#1533 = CARTESIAN_POINT('',(-39.99983953166,-0.121125131574,
    2.750000018028));
#1534 = CARTESIAN_POINT('',(-39.99973255608,-0.151405302499,
    2.750000090133));
#1535 = CARTESIAN_POINT('',(-39.99959884218,-0.18168449247,
    2.750000270368));
#1536 = CARTESIAN_POINT('',(-39.99907867848,-0.279844516956,
    2.750001438879));
#1537 = CARTESIAN_POINT('',(-39.99857208959,-0.350076802946,
    2.750003181523));
#1538 = CARTESIAN_POINT('',(-39.99790620747,-0.421846048463,
    2.750006764921));
#1539 = CARTESIAN_POINT('',(-39.99707620844,-0.494571890876,
    2.750013790887));
#1540 = CARTESIAN_POINT('',(-39.99608165318,-0.567875835344,
    2.750026555085));
#1541 = CARTESIAN_POINT('',(-39.99492327467,-0.641550056102,
    2.75004804525));
#1542 = CARTESIAN_POINT('',(-39.98817449615,-1.01876607953,
    2.750220876938));
#1543 = CARTESIAN_POINT('',(-39.98012486884,-1.318716745446,
    2.750564729762));
#1544 = CARTESIAN_POINT('',(-39.96951551148,-1.617504282213,
    2.751350090038));
#1545 = CARTESIAN_POINT('',(-39.95630907896,-1.916630880622,
    2.752988557576));
#1546 = CARTESIAN_POINT('',(-39.94042869401,-2.216464356059,
    2.756051399161));
#1547 = CARTESIAN_POINT('',(-39.92191557035,-2.515316758843,
    2.761450511449));
#1548 = CARTESIAN_POINT('',(-39.89285448857,-2.928252532477,
    2.773936939077));
#1549 = CARTESIAN_POINT('',(-39.88406891226,-3.047063689991,
    2.778141698589));
#1550 = CARTESIAN_POINT('',(-39.87491177031,-3.165361998016,2.7830258548
    ));
#1551 = CARTESIAN_POINT('',(-39.86535465059,-3.283538188048,
    2.788723806073));
#1552 = CARTESIAN_POINT('',(-39.85540125859,-3.401496400361,
    2.795404299872));
#1553 = CARTESIAN_POINT('',(-39.84511144873,-3.518580739031,
    2.803264377058));
#1554 = CARTESIAN_POINT('',(-39.8273805265,-3.712967506382,
    2.818903530529));
#1555 = CARTESIAN_POINT('',(-39.82012594918,-3.790455710154,
    2.825883250261));
#1556 = CARTESIAN_POINT('',(-39.8127667652,-3.86722900482,2.833622734929
    ));
#1557 = CARTESIAN_POINT('',(-39.80525745422,-3.943765342066,
    2.842323277792));
#1558 = CARTESIAN_POINT('',(-39.79762998248,-4.01971199101,
    2.852211115188));
#1559 = CARTESIAN_POINT('',(-39.79001693765,-4.093840329568,
    2.863516075985));
#1560 = CARTESIAN_POINT('',(-39.77885182558,-4.200511277538,
    2.883152837509));
#1561 = CARTESIAN_POINT('',(-39.77510980919,-4.23588608828,
    2.890299036609));
#1562 = CARTESIAN_POINT('',(-39.77142584385,-4.270367427349,
    2.897992989051));
#1563 = CARTESIAN_POINT('',(-39.76781543444,-4.303837090905,2.9063568042
    ));
#1564 = CARTESIAN_POINT('',(-39.76433407322,-4.335814283906,
    2.91550345148));
#1565 = CARTESIAN_POINT('',(-39.76108037549,-4.365452560795,
    2.925528019118));
#1566 = CARTESIAN_POINT('',(-39.75733411339,-4.399368850837,
    2.939793128774));
#1567 = CARTESIAN_POINT('',(-39.75650076265,-4.40689693759,
    2.943179463288));
#1568 = CARTESIAN_POINT('',(-39.75570377387,-4.414081697221,
    2.946658773795));
#1569 = CARTESIAN_POINT('',(-39.7549480063,-4.420881791136,
    2.950231592734));
#1570 = CARTESIAN_POINT('',(-39.75423856749,-4.427253871393,
    2.953898187628));
#1571 = CARTESIAN_POINT('',(-39.75358081329,-4.433152580698,
    2.957658561084));
#1572 = CARTESIAN_POINT('',(-39.75218346829,-4.445667675003,
    2.966626959531));
#1573 = CARTESIAN_POINT('',(-39.75148466573,-4.451912764092,
    2.971923988523));
#1574 = CARTESIAN_POINT('',(-39.75090368212,-4.457095348721,
    2.977370883054));
#1575 = CARTESIAN_POINT('',(-39.75045597658,-4.461083608145,
    2.982934646756));
#1576 = CARTESIAN_POINT('',(-39.75015258839,-4.463784314399,
    2.988582319495));
#1577 = CARTESIAN_POINT('',(-39.75,-4.465142774871,2.994281355251));
#1578 = CARTESIAN_POINT('',(-39.75,-4.465142774871,3.));
#1579 = PCURVE('',#1465,#1580);
#1580 = DEFINITIONAL_REPRESENTATION('',(#1581),#1632);
#1581 = B_SPLINE_CURVE_WITH_KNOTS('',7,(#1582,#1583,#1584,#1585,#1586,
    #1587,#1588,#1589,#1590,#1591,#1592,#1593,#1594,#1595,#1596,#1597,
    #1598,#1599,#1600,#1601,#1602,#1603,#1604,#1605,#1606,#1607,#1608,
    #1609,#1610,#1611,#1612,#1613,#1614,#1615,#1616,#1617,#1618,#1619,
    #1620,#1621,#1622,#1623,#1624,#1625,#1626,#1627,#1628,#1629,#1630,
    #1631),.UNSPECIFIED.,.F.,.F.,(8,6,6,6,6,6,6,6,8),(1.82365706047E-07,
    4.736180414238E-02,0.153544366491,0.588803450575,0.767373254895,
    0.890850321432,0.955103651867,0.97439645815,1.),.UNSPECIFIED.);
#1582 = CARTESIAN_POINT('',(-4.712388980386,-2.161913688312E-07));
#1583 = CARTESIAN_POINT('',(-4.712388979731,-3.028171384883E-02));
#1584 = CARTESIAN_POINT('',(-4.712495961164,-6.056324079194E-02));
#1585 = CARTESIAN_POINT('',(-4.712709922634,-9.084453584661E-02));
#1586 = CARTESIAN_POINT('',(-4.713030858597,-0.12112535058));
#1587 = CARTESIAN_POINT('',(-4.71345876002,-0.151405449299));
#1588 = CARTESIAN_POINT('',(-4.713993614377,-0.181684609055));
#1589 = CARTESIAN_POINT('',(-4.716074271962,-0.279844516956));
#1590 = CARTESIAN_POINT('',(-4.718100633198,-0.350076802946));
#1591 = CARTESIAN_POINT('',(-4.72076420104,-0.421846048463));
#1592 = CARTESIAN_POINT('',(-4.724084284155,-0.494571890876));
#1593 = CARTESIAN_POINT('',(-4.728062742784,-0.567875835344));
#1594 = CARTESIAN_POINT('',(-4.732696943312,-0.641550056102));
#1595 = CARTESIAN_POINT('',(-4.759700908141,-1.01876607953));
#1596 = CARTESIAN_POINT('',(-4.791924328899,-1.318716745446));
#1597 = CARTESIAN_POINT('',(-4.834443920731,-1.617504282213));
#1598 = CARTESIAN_POINT('',(-4.887544798547,-1.916630880622));
#1599 = CARTESIAN_POINT('',(-4.951923878945,-2.216464356059));
#1600 = CARTESIAN_POINT('',(-5.028487401667,-2.515316758843));
#1601 = CARTESIAN_POINT('',(-5.155007430071,-2.928252532477));
#1602 = CARTESIAN_POINT('',(-5.19393519043,-3.047063689991));
#1603 = CARTESIAN_POINT('',(-5.235382410051,-3.165361998016));
#1604 = CARTESIAN_POINT('',(-5.279790509034,-3.283538188048));
#1605 = CARTESIAN_POINT('',(-5.327610196719,-3.401496400361));
#1606 = CARTESIAN_POINT('',(-5.379275349566,-3.518580739031));
#1607 = CARTESIAN_POINT('',(-5.473845427228,-3.712967506382));
#1608 = CARTESIAN_POINT('',(-5.514075988767,-3.790455710154));
#1609 = CARTESIAN_POINT('',(-5.556724396614,-3.86722900482));
#1610 = CARTESIAN_POINT('',(-5.602590881777,-3.943765342066));
#1611 = CARTESIAN_POINT('',(-5.652395373528,-4.01971199101));
#1612 = CARTESIAN_POINT('',(-5.706757227777,-4.093840329568));
#1613 = CARTESIAN_POINT('',(-5.797113157805,-4.200511277538));
#1614 = CARTESIAN_POINT('',(-5.829359268488,-4.23588608828));
#1615 = CARTESIAN_POINT('',(-5.863446748279,-4.270367427349));
#1616 = CARTESIAN_POINT('',(-5.899831510706,-4.303837090905));
#1617 = CARTESIAN_POINT('',(-5.938905149749,-4.335814283906));
#1618 = CARTESIAN_POINT('',(-5.98099553464,-4.365452560795));
#1619 = CARTESIAN_POINT('',(-6.039990833868,-4.399368850837));
#1620 = CARTESIAN_POINT('',(-6.053938688358,-4.40689693759));
#1621 = CARTESIAN_POINT('',(-6.068213347958,-4.414081697221));
#1622 = CARTESIAN_POINT('',(-6.082816986135,-4.420881791136));
#1623 = CARTESIAN_POINT('',(-6.097751569987,-4.427253871393));
#1624 = CARTESIAN_POINT('',(-6.113018860242,-4.433152580698));
#1625 = CARTESIAN_POINT('',(-6.149325277034,-4.445667675003));
#1626 = CARTESIAN_POINT('',(-6.170691152793,-4.451912764092));
#1627 = CARTESIAN_POINT('',(-6.192591198359,-4.457095348721));
#1628 = CARTESIAN_POINT('',(-6.214904326936,-4.461083608145));
#1629 = CARTESIAN_POINT('',(-6.237514617664,-4.463784314399));
#1630 = CARTESIAN_POINT('',(-6.260310728182,-4.465142774871));
#1631 = CARTESIAN_POINT('',(-6.28318530718,-4.465142774871));
#1632 = ( GEOMETRIC_REPRESENTATION_CONTEXT(2) 
PARAMETRIC_REPRESENTATION_CONTEXT() REPRESENTATION_CONTEXT('2D SPACE',''
  ) );
#1633 = PCURVE('',#280,#1634);
#1634 = DEFINITIONAL_REPRESENTATION('',(#1635),#1686);
#1635 = B_SPLINE_CURVE_WITH_KNOTS('',7,(#1636,#1637,#1638,#1639,#1640,
    #1641,#1642,#1643,#1644,#1645,#1646,#1647,#1648,#1649,#1650,#1651,
    #1652,#1653,#1654,#1655,#1656,#1657,#1658,#1659,#1660,#1661,#1662,
    #1663,#1664,#1665,#1666,#1667,#1668,#1669,#1670,#1671,#1672,#1673,
    #1674,#1675,#1676,#1677,#1678,#1679,#1680,#1681,#1682,#1683,#1684,
    #1685),.UNSPECIFIED.,.F.,.F.,(8,6,6,6,6,6,6,6,8),(0.,
    4.736180414238E-02,0.153544366491,0.588803450575,0.767373254895,
    0.890850321432,0.955103651867,0.97439645815,1.),.UNSPECIFIED.);
#1636 = CARTESIAN_POINT('',(-3.14159262778,-2.75));
#1637 = CARTESIAN_POINT('',(-3.142349668137,-2.75));
#1638 = CARTESIAN_POINT('',(-3.143106716633,-2.749999999995));
#1639 = CARTESIAN_POINT('',(-3.143863759794,-2.749999999996));
#1640 = CARTESIAN_POINT('',(-3.144620787983,-2.750000018028));
#1641 = CARTESIAN_POINT('',(-3.145377795398,-2.750000090133));
#1642 = CARTESIAN_POINT('',(-3.146134780074,-2.750000270368));
#1643 = CARTESIAN_POINT('',(-3.148588815141,-2.750001438879));
#1644 = CARTESIAN_POINT('',(-3.15034466464,-2.750003181523));
#1645 = CARTESIAN_POINT('',(-3.15213896698,-2.750006764921));
#1646 = CARTESIAN_POINT('',(-3.153957223932,-2.750013790887));
#1647 = CARTESIAN_POINT('',(-3.155789984195,-2.750026555085));
#1648 = CARTESIAN_POINT('',(-3.15763206316,-2.75004804525));
#1649 = CARTESIAN_POINT('',(-3.167063972907,-2.750220876938));
#1650 = CARTESIAN_POINT('',(-3.174565139653,-2.750564729762));
#1651 = CARTESIAN_POINT('',(-3.182039088669,-2.751350090038));
#1652 = CARTESIAN_POINT('',(-3.189524032929,-2.752988557576));
#1653 = CARTESIAN_POINT('',(-3.197029892823,-2.756051399161));
#1654 = CARTESIAN_POINT('',(-3.204515260907,-2.761450511449));
#1655 = CARTESIAN_POINT('',(-3.214864188981,-2.773936939077));
#1656 = CARTESIAN_POINT('',(-3.217842558748,-2.778141698589));
#1657 = CARTESIAN_POINT('',(-3.220808835717,-2.7830258548));
#1658 = CARTESIAN_POINT('',(-3.223772853901,-2.788723806073));
#1659 = CARTESIAN_POINT('',(-3.226732260246,-2.795404299872));
#1660 = CARTESIAN_POINT('',(-3.229670634744,-2.803264377058));
#1661 = CARTESIAN_POINT('',(-3.234550478551,-2.818903530529));
#1662 = CARTESIAN_POINT('',(-3.236496149432,-2.825883250261));
#1663 = CARTESIAN_POINT('',(-3.238424271886,-2.833622734929));
#1664 = CARTESIAN_POINT('',(-3.240346859063,-2.842323277792));
#1665 = CARTESIAN_POINT('',(-3.242255068886,-2.852211115188));
#1666 = CARTESIAN_POINT('',(-3.244118021533,-2.863516075985));
#1667 = CARTESIAN_POINT('',(-3.246799363416,-2.883152837509));
#1668 = CARTESIAN_POINT('',(-3.247688667387,-2.890299036609));
#1669 = CARTESIAN_POINT('',(-3.248555606001,-2.897992989051));
#1670 = CARTESIAN_POINT('',(-3.249397200997,-2.9063568042));
#1671 = CARTESIAN_POINT('',(-3.250201354096,-2.91550345148));
#1672 = CARTESIAN_POINT('',(-3.250946762342,-2.925528019118));
#1673 = CARTESIAN_POINT('',(-3.251799826381,-2.939793128774));
#1674 = CARTESIAN_POINT('',(-3.251989178171,-2.943179463288));
#1675 = CARTESIAN_POINT('',(-3.252169898878,-2.946658773795));
#1676 = CARTESIAN_POINT('',(-3.252340947954,-2.950231592734));
#1677 = CARTESIAN_POINT('',(-3.252501234237,-2.953898187628));
#1678 = CARTESIAN_POINT('',(-3.252649615948,-2.957658561084));
#1679 = CARTESIAN_POINT('',(-3.252964437483,-2.966626959531));
#1680 = CARTESIAN_POINT('',(-3.253121539084,-2.971923988523));
#1681 = CARTESIAN_POINT('',(-3.25325191528,-2.977370883054));
#1682 = CARTESIAN_POINT('',(-3.253352248018,-2.982934646756));
#1683 = CARTESIAN_POINT('',(-3.253420190359,-2.988582319495));
#1684 = CARTESIAN_POINT('',(-3.253454365442,-2.994281355251));
#1685 = CARTESIAN_POINT('',(-3.253454365442,-3.));
#1686 = ( GEOMETRIC_REPRESENTATION_CONTEXT(2) 
PARAMETRIC_REPRESENTATION_CONTEXT() REPRESENTATION_CONTEXT('2D SPACE',''
  ) );
#1687 = ORIENTED_EDGE('',*,*,#1688,.T.);
#1688 = EDGE_CURVE('',#1525,#1404,#1689,.T.);
#1689 = SURFACE_CURVE('',#1690,(#1694,#1700),.PCURVE_S1.);
#1690 = LINE('',#1691,#1692);
#1691 = CARTESIAN_POINT('',(-39.75,0.,3.));
#1692 = VECTOR('',#1693,1.);
#1693 = DIRECTION('',(0.,-1.,0.));
#1694 = PCURVE('',#1465,#1695);
#1695 = DEFINITIONAL_REPRESENTATION('',(#1696),#1699);
#1696 = B_SPLINE_CURVE_WITH_KNOTS('',1,(#1697,#1698),.UNSPECIFIED.,.F.,
  .F.,(2,2),(4.465142774872,12.),.PIECEWISE_BEZIER_KNOTS.);
#1697 = CARTESIAN_POINT('',(-6.28318530718,-4.465142774872));
#1698 = CARTESIAN_POINT('',(-6.28318530718,-12.));
#1699 = ( GEOMETRIC_REPRESENTATION_CONTEXT(2) 
PARAMETRIC_REPRESENTATION_CONTEXT() REPRESENTATION_CONTEXT('2D SPACE',''
  ) );
#1700 = PCURVE('',#1340,#1701);
#1701 = DEFINITIONAL_REPRESENTATION('',(#1702),#1706);
#1702 = LINE('',#1703,#1704);
#1703 = CARTESIAN_POINT('',(-39.75,-3.209892110372E-15));
#1704 = VECTOR('',#1705,1.);
#1705 = DIRECTION('',(0.,-1.));
#1706 = ( GEOMETRIC_REPRESENTATION_CONTEXT(2) 
PARAMETRIC_REPRESENTATION_CONTEXT() REPRESENTATION_CONTEXT('2D SPACE',''
  ) );
#1707 = ORIENTED_EDGE('',*,*,#1446,.F.);
#1708 = ORIENTED_EDGE('',*,*,#1709,.T.);
#1709 = EDGE_CURVE('',#1426,#1710,#1712,.T.);
#1710 = VERTEX_POINT('',#1711);
#1711 = CARTESIAN_POINT('',(-40.25,0.,3.));
#1712 = SURFACE_CURVE('',#1713,(#1717,#1723),.PCURVE_S1.);
#1713 = LINE('',#1714,#1715);
#1714 = CARTESIAN_POINT('',(-40.25,0.,3.));
#1715 = VECTOR('',#1716,1.);
#1716 = DIRECTION('',(-0.,1.,-0.));
#1717 = PCURVE('',#1465,#1718);
#1718 = DEFINITIONAL_REPRESENTATION('',(#1719),#1722);
#1719 = B_SPLINE_CURVE_WITH_KNOTS('',1,(#1720,#1721),.UNSPECIFIED.,.F.,
  .F.,(2,2),(-12.,0.),.PIECEWISE_BEZIER_KNOTS.);
#1720 = CARTESIAN_POINT('',(-9.424777960769,-12.));
#1721 = CARTESIAN_POINT('',(-9.424777960769,0.));
#1722 = ( GEOMETRIC_REPRESENTATION_CONTEXT(2) 
PARAMETRIC_REPRESENTATION_CONTEXT() REPRESENTATION_CONTEXT('2D SPACE',''
  ) );
#1723 = PCURVE('',#1340,#1724);
#1724 = DEFINITIONAL_REPRESENTATION('',(#1725),#1728);
#1725 = B_SPLINE_CURVE_WITH_KNOTS('',1,(#1726,#1727),.UNSPECIFIED.,.F.,
  .F.,(2,2),(-12.0000006,6.E-07),.PIECEWISE_BEZIER_KNOTS.);
#1726 = CARTESIAN_POINT('',(-40.25,-12.0000006));
#1727 = CARTESIAN_POINT('',(-40.25,5.999999967901E-07));
#1728 = ( GEOMETRIC_REPRESENTATION_CONTEXT(2) 
PARAMETRIC_REPRESENTATION_CONTEXT() REPRESENTATION_CONTEXT('2D SPACE',''
  ) );
#1729 = ORIENTED_EDGE('',*,*,#1730,.F.);
#1730 = EDGE_CURVE('',#58,#1710,#1731,.T.);
#1731 = SURFACE_CURVE('',#1732,(#1737,#1743),.PCURVE_S1.);
#1732 = CIRCLE('',#1733,0.25);
#1733 = AXIS2_PLACEMENT_3D('',#1734,#1735,#1736);
#1734 = CARTESIAN_POINT('',(-40.,0.,3.));
#1735 = DIRECTION('',(0.,-1.,0.));
#1736 = DIRECTION('',(1.,0.,0.));
#1737 = PCURVE('',#1465,#1738);
#1738 = DEFINITIONAL_REPRESENTATION('',(#1739),#1742);
#1739 = B_SPLINE_CURVE_WITH_KNOTS('',1,(#1740,#1741),.UNSPECIFIED.,.F.,
  .F.,(2,2),(1.520775469989,3.14159265359),.PIECEWISE_BEZIER_KNOTS.);
#1740 = CARTESIAN_POINT('',(-7.803960777169,0.));
#1741 = CARTESIAN_POINT('',(-9.424777960769,0.));
#1742 = ( GEOMETRIC_REPRESENTATION_CONTEXT(2) 
PARAMETRIC_REPRESENTATION_CONTEXT() REPRESENTATION_CONTEXT('2D SPACE',''
  ) );
#1743 = PCURVE('',#79,#1744);
#1744 = DEFINITIONAL_REPRESENTATION('',(#1745),#1749);
#1745 = CIRCLE('',#1746,0.25);
#1746 = AXIS2_PLACEMENT_2D('',#1747,#1748);
#1747 = CARTESIAN_POINT('',(0.,7.105427357601E-15));
#1748 = DIRECTION('',(0.,1.));
#1749 = ( GEOMETRIC_REPRESENTATION_CONTEXT(2) 
PARAMETRIC_REPRESENTATION_CONTEXT() REPRESENTATION_CONTEXT('2D SPACE',''
  ) );
#1750 = ADVANCED_FACE('',(#1751),#403,.T.);
#1751 = FACE_BOUND('',#1752,.F.);
#1752 = EDGE_LOOP('',(#1753,#1908,#1931,#1960,#1979));
#1753 = ORIENTED_EDGE('',*,*,#1754,.F.);
#1754 = EDGE_CURVE('',#1755,#292,#1757,.T.);
#1755 = VERTEX_POINT('',#1756);
#1756 = CARTESIAN_POINT('',(41.,-1.732050807569,3.));
#1757 = SURFACE_CURVE('',#1758,(#1806,#1857),.PCURVE_S1.);
#1758 = B_SPLINE_CURVE_WITH_KNOTS('',6,(#1759,#1760,#1761,#1762,#1763,
    #1764,#1765,#1766,#1767,#1768,#1769,#1770,#1771,#1772,#1773,#1774,
    #1775,#1776,#1777,#1778,#1779,#1780,#1781,#1782,#1783,#1784,#1785,
    #1786,#1787,#1788,#1789,#1790,#1791,#1792,#1793,#1794,#1795,#1796,
    #1797,#1798,#1799,#1800,#1801,#1802,#1803,#1804,#1805),
  .UNSPECIFIED.,.F.,.F.,(7,5,5,5,5,5,5,5,5,7),(0.,0.188473118841,
    0.273596271584,0.361457244018,0.43721005763,0.587679733883,
    0.688454591849,0.809946795056,0.958924735354,1.),.UNSPECIFIED.);
#1759 = CARTESIAN_POINT('',(41.,-1.732050807569,3.));
#1760 = CARTESIAN_POINT('',(41.,-1.732050807569,3.093905320339));
#1761 = CARTESIAN_POINT('',(40.989418607113,-1.738159768053,
    3.187470446792));
#1762 = CARTESIAN_POINT('',(40.96839655561,-1.750297850436,
    3.279566551107));
#1763 = CARTESIAN_POINT('',(40.937094494573,-1.767721271277,
    3.369018930316));
#1764 = CARTESIAN_POINT('',(40.895771278059,-1.789054892532,
    3.454502293645));
#1765 = CARTESIAN_POINT('',(40.822239188205,-1.823337566295,
    3.57074880048));
#1766 = CARTESIAN_POINT('',(40.797414670113,-1.834489644611,
    3.60588257353));
#1767 = CARTESIAN_POINT('',(40.770665845289,-1.845993598937,
    3.639886995007));
#1768 = CARTESIAN_POINT('',(40.742015006988,-1.857707658823,
    3.672658104778));
#1769 = CARTESIAN_POINT('',(40.711486587971,-1.869484349343,
    3.704082653903));
#1770 = CARTESIAN_POINT('',(40.645690881123,-1.893236812677,
    3.764954898367));
#1771 = CARTESIAN_POINT('',(40.610287423087,-1.905212340832,
    3.79432066062));
#1772 = CARTESIAN_POINT('',(40.572950477623,-1.916924442834,
    3.821974362097));
#1773 = CARTESIAN_POINT('',(40.533742270187,-1.928195213495,
    3.847753543368));
#1774 = CARTESIAN_POINT('',(40.492737265574,-1.938848044911,
    3.871491690224));
#1775 = CARTESIAN_POINT('',(40.413196369177,-1.957216732122,
    3.911575245782));
#1776 = CARTESIAN_POINT('',(40.375090173084,-1.96513707368,3.92849302841
    ));
#1777 = CARTESIAN_POINT('',(40.335821543953,-1.972348734456,
    3.943627527211));
#1778 = CARTESIAN_POINT('',(40.295519021502,-1.978739419,3.956855573389)
  );
#1779 = CARTESIAN_POINT('',(40.254321117566,-1.984212784622,
    3.968072010219));
#1780 = CARTESIAN_POINT('',(40.129054173745,-1.997590155084,
    3.995296518736));
#1781 = CARTESIAN_POINT('',(40.042853979837,-2.002558720267,
    4.005102721958));
#1782 = CARTESIAN_POINT('',(39.955454849987,-2.002954759089,
    4.005829064628));
#1783 = CARTESIAN_POINT('',(39.868663585294,-1.998618264104,
    3.997338499263));
#1784 = CARTESIAN_POINT('',(39.784261467796,-1.989992149246,
    3.980074234265));
#1785 = CARTESIAN_POINT('',(39.649986404778,-1.969887358798,
    3.938440222203));
#1786 = CARTESIAN_POINT('',(39.597882205864,-1.96028669565,
    3.918289774141));
#1787 = CARTESIAN_POINT('',(39.547770815783,-1.949371553868,
    3.894936310157));
#1788 = CARTESIAN_POINT('',(39.499863775362,-1.937399696377,
    3.868643276948));
#1789 = CARTESIAN_POINT('',(39.454343319925,-1.924651015896,
    3.839693931479));
#1790 = CARTESIAN_POINT('',(39.359541144862,-1.895455713648,
    3.770662991778));
#1791 = CARTESIAN_POINT('',(39.311349617101,-1.878769037679,
    3.729472596658));
#1792 = CARTESIAN_POINT('',(39.266896237112,-1.861802733378,
    3.685224394447));
#1793 = CARTESIAN_POINT('',(39.226263793815,-1.844998487885,
    3.638273099247));
#1794 = CARTESIAN_POINT('',(39.189520228733,-1.828778308655,3.5889345934
    ));
#1795 = CARTESIAN_POINT('',(39.116524533338,-1.794836264617,
    3.474412067695));
#1796 = CARTESIAN_POINT('',(39.082181243051,-1.777566163838,3.4080379431
    ));
#1797 = CARTESIAN_POINT('',(39.053972306385,-1.762498360339,
    3.339030519238));
#1798 = CARTESIAN_POINT('',(39.032046849696,-1.750315797491,
    3.268003906287));
#1799 = CARTESIAN_POINT('',(39.016512486367,-1.741510996472,
    3.195515054581));
#1800 = CARTESIAN_POINT('',(39.004989779724,-1.734924462265,
    3.101836983503));
#1801 = CARTESIAN_POINT('',(39.002995088033,-1.733778571095,
    3.081530383955));
#1802 = CARTESIAN_POINT('',(39.001497851757,-1.732915595502,
    3.061178206711));
#1803 = CARTESIAN_POINT('',(39.000499279593,-1.732339075675,
    3.040795478181));
#1804 = CARTESIAN_POINT('',(38.999999987761,-1.732050800503,
    3.020397410193));
#1805 = CARTESIAN_POINT('',(39.,-1.732050807569,2.9999994));
#1806 = PCURVE('',#403,#1807);
#1807 = DEFINITIONAL_REPRESENTATION('',(#1808),#1856);
#1808 = B_SPLINE_CURVE_WITH_KNOTS('',6,(#1809,#1810,#1811,#1812,#1813,
    #1814,#1815,#1816,#1817,#1818,#1819,#1820,#1821,#1822,#1823,#1824,
    #1825,#1826,#1827,#1828,#1829,#1830,#1831,#1832,#1833,#1834,#1835,
    #1836,#1837,#1838,#1839,#1840,#1841,#1842,#1843,#1844,#1845,#1846,
    #1847,#1848,#1849,#1850,#1851,#1852,#1853,#1854,#1855),
  .UNSPECIFIED.,.F.,.F.,(7,5,5,5,5,5,5,5,5,7),(0.,0.188473118841,
    0.273596271584,0.361457244018,0.43721005763,0.587679733883,
    0.688454591849,0.809946795056,0.958924735354,1.),.UNSPECIFIED.);
#1809 = CARTESIAN_POINT('',(0.,-1.732050807569));
#1810 = CARTESIAN_POINT('',(-9.390532033891E-02,-1.732050807569));
#1811 = CARTESIAN_POINT('',(-0.187469934745,-1.738159768053));
#1812 = CARTESIAN_POINT('',(-0.281058897586,-1.750297850436));
#1813 = CARTESIAN_POINT('',(-0.374923628263,-1.767721271277));
#1814 = CARTESIAN_POINT('',(-0.469257299901,-1.789054892532));
#1815 = CARTESIAN_POINT('',(-0.606808085394,-1.823337566295));
#1816 = CARTESIAN_POINT('',(-0.649770953891,-1.834489644611));
#1817 = CARTESIAN_POINT('',(-0.692949187132,-1.845993598937));
#1818 = CARTESIAN_POINT('',(-0.73638957619,-1.857707658823));
#1819 = CARTESIAN_POINT('',(-0.780139281334,-1.869484349343));
#1820 = CARTESIAN_POINT('',(-0.869774682743,-1.893236812677));
#1821 = CARTESIAN_POINT('',(-0.915704659375,-1.905212340832));
#1822 = CARTESIAN_POINT('',(-0.962061215343,-1.916924442834));
#1823 = CARTESIAN_POINT('',(-1.008872875187,-1.928195213495));
#1824 = CARTESIAN_POINT('',(-1.056173800074,-1.938848044911));
#1825 = CARTESIAN_POINT('',(-1.145243691877,-1.957216732122));
#1826 = CARTESIAN_POINT('',(-1.18688653249,-1.96513707368));
#1827 = CARTESIAN_POINT('',(-1.228891278486,-1.972348734456));
#1828 = CARTESIAN_POINT('',(-1.271226025471,-1.978739419));
#1829 = CARTESIAN_POINT('',(-1.313866251047,-1.984212784622));
#1830 = CARTESIAN_POINT('',(-1.442057440598,-1.997590155084));
#1831 = CARTESIAN_POINT('',(-1.528373476061,-2.002558720267));
#1832 = CARTESIAN_POINT('',(-1.615050785957,-2.002954759089));
#1833 = CARTESIAN_POINT('',(-1.701539078741,-1.998618264104));
#1834 = CARTESIAN_POINT('',(-1.787267459895,-1.989992149246));
#1835 = CARTESIAN_POINT('',(-1.927849050115,-1.969887358798));
#1836 = CARTESIAN_POINT('',(-1.983583664044,-1.96028669565));
#1837 = CARTESIAN_POINT('',(-2.038685599752,-1.949371553868));
#1838 = CARTESIAN_POINT('',(-2.093161505583,-1.937399696377));
#1839 = CARTESIAN_POINT('',(-2.147000645954,-1.924651015896));
#1840 = CARTESIAN_POINT('',(-2.264272650426,-1.895455713648));
#1841 = CARTESIAN_POINT('',(-2.327476881836,-1.878769037679));
#1842 = CARTESIAN_POINT('',(-2.389932773167,-1.861802733378));
#1843 = CARTESIAN_POINT('',(-2.451773803966,-1.844998487885));
#1844 = CARTESIAN_POINT('',(-2.513128710554,-1.828778308655));
#1845 = CARTESIAN_POINT('',(-2.648936591181,-1.794836264617));
#1846 = CARTESIAN_POINT('',(-2.723367030233,-1.777566163838));
#1847 = CARTESIAN_POINT('',(-2.797474561095,-1.762498360339));
#1848 = CARTESIAN_POINT('',(-2.871375808324,-1.750315797491));
#1849 = CARTESIAN_POINT('',(-2.945218866753,-1.741510996472));
#1850 = CARTESIAN_POINT('',(-3.039602942577,-1.734924462265));
#1851 = CARTESIAN_POINT('',(-3.060001157181,-1.733778571095));
#1852 = CARTESIAN_POINT('',(-3.080399170388,-1.732915595502));
#1853 = CARTESIAN_POINT('',(-3.100797182395,-1.732339075675));
#1854 = CARTESIAN_POINT('',(-3.121195243397,-1.732050800503));
#1855 = CARTESIAN_POINT('',(-3.14159325359,-1.732050807569));
#1856 = ( GEOMETRIC_REPRESENTATION_CONTEXT(2) 
PARAMETRIC_REPRESENTATION_CONTEXT() REPRESENTATION_CONTEXT('2D SPACE',''
  ) );
#1857 = PCURVE('',#547,#1858);
#1858 = DEFINITIONAL_REPRESENTATION('',(#1859),#1907);
#1859 = B_SPLINE_CURVE_WITH_KNOTS('',6,(#1860,#1861,#1862,#1863,#1864,
    #1865,#1866,#1867,#1868,#1869,#1870,#1871,#1872,#1873,#1874,#1875,
    #1876,#1877,#1878,#1879,#1880,#1881,#1882,#1883,#1884,#1885,#1886,
    #1887,#1888,#1889,#1890,#1891,#1892,#1893,#1894,#1895,#1896,#1897,
    #1898,#1899,#1900,#1901,#1902,#1903,#1904,#1905,#1906),
  .UNSPECIFIED.,.F.,.F.,(7,5,5,5,5,5,5,5,5,7),(0.,0.188473118841,
    0.273596271584,0.361457244018,0.43721005763,0.587679733883,
    0.688454591849,0.809946795056,0.958924735354,1.),.UNSPECIFIED.);
#1860 = CARTESIAN_POINT('',(-5.235987755983,2.22044604925E-16));
#1861 = CARTESIAN_POINT('',(-5.235987755983,-9.390532033891E-02));
#1862 = CARTESIAN_POINT('',(-5.229878889398,-0.187470446792));
#1863 = CARTESIAN_POINT('',(-5.217740360453,-0.279566551107));
#1864 = CARTESIAN_POINT('',(-5.199833306374,-0.369018930316));
#1865 = CARTESIAN_POINT('',(-5.176599901378,-0.454502293645));
#1866 = CARTESIAN_POINT('',(-5.136034306477,-0.57074880048));
#1867 = CARTESIAN_POINT('',(-5.122428426563,-0.60588257353));
#1868 = CARTESIAN_POINT('',(-5.107872566007,-0.639886995007));
#1869 = CARTESIAN_POINT('',(-5.092400299284,-0.672658104778));
#1870 = CARTESIAN_POINT('',(-5.076043582657,-0.704082653903));
#1871 = CARTESIAN_POINT('',(-5.041067681833,-0.764954898367));
#1872 = CARTESIAN_POINT('',(-5.022384489243,-0.79432066062));
#1873 = CARTESIAN_POINT('',(-5.002826681387,-0.821974362097));
#1874 = CARTESIAN_POINT('',(-4.982438274255,-0.847753543368));
#1875 = CARTESIAN_POINT('',(-4.961263047919,-0.871491690224));
#1876 = CARTESIAN_POINT('',(-4.920445885874,-0.911575245782));
#1877 = CARTESIAN_POINT('',(-4.900990284582,-0.92849302841));
#1878 = CARTESIAN_POINT('',(-4.881036010862,-0.943627527211));
#1879 = CARTESIAN_POINT('',(-4.86064244361,-0.956855573389));
#1880 = CARTESIAN_POINT('',(-4.839869368969,-0.968072010219));
#1881 = CARTESIAN_POINT('',(-4.776879764162,-0.995296518736));
#1882 = CARTESIAN_POINT('',(-4.733759350769,-1.005102721958));
#1883 = CARTESIAN_POINT('',(-4.690154406146,-1.005829064628));
#1884 = CARTESIAN_POINT('',(-4.646796031619,-0.997338499263));
#1885 = CARTESIAN_POINT('',(-4.60442136398,-0.980074234265));
#1886 = CARTESIAN_POINT('',(-4.536535439174,-0.938440222203));
#1887 = CARTESIAN_POINT('',(-4.510059791368,-0.918289774141));
#1888 = CARTESIAN_POINT('',(-4.484435649051,-0.894936310157));
#1889 = CARTESIAN_POINT('',(-4.459761024378,-0.868643276948));
#1890 = CARTESIAN_POINT('',(-4.43613276294,-0.839693931479));
#1891 = CARTESIAN_POINT('',(-4.386534834379,-0.770662991778));
#1892 = CARTESIAN_POINT('',(-4.361050786802,-0.729472596658));
#1893 = CARTESIAN_POINT('',(-4.337275813986,-0.685224394447));
#1894 = CARTESIAN_POINT('',(-4.315300610068,-0.638273099247));
#1895 = CARTESIAN_POINT('',(-4.295222169238,-0.5889345934));
#1896 = CARTESIAN_POINT('',(-4.254971598125,-0.474412067695));
#1897 = CARTESIAN_POINT('',(-4.235760153307,-0.4080379431));
#1898 = CARTESIAN_POINT('',(-4.219774280441,-0.339030519238));
#1899 = CARTESIAN_POINT('',(-4.207233383061,-0.268003906287));
#1900 = CARTESIAN_POINT('',(-4.198305430113,-0.195515054581));
#1901 = CARTESIAN_POINT('',(-4.191669256493,-0.101836983503));
#1902 = CARTESIAN_POINT('',(-4.190519055302,-8.15303839552E-02));
#1903 = CARTESIAN_POINT('',(-4.18965499096,-6.117820671122E-02));
#1904 = CARTESIAN_POINT('',(-4.18907846734,-4.07954781806E-02));
#1905 = CARTESIAN_POINT('',(-4.18879019772,-2.039741019328E-02));
#1906 = CARTESIAN_POINT('',(-4.188790204786,5.999999999062E-07));
#1907 = ( GEOMETRIC_REPRESENTATION_CONTEXT(2) 
PARAMETRIC_REPRESENTATION_CONTEXT() REPRESENTATION_CONTEXT('2D SPACE',''
  ) );
#1908 = ORIENTED_EDGE('',*,*,#1909,.T.);
#1909 = EDGE_CURVE('',#1755,#1910,#1912,.T.);
#1910 = VERTEX_POINT('',#1911);
#1911 = CARTESIAN_POINT('',(41.,-12.,3.));
#1912 = SURFACE_CURVE('',#1913,(#1917,#1924),.PCURVE_S1.);
#1913 = LINE('',#1914,#1915);
#1914 = CARTESIAN_POINT('',(41.,0.,3.));
#1915 = VECTOR('',#1916,1.);
#1916 = DIRECTION('',(0.,-1.,0.));
#1917 = PCURVE('',#403,#1918);
#1918 = DEFINITIONAL_REPRESENTATION('',(#1919),#1923);
#1919 = LINE('',#1920,#1921);
#1920 = CARTESIAN_POINT('',(-0.,0.));
#1921 = VECTOR('',#1922,1.);
#1922 = DIRECTION('',(-0.,-1.));
#1923 = ( GEOMETRIC_REPRESENTATION_CONTEXT(2) 
PARAMETRIC_REPRESENTATION_CONTEXT() REPRESENTATION_CONTEXT('2D SPACE',''
  ) );
#1924 = PCURVE('',#1340,#1925);
#1925 = DEFINITIONAL_REPRESENTATION('',(#1926),#1930);
#1926 = LINE('',#1927,#1928);
#1927 = CARTESIAN_POINT('',(41.,-3.209892110372E-15));
#1928 = VECTOR('',#1929,1.);
#1929 = DIRECTION('',(0.,-1.));
#1930 = ( GEOMETRIC_REPRESENTATION_CONTEXT(2) 
PARAMETRIC_REPRESENTATION_CONTEXT() REPRESENTATION_CONTEXT('2D SPACE',''
  ) );
#1931 = ORIENTED_EDGE('',*,*,#1932,.T.);
#1932 = EDGE_CURVE('',#1910,#1933,#1935,.T.);
#1933 = VERTEX_POINT('',#1934);
#1934 = CARTESIAN_POINT('',(39.,-12.,3.));
#1935 = SURFACE_CURVE('',#1936,(#1941,#1948),.PCURVE_S1.);
#1936 = CIRCLE('',#1937,1.);
#1937 = AXIS2_PLACEMENT_3D('',#1938,#1939,#1940);
#1938 = CARTESIAN_POINT('',(40.,-12.,3.));
#1939 = DIRECTION('',(0.,-1.,0.));
#1940 = DIRECTION('',(1.,0.,0.));
#1941 = PCURVE('',#403,#1942);
#1942 = DEFINITIONAL_REPRESENTATION('',(#1943),#1947);
#1943 = LINE('',#1944,#1945);
#1944 = CARTESIAN_POINT('',(-0.,-12.));
#1945 = VECTOR('',#1946,1.);
#1946 = DIRECTION('',(-1.,0.));
#1947 = ( GEOMETRIC_REPRESENTATION_CONTEXT(2) 
PARAMETRIC_REPRESENTATION_CONTEXT() REPRESENTATION_CONTEXT('2D SPACE',''
  ) );
#1948 = PCURVE('',#1949,#1954);
#1949 = PLANE('',#1950);
#1950 = AXIS2_PLACEMENT_3D('',#1951,#1952,#1953);
#1951 = CARTESIAN_POINT('',(40.,-12.,3.));
#1952 = DIRECTION('',(-0.,-1.,-0.));
#1953 = DIRECTION('',(0.,0.,-1.));
#1954 = DEFINITIONAL_REPRESENTATION('',(#1955),#1959);
#1955 = CIRCLE('',#1956,1.);
#1956 = AXIS2_PLACEMENT_2D('',#1957,#1958);
#1957 = CARTESIAN_POINT('',(0.,0.));
#1958 = DIRECTION('',(0.,1.));
#1959 = ( GEOMETRIC_REPRESENTATION_CONTEXT(2) 
PARAMETRIC_REPRESENTATION_CONTEXT() REPRESENTATION_CONTEXT('2D SPACE',''
  ) );
#1960 = ORIENTED_EDGE('',*,*,#1961,.T.);
#1961 = EDGE_CURVE('',#1933,#264,#1962,.T.);
#1962 = SURFACE_CURVE('',#1963,(#1967,#1973),.PCURVE_S1.);
#1963 = LINE('',#1964,#1965);
#1964 = CARTESIAN_POINT('',(39.,0.,3.));
#1965 = VECTOR('',#1966,1.);
#1966 = DIRECTION('',(-0.,1.,-0.));
#1967 = PCURVE('',#403,#1968);
#1968 = DEFINITIONAL_REPRESENTATION('',(#1969),#1972);
#1969 = B_SPLINE_CURVE_WITH_KNOTS('',1,(#1970,#1971),.UNSPECIFIED.,.F.,
  .F.,(2,2),(-12.0000006,6.E-07),.PIECEWISE_BEZIER_KNOTS.);
#1970 = CARTESIAN_POINT('',(-3.14159265359,-12.0000006));
#1971 = CARTESIAN_POINT('',(-3.14159265359,6.E-07));
#1972 = ( GEOMETRIC_REPRESENTATION_CONTEXT(2) 
PARAMETRIC_REPRESENTATION_CONTEXT() REPRESENTATION_CONTEXT('2D SPACE',''
  ) );
#1973 = PCURVE('',#1340,#1974);
#1974 = DEFINITIONAL_REPRESENTATION('',(#1975),#1978);
#1975 = B_SPLINE_CURVE_WITH_KNOTS('',1,(#1976,#1977),.UNSPECIFIED.,.F.,
  .F.,(2,2),(-12.0000006,6.E-07),.PIECEWISE_BEZIER_KNOTS.);
#1976 = CARTESIAN_POINT('',(39.,-12.0000006));
#1977 = CARTESIAN_POINT('',(39.,5.999999967901E-07));
#1978 = ( GEOMETRIC_REPRESENTATION_CONTEXT(2) 
PARAMETRIC_REPRESENTATION_CONTEXT() REPRESENTATION_CONTEXT('2D SPACE',''
  ) );
#1979 = ORIENTED_EDGE('',*,*,#291,.T.);
#1980 = ADVANCED_FACE('',(#1981),#1949,.T.);
#1981 = FACE_BOUND('',#1982,.T.);
#1982 = EDGE_LOOP('',(#1983,#2004,#2005,#2026));
#1983 = ORIENTED_EDGE('',*,*,#1984,.F.);
#1984 = EDGE_CURVE('',#1910,#1985,#1987,.T.);
#1985 = VERTEX_POINT('',#1986);
#1986 = CARTESIAN_POINT('',(40.25,-12.,3.));
#1987 = SURFACE_CURVE('',#1988,(#1992,#1998),.PCURVE_S1.);
#1988 = LINE('',#1989,#1990);
#1989 = CARTESIAN_POINT('',(20.,-12.,3.));
#1990 = VECTOR('',#1991,1.);
#1991 = DIRECTION('',(-1.,0.,0.));
#1992 = PCURVE('',#1949,#1993);
#1993 = DEFINITIONAL_REPRESENTATION('',(#1994),#1997);
#1994 = B_SPLINE_CURVE_WITH_KNOTS('',1,(#1995,#1996),.UNSPECIFIED.,.F.,
  .F.,(2,2),(-21.,-19.),.PIECEWISE_BEZIER_KNOTS.);
#1995 = CARTESIAN_POINT('',(0.,1.));
#1996 = CARTESIAN_POINT('',(0.,-1.));
#1997 = ( GEOMETRIC_REPRESENTATION_CONTEXT(2) 
PARAMETRIC_REPRESENTATION_CONTEXT() REPRESENTATION_CONTEXT('2D SPACE',''
  ) );
#1998 = PCURVE('',#1340,#1999);
#1999 = DEFINITIONAL_REPRESENTATION('',(#2000),#2003);
#2000 = B_SPLINE_CURVE_WITH_KNOTS('',1,(#2001,#2002),.UNSPECIFIED.,.F.,
  .F.,(2,2),(-21.,-19.),.PIECEWISE_BEZIER_KNOTS.);
#2001 = CARTESIAN_POINT('',(41.,-12.));
#2002 = CARTESIAN_POINT('',(39.,-12.));
#2003 = ( GEOMETRIC_REPRESENTATION_CONTEXT(2) 
PARAMETRIC_REPRESENTATION_CONTEXT() REPRESENTATION_CONTEXT('2D SPACE',''
  ) );
#2004 = ORIENTED_EDGE('',*,*,#1932,.T.);
#2005 = ORIENTED_EDGE('',*,*,#2006,.F.);
#2006 = EDGE_CURVE('',#2007,#1933,#2009,.T.);
#2007 = VERTEX_POINT('',#2008);
#2008 = CARTESIAN_POINT('',(39.75,-12.,3.));
#2009 = SURFACE_CURVE('',#2010,(#2014,#2020),.PCURVE_S1.);
#2010 = LINE('',#2011,#2012);
#2011 = CARTESIAN_POINT('',(20.,-12.,3.));
#2012 = VECTOR('',#2013,1.);
#2013 = DIRECTION('',(-1.,0.,0.));
#2014 = PCURVE('',#1949,#2015);
#2015 = DEFINITIONAL_REPRESENTATION('',(#2016),#2019);
#2016 = B_SPLINE_CURVE_WITH_KNOTS('',1,(#2017,#2018),.UNSPECIFIED.,.F.,
  .F.,(2,2),(-21.,-19.),.PIECEWISE_BEZIER_KNOTS.);
#2017 = CARTESIAN_POINT('',(0.,1.));
#2018 = CARTESIAN_POINT('',(0.,-1.));
#2019 = ( GEOMETRIC_REPRESENTATION_CONTEXT(2) 
PARAMETRIC_REPRESENTATION_CONTEXT() REPRESENTATION_CONTEXT('2D SPACE',''
  ) );
#2020 = PCURVE('',#1340,#2021);
#2021 = DEFINITIONAL_REPRESENTATION('',(#2022),#2025);
#2022 = B_SPLINE_CURVE_WITH_KNOTS('',1,(#2023,#2024),.UNSPECIFIED.,.F.,
  .F.,(2,2),(-21.,-19.),.PIECEWISE_BEZIER_KNOTS.);
#2023 = CARTESIAN_POINT('',(41.,-12.));
#2024 = CARTESIAN_POINT('',(39.,-12.));
#2025 = ( GEOMETRIC_REPRESENTATION_CONTEXT(2) 
PARAMETRIC_REPRESENTATION_CONTEXT() REPRESENTATION_CONTEXT('2D SPACE',''
  ) );
#2026 = ORIENTED_EDGE('',*,*,#2027,.T.);
#2027 = EDGE_CURVE('',#2007,#1985,#2028,.T.);
#2028 = SURFACE_CURVE('',#2029,(#2034,#2045),.PCURVE_S1.);
#2029 = CIRCLE('',#2030,0.25);
#2030 = AXIS2_PLACEMENT_3D('',#2031,#2032,#2033);
#2031 = CARTESIAN_POINT('',(40.,-12.,3.));
#2032 = DIRECTION('',(-0.,1.,0.));
#2033 = DIRECTION('',(1.,0.,0.));
#2034 = PCURVE('',#1949,#2035);
#2035 = DEFINITIONAL_REPRESENTATION('',(#2036),#2044);
#2036 = ( BOUNDED_CURVE() B_SPLINE_CURVE(2,(#2037,#2038,#2039,#2040,
#2041,#2042,#2043),.UNSPECIFIED.,.T.,.F.) B_SPLINE_CURVE_WITH_KNOTS((1,2
    ,2,2,2,1),(-2.094395102393,0.,2.094395102393,4.188790204786,
6.28318530718,8.377580409573),.UNSPECIFIED.) CURVE() 
GEOMETRIC_REPRESENTATION_ITEM() RATIONAL_B_SPLINE_CURVE((1.,0.5,1.,0.5,
1.,0.5,1.)) REPRESENTATION_ITEM('') );
#2037 = CARTESIAN_POINT('',(0.,0.25));
#2038 = CARTESIAN_POINT('',(0.433012701892,0.25));
#2039 = CARTESIAN_POINT('',(0.216506350946,-0.125));
#2040 = CARTESIAN_POINT('',(6.123233995737E-17,-0.5));
#2041 = CARTESIAN_POINT('',(-0.216506350946,-0.125));
#2042 = CARTESIAN_POINT('',(-0.433012701892,0.25));
#2043 = CARTESIAN_POINT('',(0.,0.25));
#2044 = ( GEOMETRIC_REPRESENTATION_CONTEXT(2) 
PARAMETRIC_REPRESENTATION_CONTEXT() REPRESENTATION_CONTEXT('2D SPACE',''
  ) );
#2045 = PCURVE('',#2046,#2051);
#2046 = CYLINDRICAL_SURFACE('',#2047,0.25);
#2047 = AXIS2_PLACEMENT_3D('',#2048,#2049,#2050);
#2048 = CARTESIAN_POINT('',(40.,0.,3.));
#2049 = DIRECTION('',(-0.,1.,-0.));
#2050 = DIRECTION('',(1.,0.,0.));
#2051 = DEFINITIONAL_REPRESENTATION('',(#2052),#2056);
#2052 = LINE('',#2053,#2054);
#2053 = CARTESIAN_POINT('',(-6.28318530718,-12.));
#2054 = VECTOR('',#2055,1.);
#2055 = DIRECTION('',(1.,-0.));
#2056 = ( GEOMETRIC_REPRESENTATION_CONTEXT(2) 
PARAMETRIC_REPRESENTATION_CONTEXT() REPRESENTATION_CONTEXT('2D SPACE',''
  ) );
#2057 = ADVANCED_FACE('',(#2058),#2046,.F.);
#2058 = FACE_BOUND('',#2059,.T.);
#2059 = EDGE_LOOP('',(#2060,#2091,#2114,#2181,#2209,#2276,#2297,#2298,
    #2319,#2491,#2513));
#2060 = ORIENTED_EDGE('',*,*,#2061,.F.);
#2061 = EDGE_CURVE('',#2062,#2064,#2066,.T.);
#2062 = VERTEX_POINT('',#2063);
#2063 = CARTESIAN_POINT('',(40.25,0.,3.));
#2064 = VERTEX_POINT('',#2065);
#2065 = CARTESIAN_POINT('',(39.9875,-4.89705638809E-15,3.249687304443));
#2066 = SURFACE_CURVE('',#2067,(#2072,#2079),.PCURVE_S1.);
#2067 = CIRCLE('',#2068,0.25);
#2068 = AXIS2_PLACEMENT_3D('',#2069,#2070,#2071);
#2069 = CARTESIAN_POINT('',(40.,0.,3.));
#2070 = DIRECTION('',(0.,-1.,0.));
#2071 = DIRECTION('',(1.,0.,0.));
#2072 = PCURVE('',#2046,#2073);
#2073 = DEFINITIONAL_REPRESENTATION('',(#2074),#2078);
#2074 = LINE('',#2075,#2076);
#2075 = CARTESIAN_POINT('',(-0.,0.));
#2076 = VECTOR('',#2077,1.);
#2077 = DIRECTION('',(-1.,0.));
#2078 = ( GEOMETRIC_REPRESENTATION_CONTEXT(2) 
PARAMETRIC_REPRESENTATION_CONTEXT() REPRESENTATION_CONTEXT('2D SPACE',''
  ) );
#2079 = PCURVE('',#2080,#2085);
#2080 = PLANE('',#2081);
#2081 = AXIS2_PLACEMENT_3D('',#2082,#2083,#2084);
#2082 = CARTESIAN_POINT('',(40.,0.,3.));
#2083 = DIRECTION('',(-0.,-1.,-0.));
#2084 = DIRECTION('',(0.,0.,-1.));
#2085 = DEFINITIONAL_REPRESENTATION('',(#2086),#2090);
#2086 = CIRCLE('',#2087,0.25);
#2087 = AXIS2_PLACEMENT_2D('',#2088,#2089);
#2088 = CARTESIAN_POINT('',(0.,0.));
#2089 = DIRECTION('',(0.,1.));
#2090 = ( GEOMETRIC_REPRESENTATION_CONTEXT(2) 
PARAMETRIC_REPRESENTATION_CONTEXT() REPRESENTATION_CONTEXT('2D SPACE',''
  ) );
#2091 = ORIENTED_EDGE('',*,*,#2092,.T.);
#2092 = EDGE_CURVE('',#2062,#2093,#2095,.T.);
#2093 = VERTEX_POINT('',#2094);
#2094 = CARTESIAN_POINT('',(40.25,-1.224744871392,2.9999999));
#2095 = SURFACE_CURVE('',#2096,(#2100,#2107),.PCURVE_S1.);
#2096 = LINE('',#2097,#2098);
#2097 = CARTESIAN_POINT('',(40.25,0.,3.));
#2098 = VECTOR('',#2099,1.);
#2099 = DIRECTION('',(0.,-1.,0.));
#2100 = PCURVE('',#2046,#2101);
#2101 = DEFINITIONAL_REPRESENTATION('',(#2102),#2106);
#2102 = LINE('',#2103,#2104);
#2103 = CARTESIAN_POINT('',(-0.,0.));
#2104 = VECTOR('',#2105,1.);
#2105 = DIRECTION('',(-0.,-1.));
#2106 = ( GEOMETRIC_REPRESENTATION_CONTEXT(2) 
PARAMETRIC_REPRESENTATION_CONTEXT() REPRESENTATION_CONTEXT('2D SPACE',''
  ) );
#2107 = PCURVE('',#1081,#2108);
#2108 = DEFINITIONAL_REPRESENTATION('',(#2109),#2113);
#2109 = LINE('',#2110,#2111);
#2110 = CARTESIAN_POINT('',(40.25,-3.209892110372E-15));
#2111 = VECTOR('',#2112,1.);
#2112 = DIRECTION('',(0.,-1.));
#2113 = ( GEOMETRIC_REPRESENTATION_CONTEXT(2) 
PARAMETRIC_REPRESENTATION_CONTEXT() REPRESENTATION_CONTEXT('2D SPACE',''
  ) );
#2114 = ORIENTED_EDGE('',*,*,#2115,.T.);
#2115 = EDGE_CURVE('',#2093,#2116,#2118,.T.);
#2116 = VERTEX_POINT('',#2117);
#2117 = CARTESIAN_POINT('',(39.75,-1.224744871392,2.9999998));
#2118 = SURFACE_CURVE('',#2119,(#2136,#2156),.PCURVE_S1.);
#2119 = B_SPLINE_CURVE_WITH_KNOTS('',8,(#2120,#2121,#2122,#2123,#2124,
    #2125,#2126,#2127,#2128,#2129,#2130,#2131,#2132,#2133,#2134,#2135),
  .UNSPECIFIED.,.F.,.F.,(9,7,9),(0.,0.499999474623,1.),.UNSPECIFIED.);
#2120 = CARTESIAN_POINT('',(40.25,-1.224744871392,3.));
#2121 = CARTESIAN_POINT('',(40.25,-1.224744871392,3.048936132949));
#2122 = CARTESIAN_POINT('',(40.239052419576,-1.22697963052,
    3.097882066122));
#2123 = CARTESIAN_POINT('',(40.217151141345,-1.231449514694,
    3.143892416425));
#2124 = CARTESIAN_POINT('',(40.18528609476,-1.23738595798,3.184215738753
    ));
#2125 = CARTESIAN_POINT('',(40.145105397186,-1.243293716904,
    3.216470924538));
#2126 = CARTESIAN_POINT('',(40.098917337373,-1.247756953208,
    3.238784418558));
#2127 = CARTESIAN_POINT('',(40.049531152596,-1.25,3.25));
#2128 = CARTESIAN_POINT('',(39.950468743314,-1.25,3.25));
#2129 = CARTESIAN_POINT('',(39.901082458607,-1.247756943765,
    3.238784371429));
#2130 = CARTESIAN_POINT('',(39.854894317548,-1.243293689404,
    3.216470786617));
#2131 = CARTESIAN_POINT('',(39.814713574523,-1.237385909186,
    3.184215473057));
#2132 = CARTESIAN_POINT('',(39.782848532684,-1.231449453874,
    3.143892001768));
#2133 = CARTESIAN_POINT('',(39.760947314631,-1.226979576287,
    3.097881503168));
#2134 = CARTESIAN_POINT('',(39.749999843405,-1.224744839427,
    3.048935438957));
#2135 = CARTESIAN_POINT('',(39.750000000001,-1.224744871392,2.9999992));
#2136 = PCURVE('',#2046,#2137);
#2137 = DEFINITIONAL_REPRESENTATION('',(#2138),#2155);
#2138 = B_SPLINE_CURVE_WITH_KNOTS('',8,(#2139,#2140,#2141,#2142,#2143,
    #2144,#2145,#2146,#2147,#2148,#2149,#2150,#2151,#2152,#2153,#2154),
  .UNSPECIFIED.,.F.,.F.,(9,7,9),(0.,0.499999474623,1.),.UNSPECIFIED.);
#2139 = CARTESIAN_POINT('',(0.,-1.224744871392));
#2140 = CARTESIAN_POINT('',(-0.195744531796,-1.224744871392));
#2141 = CARTESIAN_POINT('',(-0.3915261947,-1.22697963052));
#2142 = CARTESIAN_POINT('',(-0.587009119944,-1.231449514694));
#2143 = CARTESIAN_POINT('',(-0.782566009201,-1.23738595798));
#2144 = CARTESIAN_POINT('',(-0.978515605953,-1.243293716904));
#2145 = CARTESIAN_POINT('',(-1.175128548908,-1.247756953208));
#2146 = CARTESIAN_POINT('',(-1.372671716412,-1.25));
#2147 = CARTESIAN_POINT('',(-1.768921353539,-1.25));
#2148 = CARTESIAN_POINT('',(-1.966464920796,-1.247756943765));
#2149 = CARTESIAN_POINT('',(-2.163078263224,-1.243293689404));
#2150 = CARTESIAN_POINT('',(-2.3590282571,-1.237385909186));
#2151 = CARTESIAN_POINT('',(-2.554585538764,-1.231449453874));
#2152 = CARTESIAN_POINT('',(-2.750068850774,-1.226979576287));
#2153 = CARTESIAN_POINT('',(-2.945850897761,-1.224744839427));
#2154 = CARTESIAN_POINT('',(-3.14159585359,-1.224744871392));
#2155 = ( GEOMETRIC_REPRESENTATION_CONTEXT(2) 
PARAMETRIC_REPRESENTATION_CONTEXT() REPRESENTATION_CONTEXT('2D SPACE',''
  ) );
#2156 = PCURVE('',#2157,#2162);
#2157 = CYLINDRICAL_SURFACE('',#2158,1.25);
#2158 = AXIS2_PLACEMENT_3D('',#2159,#2160,#2161);
#2159 = CARTESIAN_POINT('',(40.,-1.986258379993E-16,2.9999998));
#2160 = DIRECTION('',(-0.,-0.,-1.));
#2161 = DIRECTION('',(1.,0.,0.));
#2162 = DEFINITIONAL_REPRESENTATION('',(#2163),#2180);
#2163 = B_SPLINE_CURVE_WITH_KNOTS('',8,(#2164,#2165,#2166,#2167,#2168,
    #2169,#2170,#2171,#2172,#2173,#2174,#2175,#2176,#2177,#2178,#2179),
  .UNSPECIFIED.,.F.,.F.,(9,7,9),(0.,0.499999474623,1.),.UNSPECIFIED.);
#2164 = CARTESIAN_POINT('',(-4.913746901175,-2.000000093871E-07));
#2165 = CARTESIAN_POINT('',(-4.913746901175,-4.893633294912E-02));
#2166 = CARTESIAN_POINT('',(-4.904808018318,-9.788226612224E-02));
#2167 = CARTESIAN_POINT('',(-4.88692713003,-0.143892616425));
#2168 = CARTESIAN_POINT('',(-4.860995765984,-0.184215938753));
#2169 = CARTESIAN_POINT('',(-4.828567583535,-0.216471124538));
#2170 = CARTESIAN_POINT('',(-4.791522971865,-0.238784618558));
#2171 = CARTESIAN_POINT('',(-4.752013902461,-0.2500002));
#2172 = CARTESIAN_POINT('',(-4.672763975036,-0.2500002));
#2173 = CARTESIAN_POINT('',(-4.633254825682,-0.238784571429));
#2174 = CARTESIAN_POINT('',(-4.596210148451,-0.216470986617));
#2175 = CARTESIAN_POINT('',(-4.563781927844,-0.184215673057));
#2176 = CARTESIAN_POINT('',(-4.537850565467,-0.143892201769));
#2177 = CARTESIAN_POINT('',(-4.519969725441,-9.788170316817E-02));
#2178 = CARTESIAN_POINT('',(-4.511030931735,-4.893563895707E-02));
#2179 = CARTESIAN_POINT('',(-4.511031059595,6.000000000173E-07));
#2180 = ( GEOMETRIC_REPRESENTATION_CONTEXT(2) 
PARAMETRIC_REPRESENTATION_CONTEXT() REPRESENTATION_CONTEXT('2D SPACE',''
  ) );
#2181 = ORIENTED_EDGE('',*,*,#2182,.F.);
#2182 = EDGE_CURVE('',#2183,#2116,#2185,.T.);
#2183 = VERTEX_POINT('',#2184);
#2184 = CARTESIAN_POINT('',(39.75,-1.984313483298,3.));
#2185 = SURFACE_CURVE('',#2186,(#2190,#2197),.PCURVE_S1.);
#2186 = LINE('',#2187,#2188);
#2187 = CARTESIAN_POINT('',(39.75,0.,3.));
#2188 = VECTOR('',#2189,1.);
#2189 = DIRECTION('',(-0.,1.,-0.));
#2190 = PCURVE('',#2046,#2191);
#2191 = DEFINITIONAL_REPRESENTATION('',(#2192),#2196);
#2192 = LINE('',#2193,#2194);
#2193 = CARTESIAN_POINT('',(-3.14159265359,0.));
#2194 = VECTOR('',#2195,1.);
#2195 = DIRECTION('',(-0.,1.));
#2196 = ( GEOMETRIC_REPRESENTATION_CONTEXT(2) 
PARAMETRIC_REPRESENTATION_CONTEXT() REPRESENTATION_CONTEXT('2D SPACE',''
  ) );
#2197 = PCURVE('',#2198,#2203);
#2198 = PLANE('',#2199);
#2199 = AXIS2_PLACEMENT_3D('',#2200,#2201,#2202);
#2200 = CARTESIAN_POINT('',(40.,1.74751904908E-16,3.));
#2201 = DIRECTION('',(0.,0.,1.));
#2202 = DIRECTION('',(1.,0.,-0.));
#2203 = DEFINITIONAL_REPRESENTATION('',(#2204),#2208);
#2204 = LINE('',#2205,#2206);
#2205 = CARTESIAN_POINT('',(-0.25,-1.74751904908E-16));
#2206 = VECTOR('',#2207,1.);
#2207 = DIRECTION('',(0.,1.));
#2208 = ( GEOMETRIC_REPRESENTATION_CONTEXT(2) 
PARAMETRIC_REPRESENTATION_CONTEXT() REPRESENTATION_CONTEXT('2D SPACE',''
  ) );
#2209 = ORIENTED_EDGE('',*,*,#2210,.F.);
#2210 = EDGE_CURVE('',#2211,#2183,#2213,.T.);
#2211 = VERTEX_POINT('',#2212);
#2212 = CARTESIAN_POINT('',(40.25,-1.984313483298,3.));
#2213 = SURFACE_CURVE('',#2214,(#2231,#2251),.PCURVE_S1.);
#2214 = B_SPLINE_CURVE_WITH_KNOTS('',8,(#2215,#2216,#2217,#2218,#2219,
    #2220,#2221,#2222,#2223,#2224,#2225,#2226,#2227,#2228,#2229,#2230),
  .UNSPECIFIED.,.F.,.F.,(9,7,9),(0.,0.499999631329,1.),.UNSPECIFIED.);
#2215 = CARTESIAN_POINT('',(40.25,-1.984313483298,3.));
#2216 = CARTESIAN_POINT('',(40.25,-1.984313483298,3.04831861168));
#2217 = CARTESIAN_POINT('',(40.239327293489,-1.985658171025,
    3.097156299433));
#2218 = CARTESIAN_POINT('',(40.217579606639,-1.988397801312,
    3.14329791188));
#2219 = CARTESIAN_POINT('',(40.185776585003,-1.992079061722,
    3.183764952363));
#2220 = CARTESIAN_POINT('',(40.145614212454,-1.995768691959,
    3.216150874243));
#2221 = CARTESIAN_POINT('',(40.099437680192,-1.998575460183,
    3.238603411278));
#2222 = CARTESIAN_POINT('',(40.049928387104,-2.,3.25));
#2223 = CARTESIAN_POINT('',(39.950071539268,-2.,3.25));
#2224 = CARTESIAN_POINT('',(39.900562175016,-1.998575455981,
    3.238603377658));
#2225 = CARTESIAN_POINT('',(39.854385586501,-1.995768679668,
    3.21615077592));
#2226 = CARTESIAN_POINT('',(39.814223183085,-1.992079040367,
    3.183764764614));
#2227 = CARTESIAN_POINT('',(39.782420164438,-1.988397774842,
    3.143297620095));
#2228 = CARTESIAN_POINT('',(39.760672518423,-1.985658147329,
    3.097155900876));
#2229 = CARTESIAN_POINT('',(39.749999891284,-1.984313469601,
    3.048318118253));
#2230 = CARTESIAN_POINT('',(39.750000000001,-1.984313483299,2.9999994375
    ));
#2231 = PCURVE('',#2046,#2232);
#2232 = DEFINITIONAL_REPRESENTATION('',(#2233),#2250);
#2233 = B_SPLINE_CURVE_WITH_KNOTS('',8,(#2234,#2235,#2236,#2237,#2238,
    #2239,#2240,#2241,#2242,#2243,#2244,#2245,#2246,#2247,#2248,#2249),
  .UNSPECIFIED.,.F.,.F.,(9,7,9),(0.,0.499999631329,1.),.UNSPECIFIED.);
#2234 = CARTESIAN_POINT('',(0.,-1.984313483298));
#2235 = CARTESIAN_POINT('',(-0.193274446719,-1.984313483298));
#2236 = CARTESIAN_POINT('',(-0.388621795963,-1.985658171025));
#2237 = CARTESIAN_POINT('',(-0.584210006054,-1.988397801312));
#2238 = CARTESIAN_POINT('',(-0.780013378383,-1.992079061722));
#2239 = CARTESIAN_POINT('',(-0.976195794194,-1.995768691959));
#2240 = CARTESIAN_POINT('',(-1.173046495445,-1.998575460183));
#2241 = CARTESIAN_POINT('',(-1.37108277838,-2.));
#2242 = CARTESIAN_POINT('',(-1.770510169724,-2.));
#2243 = CARTESIAN_POINT('',(-1.968546737304,-1.998575455981));
#2244 = CARTESIAN_POINT('',(-2.165397717336,-1.995768679668));
#2245 = CARTESIAN_POINT('',(-2.361580409859,-1.992079040367));
#2246 = CARTESIAN_POINT('',(-2.55738405905,-1.988397774842));
#2247 = CARTESIAN_POINT('',(-2.752972547954,-1.985658147329));
#2248 = CARTESIAN_POINT('',(-2.948320180575,-1.984313469601));
#2249 = CARTESIAN_POINT('',(-3.14159490359,-1.984313483299));
#2250 = ( GEOMETRIC_REPRESENTATION_CONTEXT(2) 
PARAMETRIC_REPRESENTATION_CONTEXT() REPRESENTATION_CONTEXT('2D SPACE',''
  ) );
#2251 = PCURVE('',#2252,#2257);
#2252 = CYLINDRICAL_SURFACE('',#2253,2.);
#2253 = AXIS2_PLACEMENT_3D('',#2254,#2255,#2256);
#2254 = CARTESIAN_POINT('',(40.,0.,3.));
#2255 = DIRECTION('',(-0.,-0.,-1.));
#2256 = DIRECTION('',(1.,0.,0.));
#2257 = DEFINITIONAL_REPRESENTATION('',(#2258),#2275);
#2258 = B_SPLINE_CURVE_WITH_KNOTS('',8,(#2259,#2260,#2261,#2262,#2263,
    #2264,#2265,#2266,#2267,#2268,#2269,#2270,#2271,#2272,#2273,#2274),
  .UNSPECIFIED.,.F.,.F.,(9,7,9),(0.,0.499999631329,1.),.UNSPECIFIED.);
#2259 = CARTESIAN_POINT('',(-4.837716811553,5.551115123126E-17));
#2260 = CARTESIAN_POINT('',(-4.837716811553,-4.831861167963E-02));
#2261 = CARTESIAN_POINT('',(-4.832338215157,-9.715629943308E-02));
#2262 = CARTESIAN_POINT('',(-4.821378781117,-0.14329791188));
#2263 = CARTESIAN_POINT('',(-4.805370706143,-0.183764952363));
#2264 = CARTESIAN_POINT('',(-4.78521965037,-0.216150874243));
#2265 = CARTESIAN_POINT('',(-4.762107853961,-0.238603411278));
#2266 = CARTESIAN_POINT('',(-4.737353173937,-0.25));
#2267 = CARTESIAN_POINT('',(-4.687424750018,-0.25));
#2268 = CARTESIAN_POINT('',(-4.662670034412,-0.238603377658));
#2269 = CARTESIAN_POINT('',(-4.639558209775,-0.21615077592));
#2270 = CARTESIAN_POINT('',(-4.61940713826,-0.183764764614));
#2271 = CARTESIAN_POINT('',(-4.603399064429,-0.143297620095));
#2272 = CARTESIAN_POINT('',(-4.592439650826,-9.71559008759E-02));
#2273 = CARTESIAN_POINT('',(-4.587061094429,-4.831811825348E-02));
#2274 = CARTESIAN_POINT('',(-4.587061149217,5.624999998566E-07));
#2275 = ( GEOMETRIC_REPRESENTATION_CONTEXT(2) 
PARAMETRIC_REPRESENTATION_CONTEXT() REPRESENTATION_CONTEXT('2D SPACE',''
  ) );
#2276 = ORIENTED_EDGE('',*,*,#2277,.T.);
#2277 = EDGE_CURVE('',#2211,#1985,#2278,.T.);
#2278 = SURFACE_CURVE('',#2279,(#2283,#2290),.PCURVE_S1.);
#2279 = LINE('',#2280,#2281);
#2280 = CARTESIAN_POINT('',(40.25,0.,3.));
#2281 = VECTOR('',#2282,1.);
#2282 = DIRECTION('',(0.,-1.,0.));
#2283 = PCURVE('',#2046,#2284);
#2284 = DEFINITIONAL_REPRESENTATION('',(#2285),#2289);
#2285 = LINE('',#2286,#2287);
#2286 = CARTESIAN_POINT('',(-0.,0.));
#2287 = VECTOR('',#2288,1.);
#2288 = DIRECTION('',(-0.,-1.));
#2289 = ( GEOMETRIC_REPRESENTATION_CONTEXT(2) 
PARAMETRIC_REPRESENTATION_CONTEXT() REPRESENTATION_CONTEXT('2D SPACE',''
  ) );
#2290 = PCURVE('',#1340,#2291);
#2291 = DEFINITIONAL_REPRESENTATION('',(#2292),#2296);
#2292 = LINE('',#2293,#2294);
#2293 = CARTESIAN_POINT('',(40.25,-3.209892110372E-15));
#2294 = VECTOR('',#2295,1.);
#2295 = DIRECTION('',(0.,-1.));
#2296 = ( GEOMETRIC_REPRESENTATION_CONTEXT(2) 
PARAMETRIC_REPRESENTATION_CONTEXT() REPRESENTATION_CONTEXT('2D SPACE',''
  ) );
#2297 = ORIENTED_EDGE('',*,*,#2027,.F.);
#2298 = ORIENTED_EDGE('',*,*,#2299,.T.);
#2299 = EDGE_CURVE('',#2007,#2300,#2302,.T.);
#2300 = VERTEX_POINT('',#2301);
#2301 = CARTESIAN_POINT('',(39.749999999999,-4.465142774883,3.));
#2302 = SURFACE_CURVE('',#2303,(#2307,#2313),.PCURVE_S1.);
#2303 = LINE('',#2304,#2305);
#2304 = CARTESIAN_POINT('',(39.75,0.,3.));
#2305 = VECTOR('',#2306,1.);
#2306 = DIRECTION('',(-0.,1.,-0.));
#2307 = PCURVE('',#2046,#2308);
#2308 = DEFINITIONAL_REPRESENTATION('',(#2309),#2312);
#2309 = B_SPLINE_CURVE_WITH_KNOTS('',1,(#2310,#2311),.UNSPECIFIED.,.F.,
  .F.,(2,2),(-12.0000006,6.E-07),.PIECEWISE_BEZIER_KNOTS.);
#2310 = CARTESIAN_POINT('',(-3.14159265359,-12.0000006));
#2311 = CARTESIAN_POINT('',(-3.14159265359,6.E-07));
#2312 = ( GEOMETRIC_REPRESENTATION_CONTEXT(2) 
PARAMETRIC_REPRESENTATION_CONTEXT() REPRESENTATION_CONTEXT('2D SPACE',''
  ) );
#2313 = PCURVE('',#1340,#2314);
#2314 = DEFINITIONAL_REPRESENTATION('',(#2315),#2318);
#2315 = B_SPLINE_CURVE_WITH_KNOTS('',1,(#2316,#2317),.UNSPECIFIED.,.F.,
  .F.,(2,2),(-12.0000006,6.E-07),.PIECEWISE_BEZIER_KNOTS.);
#2316 = CARTESIAN_POINT('',(39.75,-12.0000006));
#2317 = CARTESIAN_POINT('',(39.75,5.999999967901E-07));
#2318 = ( GEOMETRIC_REPRESENTATION_CONTEXT(2) 
PARAMETRIC_REPRESENTATION_CONTEXT() REPRESENTATION_CONTEXT('2D SPACE',''
  ) );
#2319 = ORIENTED_EDGE('',*,*,#2320,.T.);
#2320 = EDGE_CURVE('',#2300,#2321,#2323,.T.);
#2321 = VERTEX_POINT('',#2322);
#2322 = CARTESIAN_POINT('',(40.,8.526512829121E-16,2.75));
#2323 = SURFACE_CURVE('',#2324,(#2376,#2431),.PCURVE_S1.);
#2324 = B_SPLINE_CURVE_WITH_KNOTS('',8,(#2325,#2326,#2327,#2328,#2329,
    #2330,#2331,#2332,#2333,#2334,#2335,#2336,#2337,#2338,#2339,#2340,
    #2341,#2342,#2343,#2344,#2345,#2346,#2347,#2348,#2349,#2350,#2351,
    #2352,#2353,#2354,#2355,#2356,#2357,#2358,#2359,#2360,#2361,#2362,
    #2363,#2364,#2365,#2366,#2367,#2368,#2369,#2370,#2371,#2372,#2373,
    #2374,#2375),.UNSPECIFIED.,.F.,.F.,(9,7,7,7,7,7,7,9),(0.,
    1.650313616271E-02,3.850346357894E-02,7.295329310425E-02,
    0.1162174535,0.246772141547,0.680801103638,1.),.UNSPECIFIED.);
#2325 = CARTESIAN_POINT('',(39.750000000001,-4.465142774869,3.0000006));
#2326 = CARTESIAN_POINT('',(39.749999992377,-4.465142842735,
    2.996824160718));
#2327 = CARTESIAN_POINT('',(39.750046111902,-4.46473230774,
    2.993649539106));
#2328 = CARTESIAN_POINT('',(39.750138262369,-4.463911964166,
    2.990483188394));
#2329 = CARTESIAN_POINT('',(39.750275872227,-4.462686671909,
    2.987331585468));
#2330 = CARTESIAN_POINT('',(39.750457894581,-4.461065356485,
    2.984201230865));
#2331 = CARTESIAN_POINT('',(39.750682807192,-4.459061009026,
    2.98109864878));
#2332 = CARTESIAN_POINT('',(39.750948612474,-4.456690686279,
    2.978030387061));
#2333 = CARTESIAN_POINT('',(39.75165839982,-4.450355910486,
    2.970967231089));
#2334 = CARTESIAN_POINT('',(39.752131993245,-4.44612588998,
    2.967006808037));
#2335 = CARTESIAN_POINT('',(39.752668783406,-4.441326273866,
    2.963125282976));
#2336 = CARTESIAN_POINT('',(39.753263794764,-4.435999207655,
    2.959326053234));
#2337 = CARTESIAN_POINT('',(39.753911910611,-4.430188157604,
    2.955612378546));
#2338 = CARTESIAN_POINT('',(39.754607873066,-4.423937910708,
    2.951987381055));
#2339 = CARTESIAN_POINT('',(39.755346283079,-4.417294574704,
    2.948454045309));
#2340 = CARTESIAN_POINT('',(39.757335652839,-4.399361661739,
    2.939630434523));
#2341 = CARTESIAN_POINT('',(39.758643030019,-4.387545127894,
    2.934465073667));
#2342 = CARTESIAN_POINT('',(39.760027961682,-4.374989155461,
    2.929511242621));
#2343 = CARTESIAN_POINT('',(39.7614769872,-4.361807678738,2.924759544875
    ));
#2344 = CARTESIAN_POINT('',(39.762978925348,-4.348095382329,
    2.920199293523));
#2345 = CARTESIAN_POINT('',(39.76452484404,-4.333927696064,
    2.915818724312));
#2346 = CARTESIAN_POINT('',(39.766108030071,-4.31936078993,
    2.911605208678));
#2347 = CARTESIAN_POINT('',(39.769753339065,-4.285682558673,
    2.902446999638));
#2348 = CARTESIAN_POINT('',(39.771836157708,-4.266345461265,
    2.897586527105));
#2349 = CARTESIAN_POINT('',(39.773958808775,-4.24653547982,
    2.892950370059));
#2350 = CARTESIAN_POINT('',(39.776110747785,-4.226342628316,
    2.88852378128));
#2351 = CARTESIAN_POINT('',(39.77828437578,-4.205831728906,
    2.884291167749));
#2352 = CARTESIAN_POINT('',(39.780474923331,-4.185042409152,
    2.880236312936));
#2353 = CARTESIAN_POINT('',(39.782680334535,-4.163989099267,
    2.876342599089));
#2354 = CARTESIAN_POINT('',(39.791602725706,-4.078301072116,
    2.861279066249));
#2355 = CARTESIAN_POINT('',(39.798493390205,-4.010970530036,
    2.851197077573));
#2356 = CARTESIAN_POINT('',(39.805411457337,-3.942033766533,
    2.842220995756));
#2357 = CARTESIAN_POINT('',(39.812258413457,-3.872382042237,
    2.834207236522));
#2358 = CARTESIAN_POINT('',(39.818990022104,-3.802451837644,
    2.827010252006));
#2359 = CARTESIAN_POINT('',(39.825607145363,-3.732243435852,
    2.820493048982));
#2360 = CARTESIAN_POINT('',(39.832146282926,-3.661339765386,
    2.814532872358));
#2361 = CARTESIAN_POINT('',(39.860357352411,-3.348184342757,
    2.790701342268));
#2362 = CARTESIAN_POINT('',(39.881579740097,-3.094002512585,
    2.77759689366));
#2363 = CARTESIAN_POINT('',(39.901105667181,-2.836440443228,
    2.768535466171));
#2364 = CARTESIAN_POINT('',(39.918523809485,-2.580607158792,2.7622837849
    ));
#2365 = CARTESIAN_POINT('',(39.933922888536,-2.327613250547,
    2.757978943009));
#2366 = CARTESIAN_POINT('',(39.947501546638,-2.07551281848,
    2.755046442233));
#2367 = CARTESIAN_POINT('',(39.959428693609,-1.820299104926,
    2.753097717522));
#2368 = CARTESIAN_POINT('',(39.97722835071,-1.363365518183,
    2.750923307815));
#2369 = CARTESIAN_POINT('',(39.98372226927,-1.169097013141,2.75039599289
    ));
#2370 = CARTESIAN_POINT('',(39.989143138374,-0.974516866519,
    2.750132152885));
#2371 = CARTESIAN_POINT('',(39.993482355225,-0.779802769865,
    2.750026552128));
#2372 = CARTESIAN_POINT('',(39.996738472403,-0.585022603154,
    2.750000055533));
#2373 = CARTESIAN_POINT('',(39.998911546328,-0.390166935321,
    2.749999961303));
#2374 = CARTESIAN_POINT('',(40.,-0.195181550505,2.75));
#2375 = CARTESIAN_POINT('',(40.,-7.993605777301E-15,2.75));
#2376 = PCURVE('',#2046,#2377);
#2377 = DEFINITIONAL_REPRESENTATION('',(#2378),#2430);
#2378 = B_SPLINE_CURVE_WITH_KNOTS('',8,(#2379,#2380,#2381,#2382,#2383,
    #2384,#2385,#2386,#2387,#2388,#2389,#2390,#2391,#2392,#2393,#2394,
    #2395,#2396,#2397,#2398,#2399,#2400,#2401,#2402,#2403,#2404,#2405,
    #2406,#2407,#2408,#2409,#2410,#2411,#2412,#2413,#2414,#2415,#2416,
    #2417,#2418,#2419,#2420,#2421,#2422,#2423,#2424,#2425,#2426,#2427,
    #2428,#2429),.UNSPECIFIED.,.F.,.F.,(9,7,7,7,7,7,7,9),(0.,
    1.650313616271E-02,3.850346357894E-02,7.295329310425E-02,
    0.1162174535,0.246772141547,0.680801103638,1.),.UNSPECIFIED.);
#2379 = CARTESIAN_POINT('',(-3.14159025359,-4.465142774869));
#2380 = CARTESIAN_POINT('',(-3.154296010717,-4.465142842735));
#2381 = CARTESIAN_POINT('',(-3.166994382061,-4.46473230774));
#2382 = CARTESIAN_POINT('',(-3.17966291119,-4.463911964166));
#2383 = CARTESIAN_POINT('',(-3.192278798767,-4.462686671909));
#2384 = CARTESIAN_POINT('',(-3.204818902549,-4.461065356485));
#2385 = CARTESIAN_POINT('',(-3.217259737389,-4.459061009026));
#2386 = CARTESIAN_POINT('',(-3.22957747523,-4.456690686279));
#2387 = CARTESIAN_POINT('',(-3.257972396004,-4.450355910486));
#2388 = CARTESIAN_POINT('',(-3.27392411168,-4.44612588998));
#2389 = CARTESIAN_POINT('',(-3.289593606701,-4.441326273866));
#2390 = CARTESIAN_POINT('',(-3.304970951928,-4.435999207655));
#2391 = CARTESIAN_POINT('',(-3.320045774522,-4.430188157604));
#2392 = CARTESIAN_POINT('',(-3.334807257943,-4.423937910708));
#2393 = CARTESIAN_POINT('',(-3.349244141952,-4.417294574704));
#2394 = CARTESIAN_POINT('',(-3.385424512178,-4.399361661739));
#2395 = CARTESIAN_POINT('',(-3.406730241766,-4.387545127894));
#2396 = CARTESIAN_POINT('',(-3.427295119843,-4.374989155461));
#2397 = CARTESIAN_POINT('',(-3.447155636151,-4.361807678738));
#2398 = CARTESIAN_POINT('',(-3.466351690256,-4.348095382329));
#2399 = CARTESIAN_POINT('',(-3.484926720105,-4.333927696064));
#2400 = CARTESIAN_POINT('',(-3.502927830573,-4.31936078993));
#2401 = CARTESIAN_POINT('',(-3.542355956671,-4.285682558673));
#2402 = CARTESIAN_POINT('',(-3.563500605186,-4.266345461265));
#2403 = CARTESIAN_POINT('',(-3.583886526489,-4.24653547982));
#2404 = CARTESIAN_POINT('',(-3.603564213973,-4.226342628316));
#2405 = CARTESIAN_POINT('',(-3.622588125176,-4.205831728906));
#2406 = CARTESIAN_POINT('',(-3.641016811455,-4.185042409152));
#2407 = CARTESIAN_POINT('',(-3.658913047659,-4.163989099267));
#2408 = CARTESIAN_POINT('',(-3.72894379357,-4.078301072116));
#2409 = CARTESIAN_POINT('',(-3.777688655247,-4.010970530036));
#2410 = CARTESIAN_POINT('',(-3.82290439976,-3.942033766533));
#2411 = CARTESIAN_POINT('',(-3.864970817841,-3.872382042237));
#2412 = CARTESIAN_POINT('',(-3.904318277638,-3.802451837644));
#2413 = CARTESIAN_POINT('',(-3.941421053513,-3.732243435852));
#2414 = CARTESIAN_POINT('',(-3.976787343991,-3.661339765386));
#2415 = CARTESIAN_POINT('',(-4.124506334937,-3.348184342757));
#2416 = CARTESIAN_POINT('',(-4.223180240263,-3.094002512585));
#2417 = CARTESIAN_POINT('',(-4.308469669514,-2.836440443228));
#2418 = CARTESIAN_POINT('',(-4.382056207517,-2.580607158792));
#2419 = CARTESIAN_POINT('',(-4.445751122012,-2.327613250547));
#2420 = CARTESIAN_POINT('',(-4.501198525708,-2.07551281848));
#2421 = CARTESIAN_POINT('',(-4.549499625065,-1.820299104926));
#2422 = CARTESIAN_POINT('',(-4.621227538793,-1.363365518183));
#2423 = CARTESIAN_POINT('',(-4.647267320572,-1.169097013141));
#2424 = CARTESIAN_POINT('',(-4.668961513833,-0.974516866519));
#2425 = CARTESIAN_POINT('',(-4.686318404912,-0.779802769865));
#2426 = CARTESIAN_POINT('',(-4.699342874788,-0.585022603154));
#2427 = CARTESIAN_POINT('',(-4.708035162536,-0.390166935321));
#2428 = CARTESIAN_POINT('',(-4.712388980386,-0.195181550505));
#2429 = CARTESIAN_POINT('',(-4.712388980386,-7.993605777301E-15));
#2430 = ( GEOMETRIC_REPRESENTATION_CONTEXT(2) 
PARAMETRIC_REPRESENTATION_CONTEXT() REPRESENTATION_CONTEXT('2D SPACE',''
  ) );
#2431 = PCURVE('',#2432,#2437);
#2432 = CYLINDRICAL_SURFACE('',#2433,40.);
#2433 = AXIS2_PLACEMENT_3D('',#2434,#2435,#2436);
#2434 = CARTESIAN_POINT('',(2.376054908382E-13,1.705302565824E-15,0.));
#2435 = DIRECTION('',(-0.,-0.,-1.));
#2436 = DIRECTION('',(1.,0.,0.));
#2437 = DEFINITIONAL_REPRESENTATION('',(#2438),#2490);
#2438 = B_SPLINE_CURVE_WITH_KNOTS('',8,(#2439,#2440,#2441,#2442,#2443,
    #2444,#2445,#2446,#2447,#2448,#2449,#2450,#2451,#2452,#2453,#2454,
    #2455,#2456,#2457,#2458,#2459,#2460,#2461,#2462,#2463,#2464,#2465,
    #2466,#2467,#2468,#2469,#2470,#2471,#2472,#2473,#2474,#2475,#2476,
    #2477,#2478,#2479,#2480,#2481,#2482,#2483,#2484,#2485,#2486,#2487,
    #2488,#2489),.UNSPECIFIED.,.F.,.F.,(9,7,7,7,7,7,7,9),(0.,
    1.650313616271E-02,3.850346357894E-02,7.295329310425E-02,
    0.1162174535,0.246772141547,0.680801103638,1.),.UNSPECIFIED.);
#2439 = CARTESIAN_POINT('',(-6.171323595328,-3.0000006));
#2440 = CARTESIAN_POINT('',(-6.171323593621,-2.996824160718));
#2441 = CARTESIAN_POINT('',(-6.171333921556,-2.993649539106));
#2442 = CARTESIAN_POINT('',(-6.171354559132,-2.990483188394));
#2443 = CARTESIAN_POINT('',(-6.171385384016,-2.987331585468));
#2444 = CARTESIAN_POINT('',(-6.171426171544,-2.984201230865));
#2445 = CARTESIAN_POINT('',(-6.171476594718,-2.98109864878));
#2446 = CARTESIAN_POINT('',(-6.171536224211,-2.978030387061));
#2447 = CARTESIAN_POINT('',(-6.171695584617,-2.970967231089));
#2448 = CARTESIAN_POINT('',(-6.17180199586,-2.967006808037));
#2449 = CARTESIAN_POINT('',(-6.171922734364,-2.963125282976));
#2450 = CARTESIAN_POINT('',(-6.172056739194,-2.959326053234));
#2451 = CARTESIAN_POINT('',(-6.172202916216,-2.955612378546));
#2452 = CARTESIAN_POINT('',(-6.172360138089,-2.951987381055));
#2453 = CARTESIAN_POINT('',(-6.172527244269,-2.948454045309));
#2454 = CARTESIAN_POINT('',(-6.172978317267,-2.939630434523));
#2455 = CARTESIAN_POINT('',(-6.173275533198,-2.934465073667));
#2456 = CARTESIAN_POINT('',(-6.173591336191,-2.929511242621));
#2457 = CARTESIAN_POINT('',(-6.173922858207,-2.924759544875));
#2458 = CARTESIAN_POINT('',(-6.174267715813,-2.920199293523));
#2459 = CARTESIAN_POINT('',(-6.174624010229,-2.915818724312));
#2460 = CARTESIAN_POINT('',(-6.174990327365,-2.911605208678));
#2461 = CARTESIAN_POINT('',(-6.175837200857,-2.902446999638));
#2462 = CARTESIAN_POINT('',(-6.176323424419,-2.897586527105));
#2463 = CARTESIAN_POINT('',(-6.176821508756,-2.892950370059));
#2464 = CARTESIAN_POINT('',(-6.177329188417,-2.88852378128));
#2465 = CARTESIAN_POINT('',(-6.177844832037,-2.884291167749));
#2466 = CARTESIAN_POINT('',(-6.178367442099,-2.880236312936));
#2467 = CARTESIAN_POINT('',(-6.178896654679,-2.876342599089));
#2468 = CARTESIAN_POINT('',(-6.181050437261,-2.861279066249));
#2469 = CARTESIAN_POINT('',(-6.182742490181,-2.851197077573));
#2470 = CARTESIAN_POINT('',(-6.184474560038,-2.842220995756));
#2471 = CARTESIAN_POINT('',(-6.186224239195,-2.834207236522));
#2472 = CARTESIAN_POINT('',(-6.18798056856,-2.827010252006));
#2473 = CARTESIAN_POINT('',(-6.189743551229,-2.820493048982));
#2474 = CARTESIAN_POINT('',(-6.191523661496,-2.814532872358));
#2475 = CARTESIAN_POINT('',(-6.199384250818,-2.790701342268));
#2476 = CARTESIAN_POINT('',(-6.205760770852,-2.77759689366));
#2477 = CARTESIAN_POINT('',(-6.212217984662,-2.768535466171));
#2478 = CARTESIAN_POINT('',(-6.218628263057,-2.7622837849));
#2479 = CARTESIAN_POINT('',(-6.224964505381,-2.757978943009));
#2480 = CARTESIAN_POINT('',(-6.231275886346,-2.755046442233));
#2481 = CARTESIAN_POINT('',(-6.237663000848,-2.753097717522));
#2482 = CARTESIAN_POINT('',(-6.249095004459,-2.750923307815));
#2483 = CARTESIAN_POINT('',(-6.253954355642,-2.75039599289));
#2484 = CARTESIAN_POINT('',(-6.258820621402,-2.750132152885));
#2485 = CARTESIAN_POINT('',(-6.263689531266,-2.750026552128));
#2486 = CARTESIAN_POINT('',(-6.268559564871,-2.750000055533));
#2487 = CARTESIAN_POINT('',(-6.27343113392,-2.749999961303));
#2488 = CARTESIAN_POINT('',(-6.278305768417,-2.75));
#2489 = CARTESIAN_POINT('',(-6.28318530718,-2.75));
#2490 = ( GEOMETRIC_REPRESENTATION_CONTEXT(2) 
PARAMETRIC_REPRESENTATION_CONTEXT() REPRESENTATION_CONTEXT('2D SPACE',''
  ) );
#2491 = ORIENTED_EDGE('',*,*,#2492,.F.);
#2492 = EDGE_CURVE('',#1094,#2321,#2493,.T.);
#2493 = SURFACE_CURVE('',#2494,(#2499,#2506),.PCURVE_S1.);
#2494 = CIRCLE('',#2495,0.25);
#2495 = AXIS2_PLACEMENT_3D('',#2496,#2497,#2498);
#2496 = CARTESIAN_POINT('',(40.,0.,3.));
#2497 = DIRECTION('',(0.,-1.,0.));
#2498 = DIRECTION('',(1.,0.,0.));
#2499 = PCURVE('',#2046,#2500);
#2500 = DEFINITIONAL_REPRESENTATION('',(#2501),#2505);
#2501 = LINE('',#2502,#2503);
#2502 = CARTESIAN_POINT('',(-0.,0.));
#2503 = VECTOR('',#2504,1.);
#2504 = DIRECTION('',(-1.,0.));
#2505 = ( GEOMETRIC_REPRESENTATION_CONTEXT(2) 
PARAMETRIC_REPRESENTATION_CONTEXT() REPRESENTATION_CONTEXT('2D SPACE',''
  ) );
#2506 = PCURVE('',#1137,#2507);
#2507 = DEFINITIONAL_REPRESENTATION('',(#2508),#2512);
#2508 = CIRCLE('',#2509,0.25);
#2509 = AXIS2_PLACEMENT_2D('',#2510,#2511);
#2510 = CARTESIAN_POINT('',(0.,0.));
#2511 = DIRECTION('',(0.,1.));
#2512 = ( GEOMETRIC_REPRESENTATION_CONTEXT(2) 
PARAMETRIC_REPRESENTATION_CONTEXT() REPRESENTATION_CONTEXT('2D SPACE',''
  ) );
#2513 = ORIENTED_EDGE('',*,*,#2514,.F.);
#2514 = EDGE_CURVE('',#2064,#1094,#2515,.T.);
#2515 = SURFACE_CURVE('',#2516,(#2521,#2528),.PCURVE_S1.);
#2516 = CIRCLE('',#2517,0.25);
#2517 = AXIS2_PLACEMENT_3D('',#2518,#2519,#2520);
#2518 = CARTESIAN_POINT('',(40.,0.,3.));
#2519 = DIRECTION('',(0.,-1.,0.));
#2520 = DIRECTION('',(1.,0.,0.));
#2521 = PCURVE('',#2046,#2522);
#2522 = DEFINITIONAL_REPRESENTATION('',(#2523),#2527);
#2523 = LINE('',#2524,#2525);
#2524 = CARTESIAN_POINT('',(-0.,0.));
#2525 = VECTOR('',#2526,1.);
#2526 = DIRECTION('',(-1.,0.));
#2527 = ( GEOMETRIC_REPRESENTATION_CONTEXT(2) 
PARAMETRIC_REPRESENTATION_CONTEXT() REPRESENTATION_CONTEXT('2D SPACE',''
  ) );
#2528 = PCURVE('',#1110,#2529);
#2529 = DEFINITIONAL_REPRESENTATION('',(#2530),#2534);
#2530 = CIRCLE('',#2531,0.25);
#2531 = AXIS2_PLACEMENT_2D('',#2532,#2533);
#2532 = CARTESIAN_POINT('',(0.,-7.105427357601E-15));
#2533 = DIRECTION('',(0.,1.));
#2534 = ( GEOMETRIC_REPRESENTATION_CONTEXT(2) 
PARAMETRIC_REPRESENTATION_CONTEXT() REPRESENTATION_CONTEXT('2D SPACE',''
  ) );
#2535 = ADVANCED_FACE('',(#2536),#2157,.F.);
#2536 = FACE_BOUND('',#2537,.T.);
#2537 = EDGE_LOOP('',(#2538,#2562,#2563));
#2538 = ORIENTED_EDGE('',*,*,#2539,.F.);
#2539 = EDGE_CURVE('',#2116,#2540,#2542,.T.);
#2540 = VERTEX_POINT('',#2541);
#2541 = CARTESIAN_POINT('',(39.98046875,-1.249847402795,2.9999999));
#2542 = SURFACE_CURVE('',#2543,(#2548,#2555),.PCURVE_S1.);
#2543 = CIRCLE('',#2544,1.25);
#2544 = AXIS2_PLACEMENT_3D('',#2545,#2546,#2547);
#2545 = CARTESIAN_POINT('',(40.,-1.986258379993E-16,2.9999998));
#2546 = DIRECTION('',(0.,0.,1.));
#2547 = DIRECTION('',(1.,0.,0.));
#2548 = PCURVE('',#2157,#2549);
#2549 = DEFINITIONAL_REPRESENTATION('',(#2550),#2554);
#2550 = LINE('',#2551,#2552);
#2551 = CARTESIAN_POINT('',(-0.,0.));
#2552 = VECTOR('',#2553,1.);
#2553 = DIRECTION('',(-1.,0.));
#2554 = ( GEOMETRIC_REPRESENTATION_CONTEXT(2) 
PARAMETRIC_REPRESENTATION_CONTEXT() REPRESENTATION_CONTEXT('2D SPACE',''
  ) );
#2555 = PCURVE('',#2198,#2556);
#2556 = DEFINITIONAL_REPRESENTATION('',(#2557),#2561);
#2557 = CIRCLE('',#2558,1.25);
#2558 = AXIS2_PLACEMENT_2D('',#2559,#2560);
#2559 = CARTESIAN_POINT('',(-7.105427357601E-15,-3.733777429073E-16));
#2560 = DIRECTION('',(1.,0.));
#2561 = ( GEOMETRIC_REPRESENTATION_CONTEXT(2) 
PARAMETRIC_REPRESENTATION_CONTEXT() REPRESENTATION_CONTEXT('2D SPACE',''
  ) );
#2562 = ORIENTED_EDGE('',*,*,#2115,.F.);
#2563 = ORIENTED_EDGE('',*,*,#2564,.F.);
#2564 = EDGE_CURVE('',#2540,#2093,#2565,.T.);
#2565 = SURFACE_CURVE('',#2566,(#2571,#2578),.PCURVE_S1.);
#2566 = CIRCLE('',#2567,1.25);
#2567 = AXIS2_PLACEMENT_3D('',#2568,#2569,#2570);
#2568 = CARTESIAN_POINT('',(40.,-1.986258379993E-16,2.9999998));
#2569 = DIRECTION('',(0.,0.,1.));
#2570 = DIRECTION('',(1.,0.,0.));
#2571 = PCURVE('',#2157,#2572);
#2572 = DEFINITIONAL_REPRESENTATION('',(#2573),#2577);
#2573 = LINE('',#2574,#2575);
#2574 = CARTESIAN_POINT('',(-0.,0.));
#2575 = VECTOR('',#2576,1.);
#2576 = DIRECTION('',(-1.,0.));
#2577 = ( GEOMETRIC_REPRESENTATION_CONTEXT(2) 
PARAMETRIC_REPRESENTATION_CONTEXT() REPRESENTATION_CONTEXT('2D SPACE',''
  ) );
#2578 = PCURVE('',#1081,#2579);
#2579 = DEFINITIONAL_REPRESENTATION('',(#2580),#2584);
#2580 = CIRCLE('',#2581,1.25);
#2581 = AXIS2_PLACEMENT_2D('',#2582,#2583);
#2582 = CARTESIAN_POINT('',(40.,-3.408517948372E-15));
#2583 = DIRECTION('',(1.,0.));
#2584 = ( GEOMETRIC_REPRESENTATION_CONTEXT(2) 
PARAMETRIC_REPRESENTATION_CONTEXT() REPRESENTATION_CONTEXT('2D SPACE',''
  ) );
#2585 = ADVANCED_FACE('',(#2586),#2198,.F.);
#2586 = FACE_BOUND('',#2587,.F.);
#2587 = EDGE_LOOP('',(#2588,#2589,#2613,#2635));
#2588 = ORIENTED_EDGE('',*,*,#2182,.F.);
#2589 = ORIENTED_EDGE('',*,*,#2590,.T.);
#2590 = EDGE_CURVE('',#2183,#2591,#2593,.T.);
#2591 = VERTEX_POINT('',#2592);
#2592 = CARTESIAN_POINT('',(39.95,-1.999374902313,3.));
#2593 = SURFACE_CURVE('',#2594,(#2599,#2606),.PCURVE_S1.);
#2594 = CIRCLE('',#2595,2.);
#2595 = AXIS2_PLACEMENT_3D('',#2596,#2597,#2598);
#2596 = CARTESIAN_POINT('',(40.,0.,3.));
#2597 = DIRECTION('',(0.,0.,1.));
#2598 = DIRECTION('',(1.,0.,0.));
#2599 = PCURVE('',#2198,#2600);
#2600 = DEFINITIONAL_REPRESENTATION('',(#2601),#2605);
#2601 = CIRCLE('',#2602,2.);
#2602 = AXIS2_PLACEMENT_2D('',#2603,#2604);
#2603 = CARTESIAN_POINT('',(-7.105427357601E-15,-1.74751904908E-16));
#2604 = DIRECTION('',(1.,0.));
#2605 = ( GEOMETRIC_REPRESENTATION_CONTEXT(2) 
PARAMETRIC_REPRESENTATION_CONTEXT() REPRESENTATION_CONTEXT('2D SPACE',''
  ) );
#2606 = PCURVE('',#2252,#2607);
#2607 = DEFINITIONAL_REPRESENTATION('',(#2608),#2612);
#2608 = LINE('',#2609,#2610);
#2609 = CARTESIAN_POINT('',(-0.,0.));
#2610 = VECTOR('',#2611,1.);
#2611 = DIRECTION('',(-1.,0.));
#2612 = ( GEOMETRIC_REPRESENTATION_CONTEXT(2) 
PARAMETRIC_REPRESENTATION_CONTEXT() REPRESENTATION_CONTEXT('2D SPACE',''
  ) );
#2613 = ORIENTED_EDGE('',*,*,#2614,.T.);
#2614 = EDGE_CURVE('',#2591,#2540,#2615,.T.);
#2615 = SURFACE_CURVE('',#2616,(#2621,#2628),.PCURVE_S1.);
#2616 = CIRCLE('',#2617,40.);
#2617 = AXIS2_PLACEMENT_3D('',#2618,#2619,#2620);
#2618 = CARTESIAN_POINT('',(2.376054908382E-13,1.705302565824E-15,3.));
#2619 = DIRECTION('',(0.,0.,1.));
#2620 = DIRECTION('',(1.,0.,0.));
#2621 = PCURVE('',#2198,#2622);
#2622 = DEFINITIONAL_REPRESENTATION('',(#2623),#2627);
#2623 = CIRCLE('',#2624,40.);
#2624 = AXIS2_PLACEMENT_2D('',#2625,#2626);
#2625 = CARTESIAN_POINT('',(-40.,1.530550660916E-15));
#2626 = DIRECTION('',(1.,0.));
#2627 = ( GEOMETRIC_REPRESENTATION_CONTEXT(2) 
PARAMETRIC_REPRESENTATION_CONTEXT() REPRESENTATION_CONTEXT('2D SPACE',''
  ) );
#2628 = PCURVE('',#2432,#2629);
#2629 = DEFINITIONAL_REPRESENTATION('',(#2630),#2634);
#2630 = LINE('',#2631,#2632);
#2631 = CARTESIAN_POINT('',(-0.,-3.));
#2632 = VECTOR('',#2633,1.);
#2633 = DIRECTION('',(-1.,0.));
#2634 = ( GEOMETRIC_REPRESENTATION_CONTEXT(2) 
PARAMETRIC_REPRESENTATION_CONTEXT() REPRESENTATION_CONTEXT('2D SPACE',''
  ) );
#2635 = ORIENTED_EDGE('',*,*,#2539,.F.);
#2636 = ADVANCED_FACE('',(#2637),#2252,.T.);
#2637 = FACE_BOUND('',#2638,.F.);
#2638 = EDGE_LOOP('',(#2639,#2640,#2662));
#2639 = ORIENTED_EDGE('',*,*,#2210,.F.);
#2640 = ORIENTED_EDGE('',*,*,#2641,.F.);
#2641 = EDGE_CURVE('',#2591,#2211,#2642,.T.);
#2642 = SURFACE_CURVE('',#2643,(#2648,#2655),.PCURVE_S1.);
#2643 = CIRCLE('',#2644,2.);
#2644 = AXIS2_PLACEMENT_3D('',#2645,#2646,#2647);
#2645 = CARTESIAN_POINT('',(40.,0.,3.));
#2646 = DIRECTION('',(0.,0.,1.));
#2647 = DIRECTION('',(1.,0.,0.));
#2648 = PCURVE('',#2252,#2649);
#2649 = DEFINITIONAL_REPRESENTATION('',(#2650),#2654);
#2650 = LINE('',#2651,#2652);
#2651 = CARTESIAN_POINT('',(-0.,0.));
#2652 = VECTOR('',#2653,1.);
#2653 = DIRECTION('',(-1.,0.));
#2654 = ( GEOMETRIC_REPRESENTATION_CONTEXT(2) 
PARAMETRIC_REPRESENTATION_CONTEXT() REPRESENTATION_CONTEXT('2D SPACE',''
  ) );
#2655 = PCURVE('',#1340,#2656);
#2656 = DEFINITIONAL_REPRESENTATION('',(#2657),#2661);
#2657 = CIRCLE('',#2658,2.);
#2658 = AXIS2_PLACEMENT_2D('',#2659,#2660);
#2659 = CARTESIAN_POINT('',(40.,-3.209892110372E-15));
#2660 = DIRECTION('',(1.,0.));
#2661 = ( GEOMETRIC_REPRESENTATION_CONTEXT(2) 
PARAMETRIC_REPRESENTATION_CONTEXT() REPRESENTATION_CONTEXT('2D SPACE',''
  ) );
#2662 = ORIENTED_EDGE('',*,*,#2590,.F.);
#2663 = ADVANCED_FACE('',(#2664),#2432,.F.);
#2664 = FACE_BOUND('',#2665,.T.);
#2665 = EDGE_LOOP('',(#2666,#2667,#2689,#2690,#2712));
#2666 = ORIENTED_EDGE('',*,*,#2320,.F.);
#2667 = ORIENTED_EDGE('',*,*,#2668,.T.);
#2668 = EDGE_CURVE('',#2300,#2591,#2669,.T.);
#2669 = SURFACE_CURVE('',#2670,(#2675,#2682),.PCURVE_S1.);
#2670 = CIRCLE('',#2671,40.);
#2671 = AXIS2_PLACEMENT_3D('',#2672,#2673,#2674);
#2672 = CARTESIAN_POINT('',(2.376054908382E-13,1.705302565824E-15,3.));
#2673 = DIRECTION('',(0.,0.,1.));
#2674 = DIRECTION('',(1.,0.,0.));
#2675 = PCURVE('',#2432,#2676);
#2676 = DEFINITIONAL_REPRESENTATION('',(#2677),#2681);
#2677 = LINE('',#2678,#2679);
#2678 = CARTESIAN_POINT('',(-0.,-3.));
#2679 = VECTOR('',#2680,1.);
#2680 = DIRECTION('',(-1.,0.));
#2681 = ( GEOMETRIC_REPRESENTATION_CONTEXT(2) 
PARAMETRIC_REPRESENTATION_CONTEXT() REPRESENTATION_CONTEXT('2D SPACE',''
  ) );
#2682 = PCURVE('',#1340,#2683);
#2683 = DEFINITIONAL_REPRESENTATION('',(#2684),#2688);
#2684 = CIRCLE('',#2685,40.);
#2685 = AXIS2_PLACEMENT_2D('',#2686,#2687);
#2686 = CARTESIAN_POINT('',(2.393558142078E-13,-1.504589544548E-15));
#2687 = DIRECTION('',(1.,0.));
#2688 = ( GEOMETRIC_REPRESENTATION_CONTEXT(2) 
PARAMETRIC_REPRESENTATION_CONTEXT() REPRESENTATION_CONTEXT('2D SPACE',''
  ) );
#2689 = ORIENTED_EDGE('',*,*,#2614,.T.);
#2690 = ORIENTED_EDGE('',*,*,#2691,.T.);
#2691 = EDGE_CURVE('',#2540,#1065,#2692,.T.);
#2692 = SURFACE_CURVE('',#2693,(#2698,#2705),.PCURVE_S1.);
#2693 = CIRCLE('',#2694,40.);
#2694 = AXIS2_PLACEMENT_3D('',#2695,#2696,#2697);
#2695 = CARTESIAN_POINT('',(2.376054908382E-13,1.705302565824E-15,3.));
#2696 = DIRECTION('',(0.,0.,1.));
#2697 = DIRECTION('',(1.,0.,0.));
#2698 = PCURVE('',#2432,#2699);
#2699 = DEFINITIONAL_REPRESENTATION('',(#2700),#2704);
#2700 = LINE('',#2701,#2702);
#2701 = CARTESIAN_POINT('',(-0.,-3.));
#2702 = VECTOR('',#2703,1.);
#2703 = DIRECTION('',(-1.,0.));
#2704 = ( GEOMETRIC_REPRESENTATION_CONTEXT(2) 
PARAMETRIC_REPRESENTATION_CONTEXT() REPRESENTATION_CONTEXT('2D SPACE',''
  ) );
#2705 = PCURVE('',#1081,#2706);
#2706 = DEFINITIONAL_REPRESENTATION('',(#2707),#2711);
#2707 = CIRCLE('',#2708,40.);
#2708 = AXIS2_PLACEMENT_2D('',#2709,#2710);
#2709 = CARTESIAN_POINT('',(2.393558142078E-13,-1.504589544548E-15));
#2710 = DIRECTION('',(1.,0.));
#2711 = ( GEOMETRIC_REPRESENTATION_CONTEXT(2) 
PARAMETRIC_REPRESENTATION_CONTEXT() REPRESENTATION_CONTEXT('2D SPACE',''
  ) );
#2712 = ORIENTED_EDGE('',*,*,#2713,.F.);
#2713 = EDGE_CURVE('',#2321,#1065,#2714,.T.);
#2714 = SURFACE_CURVE('',#2715,(#2719,#2726),.PCURVE_S1.);
#2715 = LINE('',#2716,#2717);
#2716 = CARTESIAN_POINT('',(40.,1.705302565824E-15,0.));
#2717 = VECTOR('',#2718,1.);
#2718 = DIRECTION('',(0.,0.,1.));
#2719 = PCURVE('',#2432,#2720);
#2720 = DEFINITIONAL_REPRESENTATION('',(#2721),#2725);
#2721 = LINE('',#2722,#2723);
#2722 = CARTESIAN_POINT('',(-6.28318530718,0.));
#2723 = VECTOR('',#2724,1.);
#2724 = DIRECTION('',(-0.,-1.));
#2725 = ( GEOMETRIC_REPRESENTATION_CONTEXT(2) 
PARAMETRIC_REPRESENTATION_CONTEXT() REPRESENTATION_CONTEXT('2D SPACE',''
  ) );
#2726 = PCURVE('',#280,#2727);
#2727 = DEFINITIONAL_REPRESENTATION('',(#2728),#2732);
#2728 = LINE('',#2729,#2730);
#2729 = CARTESIAN_POINT('',(-0.,0.));
#2730 = VECTOR('',#2731,1.);
#2731 = DIRECTION('',(-0.,-1.));
#2732 = ( GEOMETRIC_REPRESENTATION_CONTEXT(2) 
PARAMETRIC_REPRESENTATION_CONTEXT() REPRESENTATION_CONTEXT('2D SPACE',''
  ) );
#2733 = ADVANCED_FACE('',(#2734),#2080,.F.);
#2734 = FACE_BOUND('',#2735,.F.);
#2735 = EDGE_LOOP('',(#2736,#2757,#2786,#2812));
#2736 = ORIENTED_EDGE('',*,*,#2737,.F.);
#2737 = EDGE_CURVE('',#2738,#2062,#2740,.T.);
#2738 = VERTEX_POINT('',#2739);
#2739 = CARTESIAN_POINT('',(41.,0.,3.));
#2740 = SURFACE_CURVE('',#2741,(#2745,#2751),.PCURVE_S1.);
#2741 = LINE('',#2742,#2743);
#2742 = CARTESIAN_POINT('',(20.,0.,3.));
#2743 = VECTOR('',#2744,1.);
#2744 = DIRECTION('',(-1.,0.,0.));
#2745 = PCURVE('',#2080,#2746);
#2746 = DEFINITIONAL_REPRESENTATION('',(#2747),#2750);
#2747 = B_SPLINE_CURVE_WITH_KNOTS('',1,(#2748,#2749),.UNSPECIFIED.,.F.,
  .F.,(2,2),(-21.,-19.8),.PIECEWISE_BEZIER_KNOTS.);
#2748 = CARTESIAN_POINT('',(0.,1.));
#2749 = CARTESIAN_POINT('',(0.,-0.2));
#2750 = ( GEOMETRIC_REPRESENTATION_CONTEXT(2) 
PARAMETRIC_REPRESENTATION_CONTEXT() REPRESENTATION_CONTEXT('2D SPACE',''
  ) );
#2751 = PCURVE('',#1081,#2752);
#2752 = DEFINITIONAL_REPRESENTATION('',(#2753),#2756);
#2753 = B_SPLINE_CURVE_WITH_KNOTS('',1,(#2754,#2755),.UNSPECIFIED.,.F.,
  .F.,(2,2),(-21.,-19.8),.PIECEWISE_BEZIER_KNOTS.);
#2754 = CARTESIAN_POINT('',(41.,-3.209892110372E-15));
#2755 = CARTESIAN_POINT('',(39.8,-3.209892110372E-15));
#2756 = ( GEOMETRIC_REPRESENTATION_CONTEXT(2) 
PARAMETRIC_REPRESENTATION_CONTEXT() REPRESENTATION_CONTEXT('2D SPACE',''
  ) );
#2757 = ORIENTED_EDGE('',*,*,#2758,.T.);
#2758 = EDGE_CURVE('',#2738,#2759,#2761,.T.);
#2759 = VERTEX_POINT('',#2760);
#2760 = CARTESIAN_POINT('',(39.8,-4.874094260606E-15,3.979795897113));
#2761 = SURFACE_CURVE('',#2762,(#2767,#2774),.PCURVE_S1.);
#2762 = CIRCLE('',#2763,1.);
#2763 = AXIS2_PLACEMENT_3D('',#2764,#2765,#2766);
#2764 = CARTESIAN_POINT('',(40.,0.,3.));
#2765 = DIRECTION('',(0.,-1.,0.));
#2766 = DIRECTION('',(1.,0.,0.));
#2767 = PCURVE('',#2080,#2768);
#2768 = DEFINITIONAL_REPRESENTATION('',(#2769),#2773);
#2769 = CIRCLE('',#2770,1.);
#2770 = AXIS2_PLACEMENT_2D('',#2771,#2772);
#2771 = CARTESIAN_POINT('',(0.,0.));
#2772 = DIRECTION('',(0.,1.));
#2773 = ( GEOMETRIC_REPRESENTATION_CONTEXT(2) 
PARAMETRIC_REPRESENTATION_CONTEXT() REPRESENTATION_CONTEXT('2D SPACE',''
  ) );
#2774 = PCURVE('',#2775,#2780);
#2775 = CYLINDRICAL_SURFACE('',#2776,1.);
#2776 = AXIS2_PLACEMENT_3D('',#2777,#2778,#2779);
#2777 = CARTESIAN_POINT('',(40.,0.,3.));
#2778 = DIRECTION('',(-0.,1.,-0.));
#2779 = DIRECTION('',(1.,0.,0.));
#2780 = DEFINITIONAL_REPRESENTATION('',(#2781),#2785);
#2781 = LINE('',#2782,#2783);
#2782 = CARTESIAN_POINT('',(-0.,0.));
#2783 = VECTOR('',#2784,1.);
#2784 = DIRECTION('',(-1.,0.));
#2785 = ( GEOMETRIC_REPRESENTATION_CONTEXT(2) 
PARAMETRIC_REPRESENTATION_CONTEXT() REPRESENTATION_CONTEXT('2D SPACE',''
  ) );
#2786 = ORIENTED_EDGE('',*,*,#2787,.F.);
#2787 = EDGE_CURVE('',#2064,#2759,#2788,.T.);
#2788 = SURFACE_CURVE('',#2789,(#2794,#2801),.PCURVE_S1.);
#2789 = CIRCLE('',#2790,2.5);
#2790 = AXIS2_PLACEMENT_3D('',#2791,#2792,#2793);
#2791 = CARTESIAN_POINT('',(37.5,-9.184850993605E-15,3.));
#2792 = DIRECTION('',(-2.449293598295E-16,-1.,0.));
#2793 = DIRECTION('',(1.,-2.449293598295E-16,0.));
#2794 = PCURVE('',#2080,#2795);
#2795 = DEFINITIONAL_REPRESENTATION('',(#2796),#2800);
#2796 = CIRCLE('',#2797,2.5);
#2797 = AXIS2_PLACEMENT_2D('',#2798,#2799);
#2798 = CARTESIAN_POINT('',(0.,-2.5));
#2799 = DIRECTION('',(0.,1.));
#2800 = ( GEOMETRIC_REPRESENTATION_CONTEXT(2) 
PARAMETRIC_REPRESENTATION_CONTEXT() REPRESENTATION_CONTEXT('2D SPACE',''
  ) );
#2801 = PCURVE('',#2802,#2807);
#2802 = TOROIDAL_SURFACE('',#2803,37.5,2.5);
#2803 = AXIS2_PLACEMENT_3D('',#2804,#2805,#2806);
#2804 = CARTESIAN_POINT('',(0.,0.,3.));
#2805 = DIRECTION('',(0.,0.,1.));
#2806 = DIRECTION('',(1.,0.,-0.));
#2807 = DEFINITIONAL_REPRESENTATION('',(#2808),#2811);
#2808 = B_SPLINE_CURVE_WITH_KNOTS('',1,(#2809,#2810),.UNSPECIFIED.,.F.,
  .F.,(2,2),(0.100041713612,0.402715841581),.PIECEWISE_BEZIER_KNOTS.);
#2809 = CARTESIAN_POINT('',(6.28318530718,0.100041713612));
#2810 = CARTESIAN_POINT('',(6.28318530718,0.402715841581));
#2811 = ( GEOMETRIC_REPRESENTATION_CONTEXT(2) 
PARAMETRIC_REPRESENTATION_CONTEXT() REPRESENTATION_CONTEXT('2D SPACE',''
  ) );
#2812 = ORIENTED_EDGE('',*,*,#2061,.F.);
#2813 = ADVANCED_FACE('',(#2814),#2775,.T.);
#2814 = FACE_BOUND('',#2815,.F.);
#2815 = EDGE_LOOP('',(#2816,#2817,#2840,#3000));
#2816 = ORIENTED_EDGE('',*,*,#2758,.F.);
#2817 = ORIENTED_EDGE('',*,*,#2818,.T.);
#2818 = EDGE_CURVE('',#2738,#2819,#2821,.T.);
#2819 = VERTEX_POINT('',#2820);
#2820 = CARTESIAN_POINT('',(41.,-0.75,2.9999999));
#2821 = SURFACE_CURVE('',#2822,(#2826,#2833),.PCURVE_S1.);
#2822 = LINE('',#2823,#2824);
#2823 = CARTESIAN_POINT('',(41.,0.,3.));
#2824 = VECTOR('',#2825,1.);
#2825 = DIRECTION('',(0.,-1.,0.));
#2826 = PCURVE('',#2775,#2827);
#2827 = DEFINITIONAL_REPRESENTATION('',(#2828),#2832);
#2828 = LINE('',#2829,#2830);
#2829 = CARTESIAN_POINT('',(-0.,0.));
#2830 = VECTOR('',#2831,1.);
#2831 = DIRECTION('',(-0.,-1.));
#2832 = ( GEOMETRIC_REPRESENTATION_CONTEXT(2) 
PARAMETRIC_REPRESENTATION_CONTEXT() REPRESENTATION_CONTEXT('2D SPACE',''
  ) );
#2833 = PCURVE('',#1081,#2834);
#2834 = DEFINITIONAL_REPRESENTATION('',(#2835),#2839);
#2835 = LINE('',#2836,#2837);
#2836 = CARTESIAN_POINT('',(41.,-3.209892110372E-15));
#2837 = VECTOR('',#2838,1.);
#2838 = DIRECTION('',(0.,-1.));
#2839 = ( GEOMETRIC_REPRESENTATION_CONTEXT(2) 
PARAMETRIC_REPRESENTATION_CONTEXT() REPRESENTATION_CONTEXT('2D SPACE',''
  ) );
#2840 = ORIENTED_EDGE('',*,*,#2841,.T.);
#2841 = EDGE_CURVE('',#2819,#2842,#2844,.T.);
#2842 = VERTEX_POINT('',#2843);
#2843 = CARTESIAN_POINT('',(39.782544426248,-1.230939914636,
    3.976070261192));
#2844 = SURFACE_CURVE('',#2845,(#2893,#2944),.PCURVE_S1.);
#2845 = B_SPLINE_CURVE_WITH_KNOTS('',6,(#2846,#2847,#2848,#2849,#2850,
    #2851,#2852,#2853,#2854,#2855,#2856,#2857,#2858,#2859,#2860,#2861,
    #2862,#2863,#2864,#2865,#2866,#2867,#2868,#2869,#2870,#2871,#2872,
    #2873,#2874,#2875,#2876,#2877,#2878,#2879,#2880,#2881,#2882,#2883,
    #2884,#2885,#2886,#2887,#2888,#2889,#2890,#2891,#2892),
  .UNSPECIFIED.,.F.,.F.,(7,5,5,5,5,5,5,5,5,7),(0.,8.615196629077E-02,
    0.215943593172,0.367621809813,0.499852119746,0.588141773448,
    0.782260823942,0.912813515003,0.961763610988,1.),.UNSPECIFIED.);
#2846 = CARTESIAN_POINT('',(41.,-0.75,3.));
#2847 = CARTESIAN_POINT('',(41.,-0.75,3.046366689216));
#2848 = CARTESIAN_POINT('',(40.997420153157,-0.753439697772,
    3.092488015759));
#2849 = CARTESIAN_POINT('',(40.992311674597,-0.760251453539,
    3.138176879375));
#2850 = CARTESIAN_POINT('',(40.984744708034,-0.770154821212,
    3.183213413479));
#2851 = CARTESIAN_POINT('',(40.974836036965,-0.78265309014,
    3.227276840901));
#2852 = CARTESIAN_POINT('',(40.94488423122,-0.818835028498,
    3.334129442919));
#2853 = CARTESIAN_POINT('',(40.922098899564,-0.845160692256,
    3.395636086763));
#2854 = CARTESIAN_POINT('',(40.894937467632,-0.874519912959,
    3.454453214393));
#2855 = CARTESIAN_POINT('',(40.86362999803,-0.905604780969,
    3.510542720325));
#2856 = CARTESIAN_POINT('',(40.828348630832,-0.937504110292,
    3.563864193996));
#2857 = CARTESIAN_POINT('',(40.742987058145,-1.006969439536,
    3.673480083248));
#2858 = CARTESIAN_POINT('',(40.691378227069,-1.044614431844,
    3.728805775227));
#2859 = CARTESIAN_POINT('',(40.634216915295,-1.081189191945,
    3.780041845964));
#2860 = CARTESIAN_POINT('',(40.571520897187,-1.115623652544,
    3.826649949775));
#2861 = CARTESIAN_POINT('',(40.503335358551,-1.146856112756,
    3.867916309528));
#2862 = CARTESIAN_POINT('',(40.36577408312,-1.197232085207,
    3.933404787921));
#2863 = CARTESIAN_POINT('',(40.297468807816,-1.217486784714,
    3.959230730066));
#2864 = CARTESIAN_POINT('',(40.225733011802,-1.233485354763,
    3.979355959357));
#2865 = CARTESIAN_POINT('',(40.15153434386,-1.244465045984,
    3.993081514517));
#2866 = CARTESIAN_POINT('',(40.075930336235,-1.25,4.));
#2867 = CARTESIAN_POINT('',(39.94930161553,-1.25,4.));
#2868 = CARTESIAN_POINT('',(39.898657065095,-1.247532611093,
    3.996915600292));
#2869 = CARTESIAN_POINT('',(39.848431684554,-1.242607082988,
    3.990759122531));
#2870 = CARTESIAN_POINT('',(39.798991230344,-1.235316278641,
    3.981619572556));
#2871 = CARTESIAN_POINT('',(39.750687589557,-1.225833632617,
    3.969664146231));
#2872 = CARTESIAN_POINT('',(39.600852376908,-1.189293650391,
    3.923205474087));
#2873 = CARTESIAN_POINT('',(39.505564763963,-1.154950732901,
    3.879051666086));
#2874 = CARTESIAN_POINT('',(39.418876859002,-1.113684354016,
    3.82485903512));
#2875 = CARTESIAN_POINT('',(39.341190662813,-1.067760961897,
    3.762361157427));
#2876 = CARTESIAN_POINT('',(39.27270154637,-1.019473476107,
    3.692968120972));
#2877 = CARTESIAN_POINT('',(39.173785915231,-0.939408749263,
    3.567024683386));
#2878 = CARTESIAN_POINT('',(39.138135257469,-0.907317619991,
    3.513577284244));
#2879 = CARTESIAN_POINT('',(39.106493941557,-0.876015907881,
    3.457334666916));
#2880 = CARTESIAN_POINT('',(39.079031778367,-0.846418023831,
    3.39833646493));
#2881 = CARTESIAN_POINT('',(39.055979751284,-0.819842444466,
    3.336620193332));
#2882 = CARTESIAN_POINT('',(39.030912438026,-0.789610026845,
    3.247992239864));
#2883 = CARTESIAN_POINT('',(39.024752045796,-0.782007749957,
    3.223430013833));
#2884 = CARTESIAN_POINT('',(39.019303699562,-0.775147736602,
    3.198522922769));
#2885 = CARTESIAN_POINT('',(39.014594492739,-0.769120924784,
    3.173310702341));
#2886 = CARTESIAN_POINT('',(39.010646302358,-0.764006798957,
    3.147823795405));
#2887 = CARTESIAN_POINT('',(39.005006893264,-0.756640780035,
    3.101976086264));
#2888 = CARTESIAN_POINT('',(39.003012247287,-0.754008968784,
    3.081724462964));
#2889 = CARTESIAN_POINT('',(39.001508183084,-0.752010986895,
    3.061366330294));
#2890 = CARTESIAN_POINT('',(39.000502740578,-0.750670569588,
    3.040937511027));
#2891 = CARTESIAN_POINT('',(38.999999983623,-0.749999978163,
    3.020471447177));
#2892 = CARTESIAN_POINT('',(39.,-0.75,2.9999992));
#2893 = PCURVE('',#2775,#2894);
#2894 = DEFINITIONAL_REPRESENTATION('',(#2895),#2943);
#2895 = B_SPLINE_CURVE_WITH_KNOTS('',6,(#2896,#2897,#2898,#2899,#2900,
    #2901,#2902,#2903,#2904,#2905,#2906,#2907,#2908,#2909,#2910,#2911,
    #2912,#2913,#2914,#2915,#2916,#2917,#2918,#2919,#2920,#2921,#2922,
    #2923,#2924,#2925,#2926,#2927,#2928,#2929,#2930,#2931,#2932,#2933,
    #2934,#2935,#2936,#2937,#2938,#2939,#2940,#2941,#2942),
  .UNSPECIFIED.,.F.,.F.,(7,5,5,5,5,5,5,5,5,7),(0.,8.615196629077E-02,
    0.215943593172,0.367621809813,0.499852119746,0.588141773448,
    0.782260823942,0.912813515003,0.961763610988,1.),.UNSPECIFIED.);
#2896 = CARTESIAN_POINT('',(0.,-0.75));
#2897 = CARTESIAN_POINT('',(-4.636668921566E-02,-0.75));
#2898 = CARTESIAN_POINT('',(-9.248792441082E-02,-0.753439697772));
#2899 = CARTESIAN_POINT('',(-0.138356668313,-0.760251453539));
#2900 = CARTESIAN_POINT('',(-0.18392074732,-0.770154821212));
#2901 = CARTESIAN_POINT('',(-0.229023153528,-0.78265309014));
#2902 = CARTESIAN_POINT('',(-0.339994272408,-0.818835028498));
#2903 = CARTESIAN_POINT('',(-0.405368596217,-0.845160692256));
#2904 = CARTESIAN_POINT('',(-0.469865540536,-0.874519912959));
#2905 = CARTESIAN_POINT('',(-0.533826134575,-0.905604780969));
#2906 = CARTESIAN_POINT('',(-0.597573742748,-0.937504110292));
#2907 = CARTESIAN_POINT('',(-0.736506248909,-1.006969439536));
#2908 = CARTESIAN_POINT('',(-0.811866616546,-1.044614431844));
#2909 = CARTESIAN_POINT('',(-0.88816634412,-1.081189191945));
#2910 = CARTESIAN_POINT('',(-0.965778606106,-1.115623652544));
#2911 = CARTESIAN_POINT('',(-1.045081859958,-1.146856112756));
#2912 = CARTESIAN_POINT('',(-1.197436201218,-1.197232085207));
#2913 = CARTESIAN_POINT('',(-1.27021031117,-1.217486784714));
#2914 = CARTESIAN_POINT('',(-1.344274973114,-1.233485354763));
#2915 = CARTESIAN_POINT('',(-1.419262074917,-1.244465045984));
#2916 = CARTESIAN_POINT('',(-1.49486599056,-1.25));
#2917 = CARTESIAN_POINT('',(-1.621494711265,-1.25));
#2918 = CARTESIAN_POINT('',(-1.672139304772,-1.247532611093));
#2919 = CARTESIAN_POINT('',(-1.722599133886,-1.242607082988));
#2920 = CARTESIAN_POINT('',(-1.772740860461,-1.235316278641));
#2921 = CARTESIAN_POINT('',(-1.822418209999,-1.225833632617));
#2922 = CARTESIAN_POINT('',(-1.979290767086,-1.189293650391));
#2923 = CARTESIAN_POINT('',(-2.083381261948,-1.154950732901));
#2924 = CARTESIAN_POINT('',(-2.184481281816,-1.113684354016));
#2925 = CARTESIAN_POINT('',(-2.283192960688,-1.067760961897));
#2926 = CARTESIAN_POINT('',(-2.380070531972,-1.019473476107));
#2927 = CARTESIAN_POINT('',(-2.540214378418,-0.939408749263));
#2928 = CARTESIAN_POINT('',(-2.604268215782,-0.907317619991));
#2929 = CARTESIAN_POINT('',(-2.668521855816,-0.876015907881));
#2930 = CARTESIAN_POINT('',(-2.73330573595,-0.846418023831));
#2931 = CARTESIAN_POINT('',(-2.798966690782,-0.819842444466));
#2932 = CARTESIAN_POINT('',(-2.891071437294,-0.789610026845));
#2933 = CARTESIAN_POINT('',(-2.916383070285,-0.782007749957));
#2934 = CARTESIAN_POINT('',(-2.941861394001,-0.775147736602));
#2935 = CARTESIAN_POINT('',(-2.96749125199,-0.769120924784));
#2936 = CARTESIAN_POINT('',(-2.993269551624,-0.764006798957));
#2937 = CARTESIAN_POINT('',(-3.039462791047,-0.756640780035));
#2938 = CARTESIAN_POINT('',(-3.059806342936,-0.754008968784));
#2939 = CARTESIAN_POINT('',(-3.080210888096,-0.752010986895));
#2940 = CARTESIAN_POINT('',(-3.10065525358,-0.750670569588));
#2941 = CARTESIAN_POINT('',(-3.121121206413,-0.749999978163));
#2942 = CARTESIAN_POINT('',(-3.14159345359,-0.75));
#2943 = ( GEOMETRIC_REPRESENTATION_CONTEXT(2) 
PARAMETRIC_REPRESENTATION_CONTEXT() REPRESENTATION_CONTEXT('2D SPACE',''
  ) );
#2944 = PCURVE('',#2945,#2950);
#2945 = CYLINDRICAL_SURFACE('',#2946,1.25);
#2946 = AXIS2_PLACEMENT_3D('',#2947,#2948,#2949);
#2947 = CARTESIAN_POINT('',(40.,-1.986258379993E-16,2.9999998));
#2948 = DIRECTION('',(-0.,-0.,-1.));
#2949 = DIRECTION('',(1.,0.,0.));
#2950 = DEFINITIONAL_REPRESENTATION('',(#2951),#2999);
#2951 = B_SPLINE_CURVE_WITH_KNOTS('',6,(#2952,#2953,#2954,#2955,#2956,
    #2957,#2958,#2959,#2960,#2961,#2962,#2963,#2964,#2965,#2966,#2967,
    #2968,#2969,#2970,#2971,#2972,#2973,#2974,#2975,#2976,#2977,#2978,
    #2979,#2980,#2981,#2982,#2983,#2984,#2985,#2986,#2987,#2988,#2989,
    #2990,#2991,#2992,#2993,#2994,#2995,#2996,#2997,#2998),
  .UNSPECIFIED.,.F.,.F.,(7,5,5,5,5,5,5,5,5,7),(0.,8.615196629077E-02,
    0.215943593172,0.367621809813,0.499852119746,0.588141773448,
    0.782260823942,0.912813515003,0.961763610988,1.),.UNSPECIFIED.);
#2952 = CARTESIAN_POINT('',(-5.639684198386,-2.000000092206E-07));
#2953 = CARTESIAN_POINT('',(-5.639684198386,-4.636688921567E-02));
#2954 = CARTESIAN_POINT('',(-5.636244528934,-9.248821575902E-02));
#2955 = CARTESIAN_POINT('',(-5.629432633141,-0.138177079375));
#2956 = CARTESIAN_POINT('',(-5.619463094377,-0.183213613479));
#2957 = CARTESIAN_POINT('',(-5.606706368616,-0.227277040901));
#2958 = CARTESIAN_POINT('',(-5.569129836956,-0.334129642919));
#2959 = CARTESIAN_POINT('',(-5.541282795474,-0.395636286763));
#2960 = CARTESIAN_POINT('',(-5.50931490829,-0.454453414393));
#2961 = CARTESIAN_POINT('',(-5.474073571706,-0.510542920325));
#2962 = CARTESIAN_POINT('',(-5.436073380477,-0.563864393996));
#2963 = CARTESIAN_POINT('',(-5.348029645677,-0.673480283248));
#2964 = CARTESIAN_POINT('',(-5.296997334778,-0.728805975227));
#2965 = CARTESIAN_POINT('',(-5.242867781694,-0.780042045964));
#2966 = CARTESIAN_POINT('',(-5.18585490622,-0.826650149775));
#2967 = CARTESIAN_POINT('',(-5.126041058195,-0.867916509528));
#2968 = CARTESIAN_POINT('',(-5.008844899627,-0.933404987921));
#2969 = CARTESIAN_POINT('',(-4.951961007884,-0.959230930066));
#2970 = CARTESIAN_POINT('',(-4.893378555989,-0.979356159357));
#2971 = CARTESIAN_POINT('',(-4.833616538247,-0.993081714517));
#2972 = CARTESIAN_POINT('',(-4.773133249373,-1.0000002));
#2973 = CARTESIAN_POINT('',(-4.671830272809,-1.0000002));
#2974 = CARTESIAN_POINT('',(-4.631314676327,-0.996915800292));
#2975 = CARTESIAN_POINT('',(-4.591014171309,-0.990759322531));
#2976 = CARTESIAN_POINT('',(-4.551102844624,-0.981619772556));
#2977 = CARTESIAN_POINT('',(-4.511762802584,-0.969664346231));
#2978 = CARTESIAN_POINT('',(-4.388381737585,-0.923205674087));
#2979 = CARTESIAN_POINT('',(-4.307812722328,-0.879051866086));
#2980 = CARTESIAN_POINT('',(-4.231517194535,-0.82485923512));
#2981 = CARTESIAN_POINT('',(-4.159689684084,-0.762361357427));
#2982 = CARTESIAN_POINT('',(-4.092797286054,-0.692968320972));
#2983 = CARTESIAN_POINT('',(-3.990990684875,-0.567024883386));
#2984 = CARTESIAN_POINT('',(-3.952669633135,-0.513577484244));
#2985 = CARTESIAN_POINT('',(-3.917117829924,-0.457334866916));
#2986 = CARTESIAN_POINT('',(-3.884847316067,-0.39833666493));
#2987 = CARTESIAN_POINT('',(-3.856709697529,-0.336620393332));
#2988 = CARTESIAN_POINT('',(-3.825291289991,-0.247992439864));
#2989 = CARTESIAN_POINT('',(-3.817463840581,-0.223430213833));
#2990 = CARTESIAN_POINT('',(-3.810455938229,-0.198523122769));
#2991 = CARTESIAN_POINT('',(-3.804337342915,-0.173310902341));
#2992 = CARTESIAN_POINT('',(-3.799168705493,-0.147823995405));
#2993 = CARTESIAN_POINT('',(-3.791747172726,-0.101976286264));
#2994 = CARTESIAN_POINT('',(-3.789105363385,-8.17246629637E-02));
#2995 = CARTESIAN_POINT('',(-3.787104725605,-6.13665302939E-02));
#2996 = CARTESIAN_POINT('',(-3.78576425522,-4.093771102711E-02));
#2997 = CARTESIAN_POINT('',(-3.785093740546,-2.047164717727E-02));
#2998 = CARTESIAN_POINT('',(-3.785093762384,5.999999999062E-07));
#2999 = ( GEOMETRIC_REPRESENTATION_CONTEXT(2) 
PARAMETRIC_REPRESENTATION_CONTEXT() REPRESENTATION_CONTEXT('2D SPACE',''
  ) );
#3000 = ORIENTED_EDGE('',*,*,#3001,.T.);
#3001 = EDGE_CURVE('',#2842,#2759,#3002,.T.);
#3002 = SURFACE_CURVE('',#3003,(#3055,#3110),.PCURVE_S1.);
#3003 = B_SPLINE_CURVE_WITH_KNOTS('',8,(#3004,#3005,#3006,#3007,#3008,
    #3009,#3010,#3011,#3012,#3013,#3014,#3015,#3016,#3017,#3018,#3019,
    #3020,#3021,#3022,#3023,#3024,#3025,#3026,#3027,#3028,#3029,#3030,
    #3031,#3032,#3033,#3034,#3035,#3036,#3037,#3038,#3039,#3040,#3041,
    #3042,#3043,#3044,#3045,#3046,#3047,#3048,#3049,#3050,#3051,#3052,
    #3053,#3054),.UNSPECIFIED.,.F.,.F.,(9,7,7,7,7,7,7,9),(0.,
    4.305682506191E-02,0.101813570687,0.172314814256,0.274185527414,
    0.376607823504,0.678657060031,1.),.UNSPECIFIED.);
#3004 = CARTESIAN_POINT('',(39.,-8.888194417316,3.));
#3005 = CARTESIAN_POINT('',(39.,-8.888194417316,3.018746519265));
#3006 = CARTESIAN_POINT('',(39.000403829314,-8.885695655802,
    3.037440125108));
#3007 = CARTESIAN_POINT('',(39.001200475286,-8.880765975281,
    3.055701646073));
#3008 = CARTESIAN_POINT('',(39.002346501175,-8.873671391627,
    3.073291854305));
#3009 = CARTESIAN_POINT('',(39.00378045677,-8.864788033951,
    3.090084407434));
#3010 = CARTESIAN_POINT('',(39.005437289002,-8.854514084472,
    3.106038790474));
#3011 = CARTESIAN_POINT('',(39.007262752561,-8.843181718386,
    3.121173257708));
#3012 = CARTESIAN_POINT('',(39.011909416216,-8.814303230203,
    3.155140062099));
#3013 = CARTESIAN_POINT('',(39.015041302779,-8.794814803343,
    3.174733018953));
#3014 = CARTESIAN_POINT('',(39.018627049707,-8.772467022768,
    3.194313444322));
#3015 = CARTESIAN_POINT('',(39.022671440182,-8.747212183363,
    3.213879449379));
#3016 = CARTESIAN_POINT('',(39.027180444471,-8.718991011692,
    3.233429763981));
#3017 = CARTESIAN_POINT('',(39.032161193327,-8.687732062389,
    3.25296304335));
#3018 = CARTESIAN_POINT('',(39.037621951397,-8.653351114565,
    3.272477174765));
#3019 = CARTESIAN_POINT('',(39.050711563915,-8.570634296879,
    3.315356002866));
#3020 = CARTESIAN_POINT('',(39.058558537099,-8.520864074589,
    3.338720364068));
#3021 = CARTESIAN_POINT('',(39.067126889398,-8.46628540491,3.36204597407
    ));
#3022 = CARTESIAN_POINT('',(39.076436146974,-8.406693926501,
    3.38533010479));
#3023 = CARTESIAN_POINT('',(39.086511602263,-8.341831584068,
    3.408574234886));
#3024 = CARTESIAN_POINT('',(39.097383796607,-8.271384015022,
    3.431777951511));
#3025 = CARTESIAN_POINT('',(39.109087366189,-8.194979151844,
    3.454935512795));
#3026 = CARTESIAN_POINT('',(39.139824986161,-7.992556647355,
    3.511412758454));
#3027 = CARTESIAN_POINT('',(39.157937827227,-7.871877796383,
    3.541241235577));
#3028 = CARTESIAN_POINT('',(39.175938229861,-7.750481096453,
    3.56840736262));
#3029 = CARTESIAN_POINT('',(39.193792184327,-7.628547494939,
    3.593331579519));
#3030 = CARTESIAN_POINT('',(39.211473241018,-7.506214534954,
    3.616365472797));
#3031 = CARTESIAN_POINT('',(39.228965011628,-7.383557671828,
    3.637739548082));
#3032 = CARTESIAN_POINT('',(39.246256082463,-7.260618664417,
    3.657653653718));
#3033 = CARTESIAN_POINT('',(39.280517559286,-7.013511046778,
    3.694974941302));
#3034 = CARTESIAN_POINT('',(39.297479942627,-6.889380463493,
    3.712369839658));
#3035 = CARTESIAN_POINT('',(39.314217245335,-6.765043199765,
    3.728587827639));
#3036 = CARTESIAN_POINT('',(39.330719855638,-6.640529858733,
    3.743750072352));
#3037 = CARTESIAN_POINT('',(39.34697902324,-6.515865142986,
    3.757959689962));
#3038 = CARTESIAN_POINT('',(39.362986859326,-6.391067854557,
    3.77130174569));
#3039 = CARTESIAN_POINT('',(39.378736336561,-6.266150894927,
    3.783843253814));
#3040 = CARTESIAN_POINT('',(39.439887303885,-5.772401702018,
    3.830402340585));
#3041 = CARTESIAN_POINT('',(39.483245035132,-5.402758300671,
    3.858682472746));
#3042 = CARTESIAN_POINT('',(39.524125844758,-5.032428640548,
    3.882006041241));
#3043 = CARTESIAN_POINT('',(39.562370380138,-4.661561077939,
    3.901230057394));
#3044 = CARTESIAN_POINT('',(39.597821470067,-4.290267226809,
    3.91707791038));
#3045 = CARTESIAN_POINT('',(39.630328514661,-3.91861496284,
    3.930090624524));
#3046 = CARTESIAN_POINT('',(39.659749937758,-3.546642962227,
    3.940740078201));
#3047 = CARTESIAN_POINT('',(39.713839606476,-2.778293068981,
    3.958631673189));
#3048 = CARTESIAN_POINT('',(39.73808116689,-2.381915793483,
    3.965612594333));
#3049 = CARTESIAN_POINT('',(39.758526845478,-1.985279131162,
    3.970812349311));
#3050 = CARTESIAN_POINT('',(39.7750370041,-1.588434437345,3.974597183232
    ));
#3051 = CARTESIAN_POINT('',(39.787498632989,-1.191432617232,
    3.97724471487));
#3052 = CARTESIAN_POINT('',(39.795832962114,-0.79432487524,
    3.978944849447));
#3053 = CARTESIAN_POINT('',(39.8,-0.397163116429,3.979795897113));
#3054 = CARTESIAN_POINT('',(39.8,0.,3.979795897113));
#3055 = PCURVE('',#2775,#3056);
#3056 = DEFINITIONAL_REPRESENTATION('',(#3057),#3109);
#3057 = B_SPLINE_CURVE_WITH_KNOTS('',8,(#3058,#3059,#3060,#3061,#3062,
    #3063,#3064,#3065,#3066,#3067,#3068,#3069,#3070,#3071,#3072,#3073,
    #3074,#3075,#3076,#3077,#3078,#3079,#3080,#3081,#3082,#3083,#3084,
    #3085,#3086,#3087,#3088,#3089,#3090,#3091,#3092,#3093,#3094,#3095,
    #3096,#3097,#3098,#3099,#3100,#3101,#3102,#3103,#3104,#3105,#3106,
    #3107,#3108),.UNSPECIFIED.,.F.,.F.,(9,7,7,7,7,7,7,9),(0.,
    4.305682506191E-02,0.101813570687,0.172314814256,0.274185527414,
    0.376607823504,0.678657060031,1.),.UNSPECIFIED.);
#3058 = CARTESIAN_POINT('',(-3.14159265359,-8.888194417316));
#3059 = CARTESIAN_POINT('',(-3.122846134325,-8.888194417316));
#3060 = CARTESIAN_POINT('',(-3.104152985661,-8.885695655802));
#3061 = CARTESIAN_POINT('',(-3.085880727837,-8.880765975281));
#3062 = CARTESIAN_POINT('',(-3.068260431492,-8.873671391627));
#3063 = CARTESIAN_POINT('',(-3.051413358566,-8.864788033951));
#3064 = CARTESIAN_POINT('',(-3.03537760319,-8.854514084472));
#3065 = CARTESIAN_POINT('',(-3.020134732585,-8.843181718386));
#3066 = CARTESIAN_POINT('',(-2.985851569316,-8.814303230203));
#3067 = CARTESIAN_POINT('',(-2.966014927867,-8.794814803343));
#3068 = CARTESIAN_POINT('',(-2.946117375227,-8.772467022768));
#3069 = CARTESIAN_POINT('',(-2.926148090047,-8.747212183363));
#3070 = CARTESIAN_POINT('',(-2.906095098192,-8.718991011692));
#3071 = CARTESIAN_POINT('',(-2.88594581293,-8.687732062389));
#3072 = CARTESIAN_POINT('',(-2.865687575113,-8.653351114565));
#3073 = CARTESIAN_POINT('',(-2.82085531156,-8.570634296879));
#3074 = CARTESIAN_POINT('',(-2.79621792603,-8.520864074589));
#3075 = CARTESIAN_POINT('',(-2.771384660035,-8.46628540491));
#3076 = CARTESIAN_POINT('',(-2.746328831095,-8.406693926501));
#3077 = CARTESIAN_POINT('',(-2.721016231311,-8.341831584068));
#3078 = CARTESIAN_POINT('',(-2.695410413587,-8.271384015022));
#3079 = CARTESIAN_POINT('',(-2.669475483735,-8.194979151844));
#3080 = CARTESIAN_POINT('',(-2.60517555715,-7.992556647355));
#3081 = CARTESIAN_POINT('',(-2.570317373659,-7.871877796383));
#3082 = CARTESIAN_POINT('',(-2.537768106168,-7.750481096453));
#3083 = CARTESIAN_POINT('',(-2.507147465976,-7.628547494939));
#3084 = CARTESIAN_POINT('',(-2.478138587339,-7.506214534954));
#3085 = CARTESIAN_POINT('',(-2.450539913592,-7.383557671828));
#3086 = CARTESIAN_POINT('',(-2.424176607302,-7.260618664417));
#3087 = CARTESIAN_POINT('',(-2.373513728376,-7.013511046778));
#3088 = CARTESIAN_POINT('',(-2.349226732015,-6.889380463493));
#3089 = CARTESIAN_POINT('',(-2.325936225159,-6.765043199765));
#3090 = CARTESIAN_POINT('',(-2.30354274161,-6.640529858733));
#3091 = CARTESIAN_POINT('',(-2.281963696442,-6.515865142986));
#3092 = CARTESIAN_POINT('',(-2.261133386003,-6.391067854557));
#3093 = CARTESIAN_POINT('',(-2.241002987909,-6.266150894927));
#3094 = CARTESIAN_POINT('',(-2.164144745894,-5.772401702018));
#3095 = CARTESIAN_POINT('',(-2.112516253351,-5.402758300671));
#3096 = CARTESIAN_POINT('',(-2.065574037902,-5.032428640548));
#3097 = CARTESIAN_POINT('',(-2.022875201943,-4.661561077939));
#3098 = CARTESIAN_POINT('',(-1.984105961544,-4.290267226809));
#3099 = CARTESIAN_POINT('',(-1.949125891741,-3.91861496284));
#3100 = CARTESIAN_POINT('',(-1.917848370228,-3.546642962227));
#3101 = CARTESIAN_POINT('',(-1.860876434741,-2.778293068981));
#3102 = CARTESIAN_POINT('',(-1.835668984554,-2.381915793483));
#3103 = CARTESIAN_POINT('',(-1.814586165741,-1.985279131162));
#3104 = CARTESIAN_POINT('',(-1.797652584515,-1.588434437345));
#3105 = CARTESIAN_POINT('',(-1.784913295261,-1.191432617232));
#3106 = CARTESIAN_POINT('',(-1.77640730405,-0.79432487524));
#3107 = CARTESIAN_POINT('',(-1.772154247585,-0.397163116429));
#3108 = CARTESIAN_POINT('',(-1.772154247585,0.));
#3109 = ( GEOMETRIC_REPRESENTATION_CONTEXT(2) 
PARAMETRIC_REPRESENTATION_CONTEXT() REPRESENTATION_CONTEXT('2D SPACE',''
  ) );
#3110 = PCURVE('',#2802,#3111);
#3111 = DEFINITIONAL_REPRESENTATION('',(#3112),#3122);
#3112 = B_SPLINE_CURVE_WITH_KNOTS('',8,(#3113,#3114,#3115,#3116,#3117,
    #3118,#3119,#3120,#3121),.UNSPECIFIED.,.F.,.F.,(9,9),(0.875488674977
    ,1.),.PIECEWISE_BEZIER_KNOTS.);
#3113 = CARTESIAN_POINT('',(6.25225346694,0.401096556368));
#3114 = CARTESIAN_POINT('',(6.256119775589,0.401517483395));
#3115 = CARTESIAN_POINT('',(6.259986160466,0.401869102402));
#3116 = CARTESIAN_POINT('',(6.263852604994,0.402155965785));
#3117 = CARTESIAN_POINT('',(6.26771909563,0.402381749397));
#3118 = CARTESIAN_POINT('',(6.271585621048,0.402549235441));
#3119 = CARTESIAN_POINT('',(6.275452171268,0.402660290908));
#3120 = CARTESIAN_POINT('',(6.279318736709,0.402715841581));
#3121 = CARTESIAN_POINT('',(6.28318530718,0.402715841581));
#3122 = ( GEOMETRIC_REPRESENTATION_CONTEXT(2) 
PARAMETRIC_REPRESENTATION_CONTEXT() REPRESENTATION_CONTEXT('2D SPACE',''
  ) );
#3123 = ADVANCED_FACE('',(#3124),#2945,.F.);
#3124 = FACE_BOUND('',#3125,.T.);
#3125 = EDGE_LOOP('',(#3126,#3151,#3173,#3174,#3426,#3448,#3449));
#3126 = ORIENTED_EDGE('',*,*,#3127,.F.);
#3127 = EDGE_CURVE('',#3128,#3130,#3132,.T.);
#3128 = VERTEX_POINT('',#3129);
#3129 = CARTESIAN_POINT('',(41.25,-1.986258379993E-16,2.9999998));
#3130 = VERTEX_POINT('',#3131);
#3131 = CARTESIAN_POINT('',(41.25,-1.986258379993E-16,28.));
#3132 = SEAM_CURVE('',#3133,(#3137,#3144),.PCURVE_S1.);
#3133 = LINE('',#3134,#3135);
#3134 = CARTESIAN_POINT('',(41.25,-1.986258379993E-16,2.9999998));
#3135 = VECTOR('',#3136,1.);
#3136 = DIRECTION('',(0.,0.,1.));
#3137 = PCURVE('',#2945,#3138);
#3138 = DEFINITIONAL_REPRESENTATION('',(#3139),#3143);
#3139 = LINE('',#3140,#3141);
#3140 = CARTESIAN_POINT('',(-6.28318530718,0.));
#3141 = VECTOR('',#3142,1.);
#3142 = DIRECTION('',(-0.,-1.));
#3143 = ( GEOMETRIC_REPRESENTATION_CONTEXT(2) 
PARAMETRIC_REPRESENTATION_CONTEXT() REPRESENTATION_CONTEXT('2D SPACE',''
  ) );
#3144 = PCURVE('',#2945,#3145);
#3145 = DEFINITIONAL_REPRESENTATION('',(#3146),#3150);
#3146 = LINE('',#3147,#3148);
#3147 = CARTESIAN_POINT('',(-0.,0.));
#3148 = VECTOR('',#3149,1.);
#3149 = DIRECTION('',(-0.,-1.));
#3150 = ( GEOMETRIC_REPRESENTATION_CONTEXT(2) 
PARAMETRIC_REPRESENTATION_CONTEXT() REPRESENTATION_CONTEXT('2D SPACE',''
  ) );
#3151 = ORIENTED_EDGE('',*,*,#3152,.F.);
#3152 = EDGE_CURVE('',#2819,#3128,#3153,.T.);
#3153 = SURFACE_CURVE('',#3154,(#3159,#3166),.PCURVE_S1.);
#3154 = CIRCLE('',#3155,1.25);
#3155 = AXIS2_PLACEMENT_3D('',#3156,#3157,#3158);
#3156 = CARTESIAN_POINT('',(40.,-1.986258379993E-16,2.9999998));
#3157 = DIRECTION('',(0.,0.,1.));
#3158 = DIRECTION('',(1.,0.,0.));
#3159 = PCURVE('',#2945,#3160);
#3160 = DEFINITIONAL_REPRESENTATION('',(#3161),#3165);
#3161 = LINE('',#3162,#3163);
#3162 = CARTESIAN_POINT('',(-0.,0.));
#3163 = VECTOR('',#3164,1.);
#3164 = DIRECTION('',(-1.,0.));
#3165 = ( GEOMETRIC_REPRESENTATION_CONTEXT(2) 
PARAMETRIC_REPRESENTATION_CONTEXT() REPRESENTATION_CONTEXT('2D SPACE',''
  ) );
#3166 = PCURVE('',#1081,#3167);
#3167 = DEFINITIONAL_REPRESENTATION('',(#3168),#3172);
#3168 = CIRCLE('',#3169,1.25);
#3169 = AXIS2_PLACEMENT_2D('',#3170,#3171);
#3170 = CARTESIAN_POINT('',(40.,-3.408517948372E-15));
#3171 = DIRECTION('',(1.,0.));
#3172 = ( GEOMETRIC_REPRESENTATION_CONTEXT(2) 
PARAMETRIC_REPRESENTATION_CONTEXT() REPRESENTATION_CONTEXT('2D SPACE',''
  ) );
#3173 = ORIENTED_EDGE('',*,*,#2841,.T.);
#3174 = ORIENTED_EDGE('',*,*,#3175,.F.);
#3175 = EDGE_CURVE('',#1042,#2842,#3176,.T.);
#3176 = SURFACE_CURVE('',#3177,(#3236,#3331),.PCURVE_S1.);
#3177 = B_SPLINE_CURVE_WITH_KNOTS('',8,(#3178,#3179,#3180,#3181,#3182,
    #3183,#3184,#3185,#3186,#3187,#3188,#3189,#3190,#3191,#3192,#3193,
    #3194,#3195,#3196,#3197,#3198,#3199,#3200,#3201,#3202,#3203,#3204,
    #3205,#3206,#3207,#3208,#3209,#3210,#3211,#3212,#3213,#3214,#3215,
    #3216,#3217,#3218,#3219,#3220,#3221,#3222,#3223,#3224,#3225,#3226,
    #3227,#3228,#3229,#3230,#3231,#3232,#3233,#3234,#3235),
  .UNSPECIFIED.,.F.,.F.,(9,7,7,7,7,7,7,7,9),(0.,0.49173813199,
    0.61462168748,0.726166863481,1.,1.273833138767,1.385378314463,
    1.508261869861,1.676076855388),.UNSPECIFIED.);
#3178 = CARTESIAN_POINT('',(39.98046875,1.249847402795,3.));
#3179 = CARTESIAN_POINT('',(39.98046875,1.249847402795,3.189633203895));
#3180 = CARTESIAN_POINT('',(39.964029914113,1.249590029336,
    3.378883426131));
#3181 = CARTESIAN_POINT('',(39.931265600603,1.249080549783,
    3.566857350187));
#3182 = CARTESIAN_POINT('',(39.88216868342,1.247096173718,3.752315494375
    ));
#3183 = CARTESIAN_POINT('',(39.816837720036,1.241280573128,
    3.933727293209));
#3184 = CARTESIAN_POINT('',(39.735721458592,1.227979046215,
    4.109242690665));
#3185 = CARTESIAN_POINT('',(39.639719380259,1.202683973588,
    4.276732823465));
#3186 = CARTESIAN_POINT('',(39.503858104675,1.147694182337,
    4.473015010394));
#3187 = CARTESIAN_POINT('',(39.475929052363,1.135542722153,
    4.511566783443));
#3188 = CARTESIAN_POINT('',(39.44728082157,1.122137900942,4.549377277085
    ));
#3189 = CARTESIAN_POINT('',(39.417971814736,1.107379005031,
    4.586389738878));
#3190 = CARTESIAN_POINT('',(39.388073863219,1.091163215426,
    4.622541831361));
#3191 = CARTESIAN_POINT('',(39.357673887302,1.073388005808,
    4.657767160496));
#3192 = CARTESIAN_POINT('',(39.326875556191,1.053953540529,
    4.691996804099));
#3193 = CARTESIAN_POINT('',(39.267593572159,1.01353164976,4.755264854111
    ));
#3194 = CARTESIAN_POINT('',(39.23915950065,0.992853537802,4.784490060334
    ));
#3195 = CARTESIAN_POINT('',(39.210591299677,0.970662358074,
    4.812781992219));
#3196 = CARTESIAN_POINT('',(39.181996358294,0.946894762027,
    4.840084711263));
#3197 = CARTESIAN_POINT('',(39.153495948332,0.921496255533,
    4.866342476122));
#3198 = CARTESIAN_POINT('',(39.125224284283,0.894425023208,
    4.891501411548));
#3199 = CARTESIAN_POINT('',(39.0973275832,0.865655752722,4.915511177309)
  );
#3200 = CARTESIAN_POINT('',(39.002785898307,0.760376784068,
    4.994336490236));
#3201 = CARTESIAN_POINT('',(38.93864346603,0.675116827347,5.043291337214
    ));
#3202 = CARTESIAN_POINT('',(38.880157134909,0.579553316674,
    5.084225065434));
#3203 = CARTESIAN_POINT('',(38.829961769861,0.47449422883,5.116760413278
    ));
#3204 = CARTESIAN_POINT('',(38.790444895886,0.3614938226,5.140959764039)
  );
#3205 = CARTESIAN_POINT('',(38.763430092149,0.242797633855,
    5.157059443905));
#3206 = CARTESIAN_POINT('',(38.75,0.121198354309,5.165063509461));
#3207 = CARTESIAN_POINT('',(38.75,-0.121198355304,5.165063509461));
#3208 = CARTESIAN_POINT('',(38.76343009237,-0.242797635862,
    5.157059443774));
#3209 = CARTESIAN_POINT('',(38.790444896556,-0.361493825542,
    5.140959763641));
#3210 = CARTESIAN_POINT('',(38.829961771168,-0.474494232572,
    5.116760412478));
#3211 = CARTESIAN_POINT('',(38.880157136987,-0.579553321026,
    5.084225064087));
#3212 = CARTESIAN_POINT('',(38.93864346894,-0.675116832104,
    5.043291335178));
#3213 = CARTESIAN_POINT('',(39.002785902037,-0.760376789026,
    4.99433648739));
#3214 = CARTESIAN_POINT('',(39.097327587674,-0.865655757376,
    4.915511173472));
#3215 = CARTESIAN_POINT('',(39.125224288737,-0.894425027547,
    4.891501407613));
#3216 = CARTESIAN_POINT('',(39.153495952747,-0.921496259568,
    4.866342472102));
#3217 = CARTESIAN_POINT('',(39.181996362653,-0.946894765771,
    4.840084707169));
#3218 = CARTESIAN_POINT('',(39.210591303963,-0.970662361542,
    4.812781988064));
#3219 = CARTESIAN_POINT('',(39.239159504853,-0.992853541009,
    4.784490056129));
#3220 = CARTESIAN_POINT('',(39.267593576266,-1.01353165272,
    4.755264849867));
#3221 = CARTESIAN_POINT('',(39.326875560142,-1.053953543046,
    4.69199679973));
#3222 = CARTESIAN_POINT('',(39.357673891188,-1.073388008124,
    4.657767156038));
#3223 = CARTESIAN_POINT('',(39.388073867031,-1.091163217553,
    4.622541826823));
#3224 = CARTESIAN_POINT('',(39.417971818466,-1.107379006981,
    4.586389734266));
#3225 = CARTESIAN_POINT('',(39.447280825212,-1.122137902726,
    4.549377272408));
#3226 = CARTESIAN_POINT('',(39.47592905591,-1.135542723783,
    4.511566778707));
#3227 = CARTESIAN_POINT('',(39.503858108124,-1.147694183824,
    4.473015005606));
#3228 = CARTESIAN_POINT('',(39.568116619118,-1.173702787535,
    4.38017912522));
#3229 = CARTESIAN_POINT('',(39.603733261146,-1.18653914739,4.32536944563
    ));
#3230 = CARTESIAN_POINT('',(39.63778423682,-1.197464141999,
    4.269438980239));
#3231 = CARTESIAN_POINT('',(39.670200011225,-1.20671451007,
    4.212480124327));
#3232 = CARTESIAN_POINT('',(39.700924665436,-1.214503391896,
    4.154581326814));
#3233 = CARTESIAN_POINT('',(39.7299131774,-1.221023730935,4.09582708217)
  );
#3234 = CARTESIAN_POINT('',(39.757129394331,-1.226450139852,
    4.036297898074));
#3235 = CARTESIAN_POINT('',(39.782544412868,-1.230939924079,
    3.97607025625));
#3236 = PCURVE('',#2945,#3237);
#3237 = DEFINITIONAL_REPRESENTATION('',(#3238),#3330);
#3238 = B_SPLINE_CURVE_WITH_KNOTS('',3,(#3239,#3240,#3241,#3242,#3243,
    #3244,#3245,#3246,#3247,#3248,#3249,#3250,#3251,#3252,#3253,#3254,
    #3255,#3256,#3257,#3258,#3259,#3260,#3261,#3262,#3263,#3264,#3265,
    #3266,#3267,#3268,#3269,#3270,#3271,#3272,#3273,#3274,#3275,#3276,
    #3277,#3278,#3279,#3280,#3281,#3282,#3283,#3284,#3285,#3286,#3287,
    #3288,#3289,#3290,#3291,#3292,#3293,#3294,#3295,#3296,#3297,#3298,
    #3299,#3300,#3301,#3302,#3303,#3304,#3305,#3306,#3307,#3308,#3309,
    #3310,#3311,#3312,#3313,#3314,#3315,#3316,#3317,#3318,#3319,#3320,
    #3321,#3322,#3323,#3324,#3325,#3326,#3327,#3328,#3329),
  .UNSPECIFIED.,.F.,.F.,(4,1,1,1,1,1,1,1,1,1,1,1,1,1,1,1,1,1,1,1,1,1,1,1
    ,1,1,1,1,1,1,1,1,1,1,1,1,1,1,1,1,1,1,1,1,1,1,1,1,1,1,1,1,1,1,1,1,1,1
    ,1,1,1,1,1,1,1,1,1,1,1,1,1,1,1,1,1,1,1,1,1,1,1,1,1,1,1,1,1,1,4),(0.,
    1.904632790213E-02,3.809265580426E-02,5.71389837064E-02,
    7.618531160853E-02,9.523163951066E-02,0.114277967413,0.133324295315,
    0.152370623217,0.171416951119,0.190463279021,0.209509606923,
    0.228555934826,0.247602262728,0.26664859063,0.285694918532,
    0.304741246434,0.323787574336,0.342833902238,0.361880230141,
    0.380926558043,0.399972885945,0.419019213847,0.438065541749,
    0.457111869651,0.476158197553,0.495204525455,0.514250853358,
    0.53329718126,0.552343509162,0.571389837064,0.590436164966,
    0.609482492868,0.62852882077,0.647575148672,0.666621476575,
    0.685667804477,0.704714132379,0.723760460281,0.742806788183,
    0.761853116085,0.780899443987,0.79994577189,0.818992099792,
    0.838038427694,0.857084755596,0.876131083498,0.8951774114,
    0.914223739302,0.933270067204,0.952316395107,0.971362723009,
    0.990409050911,1.009455378813,1.028501706715,1.047548034617,
    1.066594362519,1.085640690422,1.104687018324,1.123733346226,
    1.142779674128,1.16182600203,1.180872329932,1.199918657834,
    1.218964985736,1.238011313639,1.257057641541,1.276103969443,
    1.295150297345,1.314196625247,1.333242953149,1.352289281051,
    1.371335608954,1.390381936856,1.409428264758,1.42847459266,
    1.447520920562,1.466567248464,1.485613576366,1.504659904268,
    1.523706232171,1.542752560073,1.561798887975,1.580845215877,
    1.599891543779,1.618937871681,1.637984199583,1.657030527486,
    1.676076855388),.QUASI_UNIFORM_KNOTS.);
#3239 = CARTESIAN_POINT('',(-1.586421962648,-2.000000094426E-07));
#3240 = CARTESIAN_POINT('',(-1.586421988543,-1.958675830009E-02));
#3241 = CARTESIAN_POINT('',(-1.586790268482,-5.874955392852E-02));
#3242 = CARTESIAN_POINT('',(-1.588446142187,-0.117443292696));
#3243 = CARTESIAN_POINT('',(-1.591204135189,-0.176067579291));
#3244 = CARTESIAN_POINT('',(-1.595063276482,-0.234601686299));
#3245 = CARTESIAN_POINT('',(-1.600022755821,-0.293023779411));
#3246 = CARTESIAN_POINT('',(-1.606081926118,-0.351310772888));
#3247 = CARTESIAN_POINT('',(-1.61324027644,-0.40943838681));
#3248 = CARTESIAN_POINT('',(-1.62149743833,-0.467381147099));
#3249 = CARTESIAN_POINT('',(-1.630853208418,-0.525112398337));
#3250 = CARTESIAN_POINT('',(-1.641307591533,-0.582604311193));
#3251 = CARTESIAN_POINT('',(-1.652860862721,-0.639827889815));
#3252 = CARTESIAN_POINT('',(-1.665513648077,-0.69675297817));
#3253 = CARTESIAN_POINT('',(-1.679267023876,-0.753348265952));
#3254 = CARTESIAN_POINT('',(-1.694122633751,-0.80958129416));
#3255 = CARTESIAN_POINT('',(-1.710082823754,-0.865418460513));
#3256 = CARTESIAN_POINT('',(-1.727150795575,-0.920825024839));
#3257 = CARTESIAN_POINT('',(-1.745330778459,-0.975765114226));
#3258 = CARTESIAN_POINT('',(-1.764628221669,-1.030201728801));
#3259 = CARTESIAN_POINT('',(-1.785050007699,-1.084096744793));
#3260 = CARTESIAN_POINT('',(-1.806604696787,-1.137410926814));
#3261 = CARTESIAN_POINT('',(-1.829302779714,-1.190103904157));
#3262 = CARTESIAN_POINT('',(-1.853157047419,-1.242134278779));
#3263 = CARTESIAN_POINT('',(-1.878182702157,-1.293459237947));
#3264 = CARTESIAN_POINT('',(-1.904398648794,-1.344036010104));
#3265 = CARTESIAN_POINT('',(-1.931824644472,-1.393816434502));
#3266 = CARTESIAN_POINT('',(-1.960494224696,-1.44276722132));
#3267 = CARTESIAN_POINT('',(-1.990405940343,-1.490789021559));
#3268 = CARTESIAN_POINT('',(-2.021566817105,-1.537799555942));
#3269 = CARTESIAN_POINT('',(-2.053994848064,-1.583730575682));
#3270 = CARTESIAN_POINT('',(-2.087703063078,-1.628503618004));
#3271 = CARTESIAN_POINT('',(-2.122703385082,-1.672037692093));
#3272 = CARTESIAN_POINT('',(-2.15900505361,-1.714248292367));
#3273 = CARTESIAN_POINT('',(-2.196615013401,-1.755049172031));
#3274 = CARTESIAN_POINT('',(-2.235532241439,-1.794348242262));
#3275 = CARTESIAN_POINT('',(-2.275750173473,-1.832053122566));
#3276 = CARTESIAN_POINT('',(-2.317254729409,-1.86807167296));
#3277 = CARTESIAN_POINT('',(-2.360026450106,-1.902315577114));
#3278 = CARTESIAN_POINT('',(-2.404029737332,-1.934695038386));
#3279 = CARTESIAN_POINT('',(-2.44924806903,-1.965146179547));
#3280 = CARTESIAN_POINT('',(-2.495653814421,-1.993604669343));
#3281 = CARTESIAN_POINT('',(-2.543154282744,-2.019982300219));
#3282 = CARTESIAN_POINT('',(-2.59167291546,-2.044222172845));
#3283 = CARTESIAN_POINT('',(-2.641128288789,-2.066281649467));
#3284 = CARTESIAN_POINT('',(-2.691439598836,-2.086133877015));
#3285 = CARTESIAN_POINT('',(-2.742524859921,-2.103764133382));
#3286 = CARTESIAN_POINT('',(-2.794300849091,-2.119167453388));
#3287 = CARTESIAN_POINT('',(-2.846682334696,-2.132345925285));
#3288 = CARTESIAN_POINT('',(-2.899581288155,-2.14330622626));
#3289 = CARTESIAN_POINT('',(-2.952905588626,-2.152057438648));
#3290 = CARTESIAN_POINT('',(-3.006558265489,-2.158609235905));
#3291 = CARTESIAN_POINT('',(-3.060433291527,-2.162970982835));
#3292 = CARTESIAN_POINT('',(-3.114422437004,-2.165150543488));
#3293 = CARTESIAN_POINT('',(-3.168378632769,-2.165158256898));
#3294 = CARTESIAN_POINT('',(-3.222367961931,-2.16299419972));
#3295 = CARTESIAN_POINT('',(-3.276244226863,-2.15864801048));
#3296 = CARTESIAN_POINT('',(-3.329898862275,-2.152111834443));
#3297 = CARTESIAN_POINT('',(-3.383225852354,-2.14337631128));
#3298 = CARTESIAN_POINT('',(-3.43612816377,-2.132431768225));
#3299 = CARTESIAN_POINT('',(-3.488513647871,-2.119269112725));
#3300 = CARTESIAN_POINT('',(-3.540294250841,-2.103881643267));
#3301 = CARTESIAN_POINT('',(-3.591384724554,-2.086267230374));
#3302 = CARTESIAN_POINT('',(-3.641701834224,-2.066430779899));
#3303 = CARTESIAN_POINT('',(-3.691163587387,-2.04438693487));
#3304 = CARTESIAN_POINT('',(-3.739689172321,-2.020162453495));
#3305 = CARTESIAN_POINT('',(-3.787197172733,-1.99379984944));
#3306 = CARTESIAN_POINT('',(-3.833610986632,-1.965355923108));
#3307 = CARTESIAN_POINT('',(-3.878838071346,-1.934918611646));
#3308 = CARTESIAN_POINT('',(-3.922849924159,-1.902552759809));
#3309 = CARTESIAN_POINT('',(-3.965630588684,-1.868321787653));
#3310 = CARTESIAN_POINT('',(-4.007144231261,-1.832315568107));
#3311 = CARTESIAN_POINT('',(-4.04737138268,-1.794622364964));
#3312 = CARTESIAN_POINT('',(-4.086297898568,-1.755334317016));
#3313 = CARTESIAN_POINT('',(-4.123917176447,-1.714543796528));
#3314 = CARTESIAN_POINT('',(-4.160228138299,-1.672342921391));
#3315 = CARTESIAN_POINT('',(-4.195237692581,-1.628817967258));
#3316 = CARTESIAN_POINT('',(-4.228955066802,-1.584053450778));
#3317 = CARTESIAN_POINT('',(-4.261392160605,-1.538130400345));
#3318 = CARTESIAN_POINT('',(-4.292562015601,-1.491127267286));
#3319 = CARTESIAN_POINT('',(-4.322482522614,-1.44311249778));
#3320 = CARTESIAN_POINT('',(-4.351161040677,-1.394167821398));
#3321 = CARTESIAN_POINT('',(-4.37859574152,-1.344393218351));
#3322 = CARTESIAN_POINT('',(-4.404820233,-1.293821933577));
#3323 = CARTESIAN_POINT('',(-4.429854288306,-1.242502150283));
#3324 = CARTESIAN_POINT('',(-4.453716835629,-1.190476642422));
#3325 = CARTESIAN_POINT('',(-4.476423106117,-1.13778823794));
#3326 = CARTESIAN_POINT('',(-4.497985871466,-1.084478318902));
#3327 = CARTESIAN_POINT('',(-4.518415774133,-1.03058735205));
#3328 = CARTESIAN_POINT('',(-4.531285842378,-0.994298618736));
#3329 = CARTESIAN_POINT('',(-4.537534876375,-0.97607045625));
#3330 = ( GEOMETRIC_REPRESENTATION_CONTEXT(2) 
PARAMETRIC_REPRESENTATION_CONTEXT() REPRESENTATION_CONTEXT('2D SPACE',''
  ) );
#3331 = PCURVE('',#2802,#3332);
#3332 = DEFINITIONAL_REPRESENTATION('',(#3333),#3425);
#3333 = B_SPLINE_CURVE_WITH_KNOTS('',3,(#3334,#3335,#3336,#3337,#3338,
    #3339,#3340,#3341,#3342,#3343,#3344,#3345,#3346,#3347,#3348,#3349,
    #3350,#3351,#3352,#3353,#3354,#3355,#3356,#3357,#3358,#3359,#3360,
    #3361,#3362,#3363,#3364,#3365,#3366,#3367,#3368,#3369,#3370,#3371,
    #3372,#3373,#3374,#3375,#3376,#3377,#3378,#3379,#3380,#3381,#3382,
    #3383,#3384,#3385,#3386,#3387,#3388,#3389,#3390,#3391,#3392,#3393,
    #3394,#3395,#3396,#3397,#3398,#3399,#3400,#3401,#3402,#3403,#3404,
    #3405,#3406,#3407,#3408,#3409,#3410,#3411,#3412,#3413,#3414,#3415,
    #3416,#3417,#3418,#3419,#3420,#3421,#3422,#3423,#3424),
  .UNSPECIFIED.,.F.,.F.,(4,1,1,1,1,1,1,1,1,1,1,1,1,1,1,1,1,1,1,1,1,1,1,1
    ,1,1,1,1,1,1,1,1,1,1,1,1,1,1,1,1,1,1,1,1,1,1,1,1,1,1,1,1,1,1,1,1,1,1
    ,1,1,1,1,1,1,1,1,1,1,1,1,1,1,1,1,1,1,1,1,1,1,1,1,1,1,1,1,1,1,4),(0.,
    1.904632790213E-02,3.809265580426E-02,5.71389837064E-02,
    7.618531160853E-02,9.523163951066E-02,0.114277967413,0.133324295315,
    0.152370623217,0.171416951119,0.190463279021,0.209509606923,
    0.228555934826,0.247602262728,0.26664859063,0.285694918532,
    0.304741246434,0.323787574336,0.342833902238,0.361880230141,
    0.380926558043,0.399972885945,0.419019213847,0.438065541749,
    0.457111869651,0.476158197553,0.495204525455,0.514250853358,
    0.53329718126,0.552343509162,0.571389837064,0.590436164966,
    0.609482492868,0.62852882077,0.647575148672,0.666621476575,
    0.685667804477,0.704714132379,0.723760460281,0.742806788183,
    0.761853116085,0.780899443987,0.79994577189,0.818992099792,
    0.838038427694,0.857084755596,0.876131083498,0.8951774114,
    0.914223739302,0.933270067204,0.952316395107,0.971362723009,
    0.990409050911,1.009455378813,1.028501706715,1.047548034617,
    1.066594362519,1.085640690422,1.104687018324,1.123733346226,
    1.142779674128,1.16182600203,1.180872329932,1.199918657834,
    1.218964985736,1.238011313639,1.257057641541,1.276103969443,
    1.295150297345,1.314196625247,1.333242953149,1.352289281051,
    1.371335608954,1.390381936856,1.409428264758,1.42847459266,
    1.447520920562,1.466567248464,1.485613576366,1.504659904268,
    1.523706232171,1.542752560073,1.561798887975,1.580845215877,
    1.599891543779,1.618937871681,1.637984199583,1.657030527486,
    1.676076855388),.QUASI_UNIFORM_KNOTS.);
#3334 = CARTESIAN_POINT('',(6.314436578885,0.));
#3335 = CARTESIAN_POINT('',(6.314436569352,7.834622082954E-03));
#3336 = CARTESIAN_POINT('',(6.314436766019,2.349974311948E-02));
#3337 = CARTESIAN_POINT('',(6.314437525801,4.699020818326E-02));
#3338 = CARTESIAN_POINT('',(6.314438612668,7.047880878852E-02));
#3339 = CARTESIAN_POINT('',(6.314439732396,9.397019999396E-02));
#3340 = CARTESIAN_POINT('',(6.314440488677,0.117468611217));
#3341 = CARTESIAN_POINT('',(6.314440368744,0.140977798367));
#3342 = CARTESIAN_POINT('',(6.314438747187,0.164501075357));
#3343 = CARTESIAN_POINT('',(6.314434884723,0.188041318425));
#3344 = CARTESIAN_POINT('',(6.314427928154,0.211600972061));
#3345 = CARTESIAN_POINT('',(6.314416909883,0.235182048973));
#3346 = CARTESIAN_POINT('',(6.314400747387,0.258786126243));
#3347 = CARTESIAN_POINT('',(6.31437824253,0.282414337111));
#3348 = CARTESIAN_POINT('',(6.314348080684,0.306067358412));
#3349 = CARTESIAN_POINT('',(6.314308829596,0.329745393449));
#3350 = CARTESIAN_POINT('',(6.314258937928,0.353448149949));
#3351 = CARTESIAN_POINT('',(6.314196733364,0.377174812656));
#3352 = CARTESIAN_POINT('',(6.314120420178,0.400924009858));
#3353 = CARTESIAN_POINT('',(6.314028076136,0.424693773469));
#3354 = CARTESIAN_POINT('',(6.313917648592,0.448481490174));
#3355 = CARTESIAN_POINT('',(6.313786949543,0.472283848442));
#3356 = CARTESIAN_POINT('',(6.313633649761,0.496096758037));
#3357 = CARTESIAN_POINT('',(6.313455270675,0.519915323129));
#3358 = CARTESIAN_POINT('',(6.313249178025,0.543733559279));
#3359 = CARTESIAN_POINT('',(6.313012561169,0.567545002404));
#3360 = CARTESIAN_POINT('',(6.312742457183,0.591339916275));
#3361 = CARTESIAN_POINT('',(6.312435597739,0.615115112447));
#3362 = CARTESIAN_POINT('',(6.312088941033,0.638834010297));
#3363 = CARTESIAN_POINT('',(6.311699300471,0.662465536905));
#3364 = CARTESIAN_POINT('',(6.311263256214,0.685983172027));
#3365 = CARTESIAN_POINT('',(6.310777370056,0.709352395785));
#3366 = CARTESIAN_POINT('',(6.310238173288,0.732533848739));
#3367 = CARTESIAN_POINT('',(6.309642221087,0.755482182702));
#3368 = CARTESIAN_POINT('',(6.308986112205,0.778146212546));
#3369 = CARTESIAN_POINT('',(6.308266667075,0.800465949803));
#3370 = CARTESIAN_POINT('',(6.307480939645,0.822374617881));
#3371 = CARTESIAN_POINT('',(6.306626332567,0.843798132379));
#3372 = CARTESIAN_POINT('',(6.305700641268,0.864656783944));
#3373 = CARTESIAN_POINT('',(6.304702383882,0.884861269016));
#3374 = CARTESIAN_POINT('',(6.303630063582,0.904329372453));
#3375 = CARTESIAN_POINT('',(6.302482869734,0.922970716769));
#3376 = CARTESIAN_POINT('',(6.301262213785,0.940669951326));
#3377 = CARTESIAN_POINT('',(6.299969879909,0.957323310852));
#3378 = CARTESIAN_POINT('',(6.298608525067,0.972829674513));
#3379 = CARTESIAN_POINT('',(6.297181555774,0.987093594665));
#3380 = CARTESIAN_POINT('',(6.295693161664,1.000025221776));
#3381 = CARTESIAN_POINT('',(6.294148297231,1.011541167831));
#3382 = CARTESIAN_POINT('',(6.292552668992,1.021565235524));
#3383 = CARTESIAN_POINT('',(6.290912711419,1.030029310071));
#3384 = CARTESIAN_POINT('',(6.289235565599,1.036874375966));
#3385 = CARTESIAN_POINT('',(6.287529026883,1.042051623332));
#3386 = CARTESIAN_POINT('',(6.285801588917,1.045523974905));
#3387 = CARTESIAN_POINT('',(6.284062115498,1.047266947369));
#3388 = CARTESIAN_POINT('',(6.282320895276,1.047273125051));
#3389 = CARTESIAN_POINT('',(6.28058137623,1.045542513523));
#3390 = CARTESIAN_POINT('',(6.278853819563,1.042082400099));
#3391 = CARTESIAN_POINT('',(6.277147101614,1.036917172057));
#3392 = CARTESIAN_POINT('',(6.275469718182,1.03008381788));
#3393 = CARTESIAN_POINT('',(6.273829469876,1.021631070231));
#3394 = CARTESIAN_POINT('',(6.272233502512,1.011617875898));
#3395 = CARTESIAN_POINT('',(6.270688255704,1.000112288713));
#3396 = CARTESIAN_POINT('',(6.269199441231,0.98719045167));
#3397 = CARTESIAN_POINT('',(6.267772019006,0.972935704499));
#3398 = CARTESIAN_POINT('',(6.266410184142,0.957437853144));
#3399 = CARTESIAN_POINT('',(6.265117348755,0.940792308036));
#3400 = CARTESIAN_POINT('',(6.263896175087,0.923100149968));
#3401 = CARTESIAN_POINT('',(6.262748453625,0.904465132934));
#3402 = CARTESIAN_POINT('',(6.26167559786,0.885002504385));
#3403 = CARTESIAN_POINT('',(6.260676821392,0.864803029585));
#3404 = CARTESIAN_POINT('',(6.259750617126,0.843948694068));
#3405 = CARTESIAN_POINT('',(6.258895511545,0.822528915756));
#3406 = CARTESIAN_POINT('',(6.258109302475,0.800623429778));
#3407 = CARTESIAN_POINT('',(6.257389395672,0.778306374723));
#3408 = CARTESIAN_POINT('',(6.256732846877,0.755644573678));
#3409 = CARTESIAN_POINT('',(6.256136478386,0.732698073783));
#3410 = CARTESIAN_POINT('',(6.255596889778,0.70951811361));
#3411 = CARTESIAN_POINT('',(6.2551106364,0.686150079284));
#3412 = CARTESIAN_POINT('',(6.254674249624,0.66263337668));
#3413 = CARTESIAN_POINT('',(6.254284290723,0.639002543698));
#3414 = CARTESIAN_POINT('',(6.253937340255,0.615284215399));
#3415 = CARTESIAN_POINT('',(6.253630207377,0.591509214006));
#3416 = CARTESIAN_POINT('',(6.25335985384,0.567714445137));
#3417 = CARTESIAN_POINT('',(6.253123009252,0.543903079043));
#3418 = CARTESIAN_POINT('',(6.252916709458,0.520084868535));
#3419 = CARTESIAN_POINT('',(6.252738142734,0.49626628245));
#3420 = CARTESIAN_POINT('',(6.2525846729,0.472453316855));
#3421 = CARTESIAN_POINT('',(6.252453823179,0.448650858635));
#3422 = CARTESIAN_POINT('',(6.252343252536,0.424863060285));
#3423 = CARTESIAN_POINT('',(6.252281625649,0.409016371903));
#3424 = CARTESIAN_POINT('',(6.252253466642,0.401096556163));
#3425 = ( GEOMETRIC_REPRESENTATION_CONTEXT(2) 
PARAMETRIC_REPRESENTATION_CONTEXT() REPRESENTATION_CONTEXT('2D SPACE',''
  ) );
#3426 = ORIENTED_EDGE('',*,*,#3427,.F.);
#3427 = EDGE_CURVE('',#3128,#1042,#3428,.T.);
#3428 = SURFACE_CURVE('',#3429,(#3434,#3441),.PCURVE_S1.);
#3429 = CIRCLE('',#3430,1.25);
#3430 = AXIS2_PLACEMENT_3D('',#3431,#3432,#3433);
#3431 = CARTESIAN_POINT('',(40.,-1.986258379993E-16,2.9999998));
#3432 = DIRECTION('',(0.,0.,1.));
#3433 = DIRECTION('',(1.,0.,0.));
#3434 = PCURVE('',#2945,#3435);
#3435 = DEFINITIONAL_REPRESENTATION('',(#3436),#3440);
#3436 = LINE('',#3437,#3438);
#3437 = CARTESIAN_POINT('',(-0.,0.));
#3438 = VECTOR('',#3439,1.);
#3439 = DIRECTION('',(-1.,0.));
#3440 = ( GEOMETRIC_REPRESENTATION_CONTEXT(2) 
PARAMETRIC_REPRESENTATION_CONTEXT() REPRESENTATION_CONTEXT('2D SPACE',''
  ) );
#3441 = PCURVE('',#1081,#3442);
#3442 = DEFINITIONAL_REPRESENTATION('',(#3443),#3447);
#3443 = CIRCLE('',#3444,1.25);
#3444 = AXIS2_PLACEMENT_2D('',#3445,#3446);
#3445 = CARTESIAN_POINT('',(40.,-3.408517948372E-15));
#3446 = DIRECTION('',(1.,0.));
#3447 = ( GEOMETRIC_REPRESENTATION_CONTEXT(2) 
PARAMETRIC_REPRESENTATION_CONTEXT() REPRESENTATION_CONTEXT('2D SPACE',''
  ) );
#3448 = ORIENTED_EDGE('',*,*,#3127,.T.);
#3449 = ORIENTED_EDGE('',*,*,#3450,.F.);
#3450 = EDGE_CURVE('',#3130,#3130,#3451,.T.);
#3451 = SURFACE_CURVE('',#3452,(#3457,#3464),.PCURVE_S1.);
#3452 = CIRCLE('',#3453,1.25);
#3453 = AXIS2_PLACEMENT_3D('',#3454,#3455,#3456);
#3454 = CARTESIAN_POINT('',(40.,-1.986258379993E-16,28.));
#3455 = DIRECTION('',(0.,0.,-1.));
#3456 = DIRECTION('',(1.,0.,0.));
#3457 = PCURVE('',#2945,#3458);
#3458 = DEFINITIONAL_REPRESENTATION('',(#3459),#3463);
#3459 = LINE('',#3460,#3461);
#3460 = CARTESIAN_POINT('',(-6.28318530718,-25.0000002));
#3461 = VECTOR('',#3462,1.);
#3462 = DIRECTION('',(1.,-0.));
#3463 = ( GEOMETRIC_REPRESENTATION_CONTEXT(2) 
PARAMETRIC_REPRESENTATION_CONTEXT() REPRESENTATION_CONTEXT('2D SPACE',''
  ) );
#3464 = PCURVE('',#3465,#3470);
#3465 = PLANE('',#3466);
#3466 = AXIS2_PLACEMENT_3D('',#3467,#3468,#3469);
#3467 = CARTESIAN_POINT('',(40.,1.74751904908E-16,28.));
#3468 = DIRECTION('',(0.,0.,1.));
#3469 = DIRECTION('',(1.,0.,-0.));
#3470 = DEFINITIONAL_REPRESENTATION('',(#3471),#3479);
#3471 = ( BOUNDED_CURVE() B_SPLINE_CURVE(2,(#3472,#3473,#3474,#3475,
#3476,#3477,#3478),.UNSPECIFIED.,.T.,.F.) B_SPLINE_CURVE_WITH_KNOTS((1,2
    ,2,2,2,1),(-2.094395102393,0.,2.094395102393,4.188790204786,
6.28318530718,8.377580409573),.UNSPECIFIED.) CURVE() 
GEOMETRIC_REPRESENTATION_ITEM() RATIONAL_B_SPLINE_CURVE((1.,0.5,1.,0.5,
1.,0.5,1.)) REPRESENTATION_ITEM('') );
#3472 = CARTESIAN_POINT('',(1.25,-3.733777429073E-16));
#3473 = CARTESIAN_POINT('',(1.25,-2.165063509461));
#3474 = CARTESIAN_POINT('',(-0.625,-1.082531754731));
#3475 = CARTESIAN_POINT('',(-2.5,-6.795394426942E-16));
#3476 = CARTESIAN_POINT('',(-0.625,1.082531754731));
#3477 = CARTESIAN_POINT('',(1.25,2.165063509461));
#3478 = CARTESIAN_POINT('',(1.25,-3.733777429073E-16));
#3479 = ( GEOMETRIC_REPRESENTATION_CONTEXT(2) 
PARAMETRIC_REPRESENTATION_CONTEXT() REPRESENTATION_CONTEXT('2D SPACE',''
  ) );
#3480 = ADVANCED_FACE('',(#3481,#3507),#3465,.T.);
#3481 = FACE_BOUND('',#3482,.T.);
#3482 = EDGE_LOOP('',(#3483));
#3483 = ORIENTED_EDGE('',*,*,#3484,.T.);
#3484 = EDGE_CURVE('',#3485,#3485,#3487,.T.);
#3485 = VERTEX_POINT('',#3486);
#3486 = CARTESIAN_POINT('',(42.,0.,28.));
#3487 = SURFACE_CURVE('',#3488,(#3493,#3500),.PCURVE_S1.);
#3488 = CIRCLE('',#3489,2.);
#3489 = AXIS2_PLACEMENT_3D('',#3490,#3491,#3492);
#3490 = CARTESIAN_POINT('',(40.,0.,28.));
#3491 = DIRECTION('',(0.,0.,1.));
#3492 = DIRECTION('',(1.,0.,0.));
#3493 = PCURVE('',#3465,#3494);
#3494 = DEFINITIONAL_REPRESENTATION('',(#3495),#3499);
#3495 = CIRCLE('',#3496,2.);
#3496 = AXIS2_PLACEMENT_2D('',#3497,#3498);
#3497 = CARTESIAN_POINT('',(-7.105427357601E-15,-1.74751904908E-16));
#3498 = DIRECTION('',(1.,0.));
#3499 = ( GEOMETRIC_REPRESENTATION_CONTEXT(2) 
PARAMETRIC_REPRESENTATION_CONTEXT() REPRESENTATION_CONTEXT('2D SPACE',''
  ) );
#3500 = PCURVE('',#547,#3501);
#3501 = DEFINITIONAL_REPRESENTATION('',(#3502),#3506);
#3502 = LINE('',#3503,#3504);
#3503 = CARTESIAN_POINT('',(-0.,-25.));
#3504 = VECTOR('',#3505,1.);
#3505 = DIRECTION('',(-1.,0.));
#3506 = ( GEOMETRIC_REPRESENTATION_CONTEXT(2) 
PARAMETRIC_REPRESENTATION_CONTEXT() REPRESENTATION_CONTEXT('2D SPACE',''
  ) );
#3507 = FACE_BOUND('',#3508,.T.);
#3508 = EDGE_LOOP('',(#3509));
#3509 = ORIENTED_EDGE('',*,*,#3450,.T.);
#3510 = ADVANCED_FACE('',(#3511),#727,.T.);
#3511 = FACE_BOUND('',#3512,.F.);
#3512 = EDGE_LOOP('',(#3513,#3677,#3699));
#3513 = ORIENTED_EDGE('',*,*,#3514,.T.);
#3514 = EDGE_CURVE('',#264,#3515,#3517,.T.);
#3515 = VERTEX_POINT('',#3516);
#3516 = CARTESIAN_POINT('',(40.,8.526512829121E-16,2.));
#3517 = SURFACE_CURVE('',#3518,(#3569,#3623),.PCURVE_S1.);
#3518 = B_SPLINE_CURVE_WITH_KNOTS('',7,(#3519,#3520,#3521,#3522,#3523,
    #3524,#3525,#3526,#3527,#3528,#3529,#3530,#3531,#3532,#3533,#3534,
    #3535,#3536,#3537,#3538,#3539,#3540,#3541,#3542,#3543,#3544,#3545,
    #3546,#3547,#3548,#3549,#3550,#3551,#3552,#3553,#3554,#3555,#3556,
    #3557,#3558,#3559,#3560,#3561,#3562,#3563,#3564,#3565,#3566,#3567,
    #3568),.UNSPECIFIED.,.F.,.F.,(8,6,6,6,6,6,6,6,8),(0.,
    1.826896141118E-02,3.294843839942E-02,5.951986891479E-02,
    9.525617696099E-02,0.202020991499,0.439533103977,0.801827078609,1.),
  .UNSPECIFIED.);
#3519 = CARTESIAN_POINT('',(39.,-8.888194417316,3.0000006));
#3520 = CARTESIAN_POINT('',(38.999999988419,-8.888194468131,
    2.980699181552));
#3521 = CARTESIAN_POINT('',(39.000434561376,-8.886287553461,
    2.961465611131));
#3522 = CARTESIAN_POINT('',(39.00129841067,-8.882497267549,
    2.942403813936));
#3523 = CARTESIAN_POINT('',(39.00257299689,-8.876901853302,2.9236197685)
  );
#3524 = CARTESIAN_POINT('',(39.004226832615,-8.869634290824,
    2.905221325864));
#3525 = CARTESIAN_POINT('',(39.006215765624,-8.860882385957,
    2.887318028749));
#3526 = CARTESIAN_POINT('',(39.010305240992,-8.842858859278,
    2.856122365476));
#3527 = CARTESIAN_POINT('',(39.012312277344,-8.834004392972,
    2.842575919403));
#3528 = CARTESIAN_POINT('',(39.014485156233,-8.824406657686,
    2.829380609057));
#3529 = CARTESIAN_POINT('',(39.016805676994,-8.814142677094,
    2.816534601805));
#3530 = CARTESIAN_POINT('',(39.019256653214,-8.803285300753,
    2.80403521584));
#3531 = CARTESIAN_POINT('',(39.021821912733,-8.791903204105,
    2.791878920181));
#3532 = CARTESIAN_POINT('',(39.029309120584,-8.758625024844,
    2.758670235207));
#3533 = CARTESIAN_POINT('',(39.034467082594,-8.735635528484,
    2.738343240849));
#3534 = CARTESIAN_POINT('',(39.039883651105,-8.711415463749,
    2.719016140777));
#3535 = CARTESIAN_POINT('',(39.045499222457,-8.686217599576,
    2.700616898762));
#3536 = CARTESIAN_POINT('',(39.051270736584,-8.660224417723,
    2.683066295995));
#3537 = CARTESIAN_POINT('',(39.057171291699,-8.633548120995,
    2.666278573924));
#3538 = CARTESIAN_POINT('',(39.071284084211,-8.569490961143,
    2.628486763235));
#3539 = CARTESIAN_POINT('',(39.079593177795,-8.531584676398,
    2.608021535241));
#3540 = CARTESIAN_POINT('',(39.088043243409,-8.492824656056,
    2.588670315591));
#3541 = CARTESIAN_POINT('',(39.096583306858,-8.453429780431,
    2.570332059037));
#3542 = CARTESIAN_POINT('',(39.105184150831,-8.413524898225,
    2.552901467507));
#3543 = CARTESIAN_POINT('',(39.113837249645,-8.373140783417,
    2.536269705013));
#3544 = CARTESIAN_POINT('',(39.148594744157,-8.209942630967,
    2.472689485126));
#3545 = CARTESIAN_POINT('',(39.175384132263,-8.081969923053,
    2.430853508345));
#3546 = CARTESIAN_POINT('',(39.202125132723,-7.951670797369,
    2.394025551896));
#3547 = CARTESIAN_POINT('',(39.228422042793,-7.820895844157,
    2.361378123218));
#3548 = CARTESIAN_POINT('',(39.254202400131,-7.690079024999,
    2.332110968236));
#3549 = CARTESIAN_POINT('',(39.279641250076,-7.558345208782,
    2.305496238244));
#3550 = CARTESIAN_POINT('',(39.361695879598,-7.123898750184,
    2.226200947205));
#3551 = CARTESIAN_POINT('',(39.417303658719,-6.814858266087,
    2.18251722159));
#3552 = CARTESIAN_POINT('',(39.470249953652,-6.50372888878,
    2.147609127399));
#3553 = CARTESIAN_POINT('',(39.51998916154,-6.193955501597,
    2.119497167426));
#3554 = CARTESIAN_POINT('',(39.566624420511,-5.885853863548,
    2.096629487947));
#3555 = CARTESIAN_POINT('',(39.610588131663,-5.576941350299,
    2.077858047319));
#3556 = CARTESIAN_POINT('',(39.716148634919,-4.781470800159,
    2.038723474295));
#3557 = CARTESIAN_POINT('',(39.773572790122,-4.296653834395,
    2.023188083469));
#3558 = CARTESIAN_POINT('',(39.824008038075,-3.811072044461,
    2.013330617698));
#3559 = CARTESIAN_POINT('',(39.867398397376,-3.326087690776,
    2.007327992594));
#3560 = CARTESIAN_POINT('',(39.903865733154,-2.841573054964,
    2.003856174836));
#3561 = CARTESIAN_POINT('',(39.933516011183,-2.356404423262,
    2.001951363199));
#3562 = CARTESIAN_POINT('',(39.968799973359,-1.60198054041,
    2.000408831691));
#3563 = CARTESIAN_POINT('',(39.979199410895,-1.335103704105,
    2.000136279236));
#3564 = CARTESIAN_POINT('',(39.987519535943,-1.068148560453,
    2.000027283692));
#3565 = CARTESIAN_POINT('',(39.993759528267,-0.801147495801,
    2.000000008921));
#3566 = CARTESIAN_POINT('',(39.997919601214,-0.534120049183,
    1.999999984451));
#3567 = CARTESIAN_POINT('',(40.,-0.267072924046,2.));
#3568 = CARTESIAN_POINT('',(40.,-8.881784197001E-15,2.));
#3569 = PCURVE('',#727,#3570);
#3570 = DEFINITIONAL_REPRESENTATION('',(#3571),#3622);
#3571 = B_SPLINE_CURVE_WITH_KNOTS('',7,(#3572,#3573,#3574,#3575,#3576,
    #3577,#3578,#3579,#3580,#3581,#3582,#3583,#3584,#3585,#3586,#3587,
    #3588,#3589,#3590,#3591,#3592,#3593,#3594,#3595,#3596,#3597,#3598,
    #3599,#3600,#3601,#3602,#3603,#3604,#3605,#3606,#3607,#3608,#3609,
    #3610,#3611,#3612,#3613,#3614,#3615,#3616,#3617,#3618,#3619,#3620,
    #3621),.UNSPECIFIED.,.F.,.F.,(8,6,6,6,6,6,6,6,8),(0.,
    1.826896141118E-02,3.294843839942E-02,5.951986891479E-02,
    9.525617696099E-02,0.202020991499,0.439533103977,0.801827078609,1.),
  .UNSPECIFIED.);
#3572 = CARTESIAN_POINT('',(-3.14159205359,-8.888194417316));
#3573 = CARTESIAN_POINT('',(-3.160893472037,-8.888194468131));
#3574 = CARTESIAN_POINT('',(-3.180127023394,-8.886287553461));
#3575 = CARTESIAN_POINT('',(-3.199200594468,-8.882497267549));
#3576 = CARTESIAN_POINT('',(-3.218019516582,-8.876901853302));
#3577 = CARTESIAN_POINT('',(-3.236485477634,-8.869634290824));
#3578 = CARTESIAN_POINT('',(-3.25449543417,-8.860882385957));
#3579 = CARTESIAN_POINT('',(-3.285958002658,-8.842858859278));
#3580 = CARTESIAN_POINT('',(-3.29965046295,-8.834004392972));
#3581 = CARTESIAN_POINT('',(-3.31302073604,-8.824406657686));
#3582 = CARTESIAN_POINT('',(-3.326071872463,-8.814142677094));
#3583 = CARTESIAN_POINT('',(-3.338807141576,-8.803285300753));
#3584 = CARTESIAN_POINT('',(-3.351230031559,-8.791903204105));
#3585 = CARTESIAN_POINT('',(-3.38527228529,-8.758625024844));
#3586 = CARTESIAN_POINT('',(-3.406236028122,-8.735635528484));
#3587 = CARTESIAN_POINT('',(-3.426298323972,-8.711415463749));
#3588 = CARTESIAN_POINT('',(-3.445526978469,-8.686217599576));
#3589 = CARTESIAN_POINT('',(-3.463996051974,-8.660224417723));
#3590 = CARTESIAN_POINT('',(-3.481787154752,-8.633548120995));
#3591 = CARTESIAN_POINT('',(-3.522128100051,-8.569490961143));
#3592 = CARTESIAN_POINT('',(-3.544207040973,-8.531584676398));
#3593 = CARTESIAN_POINT('',(-3.565311708308,-8.492824656056));
#3594 = CARTESIAN_POINT('',(-3.585531200335,-8.453429780431));
#3595 = CARTESIAN_POINT('',(-3.604961135761,-8.413524898225));
#3596 = CARTESIAN_POINT('',(-3.623705219281,-8.373140783417));
#3597 = CARTESIAN_POINT('',(-3.696165744987,-8.209942630967));
#3598 = CARTESIAN_POINT('',(-3.745725122735,-8.081969923053));
#3599 = CARTESIAN_POINT('',(-3.791126677603,-7.951670797369));
#3600 = CARTESIAN_POINT('',(-3.832968220491,-7.820895844157));
#3601 = CARTESIAN_POINT('',(-3.871916053179,-7.690079024999));
#3602 = CARTESIAN_POINT('',(-3.908704239367,-7.558345208782));
#3603 = CARTESIAN_POINT('',(-4.022812544967,-7.123898750184));
#3604 = CARTESIAN_POINT('',(-4.093156353761,-6.814858266087));
#3605 = CARTESIAN_POINT('',(-4.156283438834,-6.50372888878));
#3606 = CARTESIAN_POINT('',(-4.213217172236,-6.193955501597));
#3607 = CARTESIAN_POINT('',(-4.265038907893,-5.885853863548));
#3608 = CARTESIAN_POINT('',(-4.312785967454,-5.576941350299));
#3609 = CARTESIAN_POINT('',(-4.425367203251,-4.781470800159));
#3610 = CARTESIAN_POINT('',(-4.484610753815,-4.296653834395));
#3611 = CARTESIAN_POINT('',(-4.535839964126,-3.811072044461));
#3612 = CARTESIAN_POINT('',(-4.579559833374,-3.326087690776));
#3613 = CARTESIAN_POINT('',(-4.6161642961,-2.841573054964));
#3614 = CARTESIAN_POINT('',(-4.645869308355,-2.356404423262));
#3615 = CARTESIAN_POINT('',(-4.681186972353,-1.60198054041));
#3616 = CARTESIAN_POINT('',(-4.691588541098,-1.335103704105));
#3617 = CARTESIAN_POINT('',(-4.699908388016,-1.068148560453));
#3618 = CARTESIAN_POINT('',(-4.706148382652,-0.801147495801));
#3619 = CARTESIAN_POINT('',(-4.710308733931,-0.534120049183));
#3620 = CARTESIAN_POINT('',(-4.712388980385,-0.267072924046));
#3621 = CARTESIAN_POINT('',(-4.712388980385,-8.881784197001E-15));
#3622 = ( GEOMETRIC_REPRESENTATION_CONTEXT(2) 
PARAMETRIC_REPRESENTATION_CONTEXT() REPRESENTATION_CONTEXT('2D SPACE',''
  ) );
#3623 = PCURVE('',#280,#3624);
#3624 = DEFINITIONAL_REPRESENTATION('',(#3625),#3676);
#3625 = B_SPLINE_CURVE_WITH_KNOTS('',7,(#3626,#3627,#3628,#3629,#3630,
    #3631,#3632,#3633,#3634,#3635,#3636,#3637,#3638,#3639,#3640,#3641,
    #3642,#3643,#3644,#3645,#3646,#3647,#3648,#3649,#3650,#3651,#3652,
    #3653,#3654,#3655,#3656,#3657,#3658,#3659,#3660,#3661,#3662,#3663,
    #3664,#3665,#3666,#3667,#3668,#3669,#3670,#3671,#3672,#3673,#3674,
    #3675),.UNSPECIFIED.,.F.,.F.,(8,6,6,6,6,6,6,6,8),(0.,
    1.826896141118E-02,3.294843839942E-02,5.951986891479E-02,
    9.525617696099E-02,0.202020991499,0.439533103977,0.801827078609,1.),
  .UNSPECIFIED.);
#3626 = CARTESIAN_POINT('',(-6.059110021878,-3.0000006));
#3627 = CARTESIAN_POINT('',(-6.059110020575,-2.980699181552));
#3628 = CARTESIAN_POINT('',(-6.059158915725,-2.961465611131));
#3629 = CARTESIAN_POINT('',(-6.059256102733,-2.942403813936));
#3630 = CARTESIAN_POINT('',(-6.059399571435,-2.9236197685));
#3631 = CARTESIAN_POINT('',(-6.05958590553,-2.905221325864));
#3632 = CARTESIAN_POINT('',(-6.059810282004,-2.887318028749));
#3633 = CARTESIAN_POINT('',(-6.060272323211,-2.856122365476));
#3634 = CARTESIAN_POINT('',(-6.060499300308,-2.842575919403));
#3635 = CARTESIAN_POINT('',(-6.060745315951,-2.829380609057));
#3636 = CARTESIAN_POINT('',(-6.061008391624,-2.816534601805));
#3637 = CARTESIAN_POINT('',(-6.061286656204,-2.80403521584));
#3638 = CARTESIAN_POINT('',(-6.06157834596,-2.791878920181));
#3639 = CARTESIAN_POINT('',(-6.062431097205,-2.758670235207));
#3640 = CARTESIAN_POINT('',(-6.063020122518,-2.738343240849));
#3641 = CARTESIAN_POINT('',(-6.063640581159,-2.719016140777));
#3642 = CARTESIAN_POINT('',(-6.064285981379,-2.700616898762));
#3643 = CARTESIAN_POINT('',(-6.064951636667,-2.683066295995));
#3644 = CARTESIAN_POINT('',(-6.065634663407,-2.666278573924));
#3645 = CARTESIAN_POINT('',(-6.067274497743,-2.628486763235));
#3646 = CARTESIAN_POINT('',(-6.068244654205,-2.608021535241));
#3647 = CARTESIAN_POINT('',(-6.069236413875,-2.588670315591));
#3648 = CARTESIAN_POINT('',(-6.070244160379,-2.570332059037));
#3649 = CARTESIAN_POINT('',(-6.071264690318,-2.552901467507));
#3650 = CARTESIAN_POINT('',(-6.072297208571,-2.536269705013));
#3651 = CARTESIAN_POINT('',(-6.076468668176,-2.472689485126));
#3652 = CARTESIAN_POINT('',(-6.079737314491,-2.430853508345));
#3653 = CARTESIAN_POINT('',(-6.083062643107,-2.394025551896));
#3654 = CARTESIAN_POINT('',(-6.086397414867,-2.361378123218));
#3655 = CARTESIAN_POINT('',(-6.089730699281,-2.332110968236));
#3656 = CARTESIAN_POINT('',(-6.093084860246,-2.305496238244));
#3657 = CARTESIAN_POINT('',(-6.104138046654,-2.226200947205));
#3658 = CARTESIAN_POINT('',(-6.111987842922,-2.18251722159));
#3659 = CARTESIAN_POINT('',(-6.119877329996,-2.147609127399));
#3660 = CARTESIAN_POINT('',(-6.127720267863,-2.119497167426));
#3661 = CARTESIAN_POINT('',(-6.135510060226,-2.096629487947));
#3662 = CARTESIAN_POINT('',(-6.143310343784,-2.077858047319));
#3663 = CARTESIAN_POINT('',(-6.163371444451,-2.038723474295));
#3664 = CARTESIAN_POINT('',(-6.175575390134,-2.023188083469));
#3665 = CARTESIAN_POINT('',(-6.187778213346,-2.013330617698));
#3666 = CARTESIAN_POINT('',(-6.199949055815,-2.007327992594));
#3667 = CARTESIAN_POINT('',(-6.21209425606,-2.003856174836));
#3668 = CARTESIAN_POINT('',(-6.224244858563,-2.001951363199));
#3669 = CARTESIAN_POINT('',(-6.243126071994,-2.000408831691));
#3670 = CARTESIAN_POINT('',(-6.249802853825,-2.000136279236));
#3671 = CARTESIAN_POINT('',(-6.25647964904,-2.000027283692));
#3672 = CARTESIAN_POINT('',(-6.26315613373,-2.000000008921));
#3673 = CARTESIAN_POINT('',(-6.269832305816,-1.999999984451));
#3674 = CARTESIAN_POINT('',(-6.276508484078,-2.));
#3675 = CARTESIAN_POINT('',(-6.28318530718,-2.));
#3676 = ( GEOMETRIC_REPRESENTATION_CONTEXT(2) 
PARAMETRIC_REPRESENTATION_CONTEXT() REPRESENTATION_CONTEXT('2D SPACE',''
  ) );
#3677 = ORIENTED_EDGE('',*,*,#3678,.F.);
#3678 = EDGE_CURVE('',#594,#3515,#3679,.T.);
#3679 = SURFACE_CURVE('',#3680,(#3685,#3692),.PCURVE_S1.);
#3680 = CIRCLE('',#3681,1.);
#3681 = AXIS2_PLACEMENT_3D('',#3682,#3683,#3684);
#3682 = CARTESIAN_POINT('',(40.,0.,3.));
#3683 = DIRECTION('',(0.,-1.,0.));
#3684 = DIRECTION('',(1.,0.,0.));
#3685 = PCURVE('',#727,#3686);
#3686 = DEFINITIONAL_REPRESENTATION('',(#3687),#3691);
#3687 = LINE('',#3688,#3689);
#3688 = CARTESIAN_POINT('',(-0.,0.));
#3689 = VECTOR('',#3690,1.);
#3690 = DIRECTION('',(-1.,0.));
#3691 = ( GEOMETRIC_REPRESENTATION_CONTEXT(2) 
PARAMETRIC_REPRESENTATION_CONTEXT() REPRESENTATION_CONTEXT('2D SPACE',''
  ) );
#3692 = PCURVE('',#1137,#3693);
#3693 = DEFINITIONAL_REPRESENTATION('',(#3694),#3698);
#3694 = CIRCLE('',#3695,1.);
#3695 = AXIS2_PLACEMENT_2D('',#3696,#3697);
#3696 = CARTESIAN_POINT('',(0.,0.));
#3697 = DIRECTION('',(0.,1.));
#3698 = ( GEOMETRIC_REPRESENTATION_CONTEXT(2) 
PARAMETRIC_REPRESENTATION_CONTEXT() REPRESENTATION_CONTEXT('2D SPACE',''
  ) );
#3699 = ORIENTED_EDGE('',*,*,#617,.T.);
#3700 = ADVANCED_FACE('',(#3701),#900,.T.);
#3701 = FACE_BOUND('',#3702,.F.);
#3702 = EDGE_LOOP('',(#3703,#3831,#3832));
#3703 = ORIENTED_EDGE('',*,*,#3704,.T.);
#3704 = EDGE_CURVE('',#3705,#92,#3707,.T.);
#3705 = VERTEX_POINT('',#3706);
#3706 = CARTESIAN_POINT('',(-40.,0.,2.));
#3707 = SURFACE_CURVE('',#3708,(#3747,#3789),.PCURVE_S1.);
#3708 = B_SPLINE_CURVE_WITH_KNOTS('',7,(#3709,#3710,#3711,#3712,#3713,
    #3714,#3715,#3716,#3717,#3718,#3719,#3720,#3721,#3722,#3723,#3724,
    #3725,#3726,#3727,#3728,#3729,#3730,#3731,#3732,#3733,#3734,#3735,
    #3736,#3737,#3738,#3739,#3740,#3741,#3742,#3743,#3744,#3745,#3746),
  .UNSPECIFIED.,.F.,.F.,(8,6,6,6,6,6,8),(0.,0.42873308469,0.71070606882,
    0.863581974623,0.936559793417,0.974610274297,1.),.UNSPECIFIED.);
#3709 = CARTESIAN_POINT('',(-40.,7.214684902834E-07,2.));
#3710 = CARTESIAN_POINT('',(-40.00000001217,-0.577936435088,2.));
#3711 = CARTESIAN_POINT('',(-39.99025801812,-1.154755191304,
    1.999999904947));
#3712 = CARTESIAN_POINT('',(-39.97084192539,-1.731164530373,
    2.000000403709));
#3713 = CARTESIAN_POINT('',(-39.94173259609,-2.307717636467,
    2.00059694885));
#3714 = CARTESIAN_POINT('',(-39.90285232736,-2.884527691787,
    2.002968547877));
#3715 = CARTESIAN_POINT('',(-39.85417113358,-3.46078505424,2.00891115181
    ));
#3716 = CARTESIAN_POINT('',(-39.75784481789,-4.411051941774,
    2.028977431514));
#3717 = CARTESIAN_POINT('',(-39.71589812111,-4.783329950495,
    2.039531620484));
#3718 = CARTESIAN_POINT('',(-39.66999791858,-5.154781710977,
    2.053425974954));
#3719 = CARTESIAN_POINT('',(-39.61985593292,-5.527368676237,
    2.071655510598));
#3720 = CARTESIAN_POINT('',(-39.56533760845,-5.901049894357,
    2.095576026311));
#3721 = CARTESIAN_POINT('',(-39.50672346054,-6.273477534553,
    2.126981959488));
#3722 = CARTESIAN_POINT('',(-39.41172887553,-6.837843853395,
    2.190340472132));
#3723 = CARTESIAN_POINT('',(-39.37778611018,-7.032386002109,
    2.215238750653));
#3724 = CARTESIAN_POINT('',(-39.34285775152,-7.226141771104,
    2.243443176794));
#3725 = CARTESIAN_POINT('',(-39.30668003169,-7.420489612202,
    2.275817115434));
#3726 = CARTESIAN_POINT('',(-39.26928228782,-7.615008919575,
    2.313407404147));
#3727 = CARTESIAN_POINT('',(-39.23113431924,-7.807298304382,
    2.357396843564));
#3728 = CARTESIAN_POINT('',(-39.17527380768,-8.081217834964,
    2.433643687727));
#3729 = CARTESIAN_POINT('',(-39.15742203165,-8.167565100006,
    2.459851553251));
#3730 = CARTESIAN_POINT('',(-39.1395452356,-8.252947488877,
    2.488185876171));
#3731 = CARTESIAN_POINT('',(-39.12156815382,-8.337734554576,
    2.519231730794));
#3732 = CARTESIAN_POINT('',(-39.10359941374,-8.421416527138,
    2.553579770173));
#3733 = CARTESIAN_POINT('',(-39.08596534668,-8.502552184833,
    2.591793217614));
#3734 = CARTESIAN_POINT('',(-39.06052146908,-8.618428838657,
    2.656563184727));
#3735 = CARTESIAN_POINT('',(-39.0520289416,-8.656881515582,
    2.679997116605));
#3736 = CARTESIAN_POINT('',(-39.04377054072,-8.694066588993,
    2.704940966803));
#3737 = CARTESIAN_POINT('',(-39.0358168207,-8.729690044898,
    2.731651778462));
#3738 = CARTESIAN_POINT('',(-39.0283056049,-8.763165302565,
    2.760360545884));
#3739 = CARTESIAN_POINT('',(-39.02144548981,-8.793606440456,
    2.791262408251));
#3740 = CARTESIAN_POINT('',(-39.01156504726,-8.837313742359,
    2.84668966651));
#3741 = CARTESIAN_POINT('',(-39.00797663012,-8.853144759548,
    2.870194648806));
#3742 = CARTESIAN_POINT('',(-39.00491330728,-8.866625508797,
    2.894798390055));
#3743 = CARTESIAN_POINT('',(-39.00250366827,-8.877209015029,
    2.92028735853));
#3744 = CARTESIAN_POINT('',(-39.00084456598,-8.884488304675,
    2.946454160635));
#3745 = CARTESIAN_POINT('',(-39.,-8.888194417315,2.973093810571));
#3746 = CARTESIAN_POINT('',(-39.,-8.888194417315,3.));
#3747 = PCURVE('',#900,#3748);
#3748 = DEFINITIONAL_REPRESENTATION('',(#3749),#3788);
#3749 = B_SPLINE_CURVE_WITH_KNOTS('',7,(#3750,#3751,#3752,#3753,#3754,
    #3755,#3756,#3757,#3758,#3759,#3760,#3761,#3762,#3763,#3764,#3765,
    #3766,#3767,#3768,#3769,#3770,#3771,#3772,#3773,#3774,#3775,#3776,
    #3777,#3778,#3779,#3780,#3781,#3782,#3783,#3784,#3785,#3786,#3787),
  .UNSPECIFIED.,.F.,.F.,(8,6,6,6,6,6,8),(0.,0.42873308469,0.71070606882,
    0.863581974623,0.936559793417,0.974610274297,1.),.UNSPECIFIED.);
#3750 = CARTESIAN_POINT('',(-4.712388980385,5.999999999062E-07));
#3751 = CARTESIAN_POINT('',(-4.712388968206,-0.577936556557));
#3752 = CARTESIAN_POINT('',(-4.722130728602,-1.154754504635));
#3753 = CARTESIAN_POINT('',(-4.741548043197,-1.731165554766));
#3754 = CARTESIAN_POINT('',(-4.770654132415,-2.307716898423));
#3755 = CARTESIAN_POINT('',(-4.809540879987,-2.88452792162));
#3756 = CARTESIAN_POINT('',(-4.858411187624,-3.46078505424));
#3757 = CARTESIAN_POINT('',(-4.956805367714,-4.411051941774));
#3758 = CARTESIAN_POINT('',(-5.000022740333,-4.783329950495));
#3759 = CARTESIAN_POINT('',(-5.047889850845,-5.154781710977));
#3760 = CARTESIAN_POINT('',(-5.101078931786,-5.527368676237));
#3761 = CARTESIAN_POINT('',(-5.160369595541,-5.901049894357));
#3762 = CARTESIAN_POINT('',(-5.226559193772,-6.273477534553));
#3763 = CARTESIAN_POINT('',(-5.340744448095,-6.837843853395));
#3764 = CARTESIAN_POINT('',(-5.382798669189,-7.032386002109));
#3765 = CARTESIAN_POINT('',(-5.427610056226,-7.226141771104));
#3766 = CARTESIAN_POINT('',(-5.476036315491,-7.420489612202));
#3767 = CARTESIAN_POINT('',(-5.528886028845,-7.615008919575));
#3768 = CARTESIAN_POINT('',(-5.586917295549,-7.807298304382));
#3769 = CARTESIAN_POINT('',(-5.681437018341,-8.081217834964));
#3770 = CARTESIAN_POINT('',(-5.713128707106,-8.167565100006));
#3771 = CARTESIAN_POINT('',(-5.746596447283,-8.252947488877));
#3772 = CARTESIAN_POINT('',(-5.782420818561,-8.337734554576));
#3773 = CARTESIAN_POINT('',(-5.821116292241,-8.421416527138));
#3774 = CARTESIAN_POINT('',(-5.863131558286,-8.502552184833));
#3775 = CARTESIAN_POINT('',(-5.932719916129,-8.618428838657));
#3776 = CARTESIAN_POINT('',(-5.957636033381,-8.656881515582));
#3777 = CARTESIAN_POINT('',(-5.983895098678,-8.694066588993));
#3778 = CARTESIAN_POINT('',(-6.011740044871,-8.729690044898));
#3779 = CARTESIAN_POINT('',(-6.041383523525,-8.763165302565));
#3780 = CARTESIAN_POINT('',(-6.073010130345,-8.793606440456));
#3781 = CARTESIAN_POINT('',(-6.129311143686,-8.837313742359));
#3782 = CARTESIAN_POINT('',(-6.153081205808,-8.853144759548));
#3783 = CARTESIAN_POINT('',(-6.177859157052,-8.866625508797));
#3784 = CARTESIAN_POINT('',(-6.203440774512,-8.877209015029));
#3785 = CARTESIAN_POINT('',(-6.229639574996,-8.884488304675));
#3786 = CARTESIAN_POINT('',(-6.256279117751,-8.888194417315));
#3787 = CARTESIAN_POINT('',(-6.28318530718,-8.888194417315));
#3788 = ( GEOMETRIC_REPRESENTATION_CONTEXT(2) 
PARAMETRIC_REPRESENTATION_CONTEXT() REPRESENTATION_CONTEXT('2D SPACE',''
  ) );
#3789 = PCURVE('',#280,#3790);
#3790 = DEFINITIONAL_REPRESENTATION('',(#3791),#3830);
#3791 = B_SPLINE_CURVE_WITH_KNOTS('',7,(#3792,#3793,#3794,#3795,#3796,
    #3797,#3798,#3799,#3800,#3801,#3802,#3803,#3804,#3805,#3806,#3807,
    #3808,#3809,#3810,#3811,#3812,#3813,#3814,#3815,#3816,#3817,#3818,
    #3819,#3820,#3821,#3822,#3823,#3824,#3825,#3826,#3827,#3828,#3829),
  .UNSPECIFIED.,.F.,.F.,(8,6,6,6,6,6,8),(0.,0.42873308469,0.71070606882,
    0.863581974623,0.936559793417,0.974610274297,1.),.UNSPECIFIED.);
#3792 = CARTESIAN_POINT('',(-3.141592632516,-2.));
#3793 = CARTESIAN_POINT('',(-3.15604106143,-2.));
#3794 = CARTESIAN_POINT('',(-3.170461550928,-1.999999904948));
#3795 = CARTESIAN_POINT('',(-3.184876665933,-2.000000403709));
#3796 = CARTESIAN_POINT('',(-3.199305237549,-2.00059694885));
#3797 = CARTESIAN_POINT('',(-3.213754855522,-2.002968547877));
#3798 = CARTESIAN_POINT('',(-3.228210583042,-2.00891115181));
#3799 = CARTESIAN_POINT('',(-3.252088997937,-2.028977431514));
#3800 = CARTESIAN_POINT('',(-3.261454256315,-2.039531620484));
#3801 = CARTESIAN_POINT('',(-3.270810319473,-2.053425974955));
#3802 = CARTESIAN_POINT('',(-3.280207951546,-2.071655510598));
#3803 = CARTESIAN_POINT('',(-3.289647927324,-2.095576026311));
#3804 = CARTESIAN_POINT('',(-3.299072689507,-2.126981959488));
#3805 = CARTESIAN_POINT('',(-3.31338032106,-2.190340472132));
#3806 = CARTESIAN_POINT('',(-3.31831725859,-2.215238750653));
#3807 = CARTESIAN_POINT('',(-3.323239107517,-2.243443176794));
#3808 = CARTESIAN_POINT('',(-3.328181117703,-2.275817115434));
#3809 = CARTESIAN_POINT('',(-3.333133020387,-2.313407404147));
#3810 = CARTESIAN_POINT('',(-3.338033873855,-2.357396843564));
#3811 = CARTESIAN_POINT('',(-3.345022807339,-2.433643687727));
#3812 = CARTESIAN_POINT('',(-3.347227132601,-2.45985155325));
#3813 = CARTESIAN_POINT('',(-3.349407966015,-2.488185876171));
#3814 = CARTESIAN_POINT('',(-3.351574751365,-2.519231730794));
#3815 = CARTESIAN_POINT('',(-3.353714475753,-2.553579770173));
#3816 = CARTESIAN_POINT('',(-3.355790217202,-2.591793217614));
#3817 = CARTESIAN_POINT('',(-3.358756147685,-2.656563184727));
#3818 = CARTESIAN_POINT('',(-3.359740630137,-2.679997116605));
#3819 = CARTESIAN_POINT('',(-3.360692906242,-2.704940966803));
#3820 = CARTESIAN_POINT('',(-3.361605419767,-2.731651778462));
#3821 = CARTESIAN_POINT('',(-3.362463109122,-2.760360545884));
#3822 = CARTESIAN_POINT('',(-3.363243222724,-2.791262408251));
#3823 = CARTESIAN_POINT('',(-3.364363476988,-2.84668966651));
#3824 = CARTESIAN_POINT('',(-3.364769292328,-2.870194648806));
#3825 = CARTESIAN_POINT('',(-3.36511490274,-2.894798390055));
#3826 = CARTESIAN_POINT('',(-3.365386261528,-2.92028735853));
#3827 = CARTESIAN_POINT('',(-3.365572910726,-2.946454160635));
#3828 = CARTESIAN_POINT('',(-3.365667938892,-2.973093810571));
#3829 = CARTESIAN_POINT('',(-3.365667938892,-3.));
#3830 = ( GEOMETRIC_REPRESENTATION_CONTEXT(2) 
PARAMETRIC_REPRESENTATION_CONTEXT() REPRESENTATION_CONTEXT('2D SPACE',''
  ) );
#3831 = ORIENTED_EDGE('',*,*,#788,.T.);
#3832 = ORIENTED_EDGE('',*,*,#3833,.F.);
#3833 = EDGE_CURVE('',#3705,#789,#3834,.T.);
#3834 = SURFACE_CURVE('',#3835,(#3840,#3847),.PCURVE_S1.);
#3835 = CIRCLE('',#3836,1.);
#3836 = AXIS2_PLACEMENT_3D('',#3837,#3838,#3839);
#3837 = CARTESIAN_POINT('',(-40.,0.,3.));
#3838 = DIRECTION('',(0.,-1.,0.));
#3839 = DIRECTION('',(1.,0.,0.));
#3840 = PCURVE('',#900,#3841);
#3841 = DEFINITIONAL_REPRESENTATION('',(#3842),#3846);
#3842 = LINE('',#3843,#3844);
#3843 = CARTESIAN_POINT('',(-0.,0.));
#3844 = VECTOR('',#3845,1.);
#3845 = DIRECTION('',(-1.,0.));
#3846 = ( GEOMETRIC_REPRESENTATION_CONTEXT(2) 
PARAMETRIC_REPRESENTATION_CONTEXT() REPRESENTATION_CONTEXT('2D SPACE',''
  ) );
#3847 = PCURVE('',#977,#3848);
#3848 = DEFINITIONAL_REPRESENTATION('',(#3849),#3853);
#3849 = CIRCLE('',#3850,1.);
#3850 = AXIS2_PLACEMENT_2D('',#3851,#3852);
#3851 = CARTESIAN_POINT('',(0.,7.105427357601E-15));
#3852 = DIRECTION('',(0.,1.));
#3853 = ( GEOMETRIC_REPRESENTATION_CONTEXT(2) 
PARAMETRIC_REPRESENTATION_CONTEXT() REPRESENTATION_CONTEXT('2D SPACE',''
  ) );
#3854 = ADVANCED_FACE('',(#3855),#977,.F.);
#3855 = FACE_BOUND('',#3856,.F.);
#3856 = EDGE_LOOP('',(#3857,#3876,#3877,#3878));
#3857 = ORIENTED_EDGE('',*,*,#3858,.T.);
#3858 = EDGE_CURVE('',#1502,#3705,#3859,.T.);
#3859 = SURFACE_CURVE('',#3860,(#3864,#3870),.PCURVE_S1.);
#3860 = LINE('',#3861,#3862);
#3861 = CARTESIAN_POINT('',(-40.,0.,0.));
#3862 = VECTOR('',#3863,1.);
#3863 = DIRECTION('',(-0.,-0.,-1.));
#3864 = PCURVE('',#977,#3865);
#3865 = DEFINITIONAL_REPRESENTATION('',(#3866),#3869);
#3866 = B_SPLINE_CURVE_WITH_KNOTS('',1,(#3867,#3868),.UNSPECIFIED.,.F.,
  .F.,(2,2),(-3.0000006,-1.8),.PIECEWISE_BEZIER_KNOTS.);
#3867 = CARTESIAN_POINT('',(-5.999999950212E-07,2.415845301584E-13));
#3868 = CARTESIAN_POINT('',(1.2,2.415845301584E-13));
#3869 = ( GEOMETRIC_REPRESENTATION_CONTEXT(2) 
PARAMETRIC_REPRESENTATION_CONTEXT() REPRESENTATION_CONTEXT('2D SPACE',''
  ) );
#3870 = PCURVE('',#280,#3871);
#3871 = DEFINITIONAL_REPRESENTATION('',(#3872),#3875);
#3872 = B_SPLINE_CURVE_WITH_KNOTS('',1,(#3873,#3874),.UNSPECIFIED.,.F.,
  .F.,(2,2),(-3.0000006,-1.8),.PIECEWISE_BEZIER_KNOTS.);
#3873 = CARTESIAN_POINT('',(-3.14159265359,-3.0000006));
#3874 = CARTESIAN_POINT('',(-3.14159265359,-1.8));
#3875 = ( GEOMETRIC_REPRESENTATION_CONTEXT(2) 
PARAMETRIC_REPRESENTATION_CONTEXT() REPRESENTATION_CONTEXT('2D SPACE',''
  ) );
#3876 = ORIENTED_EDGE('',*,*,#3833,.T.);
#3877 = ORIENTED_EDGE('',*,*,#960,.F.);
#3878 = ORIENTED_EDGE('',*,*,#1501,.F.);
#3879 = ADVANCED_FACE('',(#3880),#1081,.T.);
#3880 = FACE_BOUND('',#3881,.T.);
#3881 = EDGE_LOOP('',(#3882,#3883,#3884,#3885,#3886,#3887,#3888,#3889));
#3882 = ORIENTED_EDGE('',*,*,#1064,.F.);
#3883 = ORIENTED_EDGE('',*,*,#2691,.F.);
#3884 = ORIENTED_EDGE('',*,*,#2564,.T.);
#3885 = ORIENTED_EDGE('',*,*,#2092,.F.);
#3886 = ORIENTED_EDGE('',*,*,#2737,.F.);
#3887 = ORIENTED_EDGE('',*,*,#2818,.T.);
#3888 = ORIENTED_EDGE('',*,*,#3152,.T.);
#3889 = ORIENTED_EDGE('',*,*,#3427,.T.);
#3890 = ADVANCED_FACE('',(#3891),#2802,.T.);
#3891 = FACE_BOUND('',#3892,.T.);
#3892 = EDGE_LOOP('',(#3893,#3894,#3895,#3896,#3917));
#3893 = ORIENTED_EDGE('',*,*,#3175,.T.);
#3894 = ORIENTED_EDGE('',*,*,#3001,.T.);
#3895 = ORIENTED_EDGE('',*,*,#2787,.F.);
#3896 = ORIENTED_EDGE('',*,*,#3897,.F.);
#3897 = EDGE_CURVE('',#1065,#2064,#3898,.T.);
#3898 = SURFACE_CURVE('',#3899,(#3904,#3910),.PCURVE_S1.);
#3899 = CIRCLE('',#3900,2.5);
#3900 = AXIS2_PLACEMENT_3D('',#3901,#3902,#3903);
#3901 = CARTESIAN_POINT('',(37.5,-9.184850993605E-15,3.));
#3902 = DIRECTION('',(-2.449293598295E-16,-1.,0.));
#3903 = DIRECTION('',(1.,-2.449293598295E-16,0.));
#3904 = PCURVE('',#2802,#3905);
#3905 = DEFINITIONAL_REPRESENTATION('',(#3906),#3909);
#3906 = B_SPLINE_CURVE_WITH_KNOTS('',1,(#3907,#3908),.UNSPECIFIED.,.F.,
  .F.,(2,2),(0.,0.100041713612),.PIECEWISE_BEZIER_KNOTS.);
#3907 = CARTESIAN_POINT('',(6.28318530718,0.));
#3908 = CARTESIAN_POINT('',(6.28318530718,0.100041713612));
#3909 = ( GEOMETRIC_REPRESENTATION_CONTEXT(2) 
PARAMETRIC_REPRESENTATION_CONTEXT() REPRESENTATION_CONTEXT('2D SPACE',''
  ) );
#3910 = PCURVE('',#1110,#3911);
#3911 = DEFINITIONAL_REPRESENTATION('',(#3912),#3916);
#3912 = CIRCLE('',#3913,2.5);
#3913 = AXIS2_PLACEMENT_2D('',#3914,#3915);
#3914 = CARTESIAN_POINT('',(0.,-2.5));
#3915 = DIRECTION('',(0.,1.));
#3916 = ( GEOMETRIC_REPRESENTATION_CONTEXT(2) 
PARAMETRIC_REPRESENTATION_CONTEXT() REPRESENTATION_CONTEXT('2D SPACE',''
  ) );
#3917 = ORIENTED_EDGE('',*,*,#1064,.T.);
#3918 = ADVANCED_FACE('',(#3919),#1110,.T.);
#3919 = FACE_BOUND('',#3920,.T.);
#3920 = EDGE_LOOP('',(#3921,#3922,#3923));
#3921 = ORIENTED_EDGE('',*,*,#3897,.T.);
#3922 = ORIENTED_EDGE('',*,*,#2514,.T.);
#3923 = ORIENTED_EDGE('',*,*,#1093,.T.);
#3924 = ADVANCED_FACE('',(#3925),#1137,.F.);
#3925 = FACE_BOUND('',#3926,.F.);
#3926 = EDGE_LOOP('',(#3927,#3928,#3929,#3950));
#3927 = ORIENTED_EDGE('',*,*,#1122,.F.);
#3928 = ORIENTED_EDGE('',*,*,#3678,.T.);
#3929 = ORIENTED_EDGE('',*,*,#3930,.T.);
#3930 = EDGE_CURVE('',#3515,#2321,#3931,.T.);
#3931 = SURFACE_CURVE('',#3932,(#3936,#3943),.PCURVE_S1.);
#3932 = LINE('',#3933,#3934);
#3933 = CARTESIAN_POINT('',(40.,1.705302565824E-15,0.));
#3934 = VECTOR('',#3935,1.);
#3935 = DIRECTION('',(0.,0.,1.));
#3936 = PCURVE('',#1137,#3937);
#3937 = DEFINITIONAL_REPRESENTATION('',(#3938),#3942);
#3938 = LINE('',#3939,#3940);
#3939 = CARTESIAN_POINT('',(3.,2.344791028008E-13));
#3940 = VECTOR('',#3941,1.);
#3941 = DIRECTION('',(-1.,0.));
#3942 = ( GEOMETRIC_REPRESENTATION_CONTEXT(2) 
PARAMETRIC_REPRESENTATION_CONTEXT() REPRESENTATION_CONTEXT('2D SPACE',''
  ) );
#3943 = PCURVE('',#280,#3944);
#3944 = DEFINITIONAL_REPRESENTATION('',(#3945),#3949);
#3945 = LINE('',#3946,#3947);
#3946 = CARTESIAN_POINT('',(-0.,0.));
#3947 = VECTOR('',#3948,1.);
#3948 = DIRECTION('',(-0.,-1.));
#3949 = ( GEOMETRIC_REPRESENTATION_CONTEXT(2) 
PARAMETRIC_REPRESENTATION_CONTEXT() REPRESENTATION_CONTEXT('2D SPACE',''
  ) );
#3950 = ORIENTED_EDGE('',*,*,#2492,.F.);
#3951 = ADVANCED_FACE('',(#3952),#547,.T.);
#3952 = FACE_BOUND('',#3953,.F.);
#3953 = EDGE_LOOP('',(#3954,#3978,#3999,#4000,#4001,#4023,#4024,#4025));
#3954 = ORIENTED_EDGE('',*,*,#3955,.F.);
#3955 = EDGE_CURVE('',#3956,#1019,#3958,.T.);
#3956 = VERTEX_POINT('',#3957);
#3957 = CARTESIAN_POINT('',(42.,0.,3.));
#3958 = SURFACE_CURVE('',#3959,(#3964,#3971),.PCURVE_S1.);
#3959 = CIRCLE('',#3960,2.);
#3960 = AXIS2_PLACEMENT_3D('',#3961,#3962,#3963);
#3961 = CARTESIAN_POINT('',(40.,0.,3.));
#3962 = DIRECTION('',(0.,0.,1.));
#3963 = DIRECTION('',(1.,0.,0.));
#3964 = PCURVE('',#547,#3965);
#3965 = DEFINITIONAL_REPRESENTATION('',(#3966),#3970);
#3966 = LINE('',#3967,#3968);
#3967 = CARTESIAN_POINT('',(-0.,0.));
#3968 = VECTOR('',#3969,1.);
#3969 = DIRECTION('',(-1.,0.));
#3970 = ( GEOMETRIC_REPRESENTATION_CONTEXT(2) 
PARAMETRIC_REPRESENTATION_CONTEXT() REPRESENTATION_CONTEXT('2D SPACE',''
  ) );
#3971 = PCURVE('',#1340,#3972);
#3972 = DEFINITIONAL_REPRESENTATION('',(#3973),#3977);
#3973 = CIRCLE('',#3974,2.);
#3974 = AXIS2_PLACEMENT_2D('',#3975,#3976);
#3975 = CARTESIAN_POINT('',(40.,-3.209892110372E-15));
#3976 = DIRECTION('',(1.,0.));
#3977 = ( GEOMETRIC_REPRESENTATION_CONTEXT(2) 
PARAMETRIC_REPRESENTATION_CONTEXT() REPRESENTATION_CONTEXT('2D SPACE',''
  ) );
#3978 = ORIENTED_EDGE('',*,*,#3979,.T.);
#3979 = EDGE_CURVE('',#3956,#3485,#3980,.T.);
#3980 = SEAM_CURVE('',#3981,(#3985,#3992),.PCURVE_S1.);
#3981 = LINE('',#3982,#3983);
#3982 = CARTESIAN_POINT('',(42.,0.,3.));
#3983 = VECTOR('',#3984,1.);
#3984 = DIRECTION('',(0.,0.,1.));
#3985 = PCURVE('',#547,#3986);
#3986 = DEFINITIONAL_REPRESENTATION('',(#3987),#3991);
#3987 = LINE('',#3988,#3989);
#3988 = CARTESIAN_POINT('',(-6.28318530718,0.));
#3989 = VECTOR('',#3990,1.);
#3990 = DIRECTION('',(-0.,-1.));
#3991 = ( GEOMETRIC_REPRESENTATION_CONTEXT(2) 
PARAMETRIC_REPRESENTATION_CONTEXT() REPRESENTATION_CONTEXT('2D SPACE',''
  ) );
#3992 = PCURVE('',#547,#3993);
#3993 = DEFINITIONAL_REPRESENTATION('',(#3994),#3998);
#3994 = LINE('',#3995,#3996);
#3995 = CARTESIAN_POINT('',(-0.,0.));
#3996 = VECTOR('',#3997,1.);
#3997 = DIRECTION('',(-0.,-1.));
#3998 = ( GEOMETRIC_REPRESENTATION_CONTEXT(2) 
PARAMETRIC_REPRESENTATION_CONTEXT() REPRESENTATION_CONTEXT('2D SPACE',''
  ) );
#3999 = ORIENTED_EDGE('',*,*,#3484,.T.);
#4000 = ORIENTED_EDGE('',*,*,#3979,.F.);
#4001 = ORIENTED_EDGE('',*,*,#4002,.F.);
#4002 = EDGE_CURVE('',#1755,#3956,#4003,.T.);
#4003 = SURFACE_CURVE('',#4004,(#4009,#4016),.PCURVE_S1.);
#4004 = CIRCLE('',#4005,2.);
#4005 = AXIS2_PLACEMENT_3D('',#4006,#4007,#4008);
#4006 = CARTESIAN_POINT('',(40.,0.,3.));
#4007 = DIRECTION('',(0.,0.,1.));
#4008 = DIRECTION('',(1.,0.,0.));
#4009 = PCURVE('',#547,#4010);
#4010 = DEFINITIONAL_REPRESENTATION('',(#4011),#4015);
#4011 = LINE('',#4012,#4013);
#4012 = CARTESIAN_POINT('',(-0.,0.));
#4013 = VECTOR('',#4014,1.);
#4014 = DIRECTION('',(-1.,0.));
#4015 = ( GEOMETRIC_REPRESENTATION_CONTEXT(2) 
PARAMETRIC_REPRESENTATION_CONTEXT() REPRESENTATION_CONTEXT('2D SPACE',''
  ) );
#4016 = PCURVE('',#1340,#4017);
#4017 = DEFINITIONAL_REPRESENTATION('',(#4018),#4022);
#4018 = CIRCLE('',#4019,2.);
#4019 = AXIS2_PLACEMENT_2D('',#4020,#4021);
#4020 = CARTESIAN_POINT('',(40.,-3.209892110372E-15));
#4021 = DIRECTION('',(1.,0.));
#4022 = ( GEOMETRIC_REPRESENTATION_CONTEXT(2) 
PARAMETRIC_REPRESENTATION_CONTEXT() REPRESENTATION_CONTEXT('2D SPACE',''
  ) );
#4023 = ORIENTED_EDGE('',*,*,#1754,.T.);
#4024 = ORIENTED_EDGE('',*,*,#463,.T.);
#4025 = ORIENTED_EDGE('',*,*,#1150,.F.);
#4026 = ADVANCED_FACE('',(#4027,#4058,#4082),#1340,.T.);
#4027 = FACE_BOUND('',#4028,.T.);
#4028 = EDGE_LOOP('',(#4029));
#4029 = ORIENTED_EDGE('',*,*,#4030,.T.);
#4030 = EDGE_CURVE('',#4031,#4031,#4033,.T.);
#4031 = VERTEX_POINT('',#4032);
#4032 = CARTESIAN_POINT('',(50.,0.,3.));
#4033 = SURFACE_CURVE('',#4034,(#4039,#4046),.PCURVE_S1.);
#4034 = CIRCLE('',#4035,50.);
#4035 = AXIS2_PLACEMENT_3D('',#4036,#4037,#4038);
#4036 = CARTESIAN_POINT('',(0.,0.,3.));
#4037 = DIRECTION('',(0.,0.,1.));
#4038 = DIRECTION('',(1.,0.,0.));
#4039 = PCURVE('',#1340,#4040);
#4040 = DEFINITIONAL_REPRESENTATION('',(#4041),#4045);
#4041 = CIRCLE('',#4042,50.);
#4042 = AXIS2_PLACEMENT_2D('',#4043,#4044);
#4043 = CARTESIAN_POINT('',(1.75032336965E-15,-3.209892110372E-15));
#4044 = DIRECTION('',(1.,0.));
#4045 = ( GEOMETRIC_REPRESENTATION_CONTEXT(2) 
PARAMETRIC_REPRESENTATION_CONTEXT() REPRESENTATION_CONTEXT('2D SPACE',''
  ) );
#4046 = PCURVE('',#4047,#4052);
#4047 = CYLINDRICAL_SURFACE('',#4048,50.);
#4048 = AXIS2_PLACEMENT_3D('',#4049,#4050,#4051);
#4049 = CARTESIAN_POINT('',(0.,0.,0.));
#4050 = DIRECTION('',(-0.,-0.,-1.));
#4051 = DIRECTION('',(1.,0.,0.));
#4052 = DEFINITIONAL_REPRESENTATION('',(#4053),#4057);
#4053 = LINE('',#4054,#4055);
#4054 = CARTESIAN_POINT('',(-0.,-3.));
#4055 = VECTOR('',#4056,1.);
#4056 = DIRECTION('',(-1.,0.));
#4057 = ( GEOMETRIC_REPRESENTATION_CONTEXT(2) 
PARAMETRIC_REPRESENTATION_CONTEXT() REPRESENTATION_CONTEXT('2D SPACE',''
  ) );
#4058 = FACE_BOUND('',#4059,.T.);
#4059 = EDGE_LOOP('',(#4060,#4079,#4080,#4081));
#4060 = ORIENTED_EDGE('',*,*,#4061,.F.);
#4061 = EDGE_CURVE('',#1710,#1300,#4062,.T.);
#4062 = SURFACE_CURVE('',#4063,(#4067,#4073),.PCURVE_S1.);
#4063 = LINE('',#4064,#4065);
#4064 = CARTESIAN_POINT('',(-20.,0.,3.));
#4065 = VECTOR('',#4066,1.);
#4066 = DIRECTION('',(-1.,0.,0.));
#4067 = PCURVE('',#1340,#4068);
#4068 = DEFINITIONAL_REPRESENTATION('',(#4069),#4072);
#4069 = B_SPLINE_CURVE_WITH_KNOTS('',1,(#4070,#4071),.UNSPECIFIED.,.F.,
  .F.,(2,2),(19.8,21.),.PIECEWISE_BEZIER_KNOTS.);
#4070 = CARTESIAN_POINT('',(-39.8,-3.209892110372E-15));
#4071 = CARTESIAN_POINT('',(-41.,-3.209892110372E-15));
#4072 = ( GEOMETRIC_REPRESENTATION_CONTEXT(2) 
PARAMETRIC_REPRESENTATION_CONTEXT() REPRESENTATION_CONTEXT('2D SPACE',''
  ) );
#4073 = PCURVE('',#79,#4074);
#4074 = DEFINITIONAL_REPRESENTATION('',(#4075),#4078);
#4075 = B_SPLINE_CURVE_WITH_KNOTS('',1,(#4076,#4077),.UNSPECIFIED.,.F.,
  .F.,(2,2),(19.8,21.),.PIECEWISE_BEZIER_KNOTS.);
#4076 = CARTESIAN_POINT('',(4.884981308351E-15,0.2));
#4077 = CARTESIAN_POINT('',(4.884981308351E-15,-1.));
#4078 = ( GEOMETRIC_REPRESENTATION_CONTEXT(2) 
PARAMETRIC_REPRESENTATION_CONTEXT() REPRESENTATION_CONTEXT('2D SPACE',''
  ) );
#4079 = ORIENTED_EDGE('',*,*,#1709,.F.);
#4080 = ORIENTED_EDGE('',*,*,#1425,.T.);
#4081 = ORIENTED_EDGE('',*,*,#1381,.T.);
#4082 = FACE_BOUND('',#4083,.T.);
#4083 = EDGE_LOOP('',(#4084,#4085,#4086,#4087,#4088,#4089,#4090,#4091,
    #4092,#4093,#4094,#4095,#4096,#4097,#4098,#4099));
#4084 = ORIENTED_EDGE('',*,*,#1018,.F.);
#4085 = ORIENTED_EDGE('',*,*,#3955,.F.);
#4086 = ORIENTED_EDGE('',*,*,#4002,.F.);
#4087 = ORIENTED_EDGE('',*,*,#1909,.T.);
#4088 = ORIENTED_EDGE('',*,*,#1984,.T.);
#4089 = ORIENTED_EDGE('',*,*,#2277,.F.);
#4090 = ORIENTED_EDGE('',*,*,#2641,.F.);
#4091 = ORIENTED_EDGE('',*,*,#2668,.F.);
#4092 = ORIENTED_EDGE('',*,*,#2299,.F.);
#4093 = ORIENTED_EDGE('',*,*,#2006,.T.);
#4094 = ORIENTED_EDGE('',*,*,#1961,.T.);
#4095 = ORIENTED_EDGE('',*,*,#263,.F.);
#4096 = ORIENTED_EDGE('',*,*,#1324,.T.);
#4097 = ORIENTED_EDGE('',*,*,#1403,.T.);
#4098 = ORIENTED_EDGE('',*,*,#1688,.F.);
#4099 = ORIENTED_EDGE('',*,*,#4100,.F.);
#4100 = EDGE_CURVE('',#990,#1525,#4101,.T.);
#4101 = SURFACE_CURVE('',#4102,(#4107,#4114),.PCURVE_S1.);
#4102 = CIRCLE('',#4103,40.);
#4103 = AXIS2_PLACEMENT_3D('',#4104,#4105,#4106);
#4104 = CARTESIAN_POINT('',(2.376054908382E-13,1.705302565824E-15,3.));
#4105 = DIRECTION('',(0.,0.,1.));
#4106 = DIRECTION('',(1.,0.,0.));
#4107 = PCURVE('',#1340,#4108);
#4108 = DEFINITIONAL_REPRESENTATION('',(#4109),#4113);
#4109 = CIRCLE('',#4110,40.);
#4110 = AXIS2_PLACEMENT_2D('',#4111,#4112);
#4111 = CARTESIAN_POINT('',(2.393558142078E-13,-1.504589544548E-15));
#4112 = DIRECTION('',(1.,0.));
#4113 = ( GEOMETRIC_REPRESENTATION_CONTEXT(2) 
PARAMETRIC_REPRESENTATION_CONTEXT() REPRESENTATION_CONTEXT('2D SPACE',''
  ) );
#4114 = PCURVE('',#280,#4115);
#4115 = DEFINITIONAL_REPRESENTATION('',(#4116),#4120);
#4116 = LINE('',#4117,#4118);
#4117 = CARTESIAN_POINT('',(-0.,-3.));
#4118 = VECTOR('',#4119,1.);
#4119 = DIRECTION('',(-1.,0.));
#4120 = ( GEOMETRIC_REPRESENTATION_CONTEXT(2) 
PARAMETRIC_REPRESENTATION_CONTEXT() REPRESENTATION_CONTEXT('2D SPACE',''
  ) );
#4121 = ADVANCED_FACE('',(#4122),#4047,.T.);
#4122 = FACE_BOUND('',#4123,.F.);
#4123 = EDGE_LOOP('',(#4124,#4147,#4148,#4149));
#4124 = ORIENTED_EDGE('',*,*,#4125,.T.);
#4125 = EDGE_CURVE('',#4126,#4031,#4128,.T.);
#4126 = VERTEX_POINT('',#4127);
#4127 = CARTESIAN_POINT('',(50.,0.,0.));
#4128 = SEAM_CURVE('',#4129,(#4133,#4140),.PCURVE_S1.);
#4129 = LINE('',#4130,#4131);
#4130 = CARTESIAN_POINT('',(50.,0.,0.));
#4131 = VECTOR('',#4132,1.);
#4132 = DIRECTION('',(0.,0.,1.));
#4133 = PCURVE('',#4047,#4134);
#4134 = DEFINITIONAL_REPRESENTATION('',(#4135),#4139);
#4135 = LINE('',#4136,#4137);
#4136 = CARTESIAN_POINT('',(-0.,0.));
#4137 = VECTOR('',#4138,1.);
#4138 = DIRECTION('',(-0.,-1.));
#4139 = ( GEOMETRIC_REPRESENTATION_CONTEXT(2) 
PARAMETRIC_REPRESENTATION_CONTEXT() REPRESENTATION_CONTEXT('2D SPACE',''
  ) );
#4140 = PCURVE('',#4047,#4141);
#4141 = DEFINITIONAL_REPRESENTATION('',(#4142),#4146);
#4142 = LINE('',#4143,#4144);
#4143 = CARTESIAN_POINT('',(-6.28318530718,0.));
#4144 = VECTOR('',#4145,1.);
#4145 = DIRECTION('',(-0.,-1.));
#4146 = ( GEOMETRIC_REPRESENTATION_CONTEXT(2) 
PARAMETRIC_REPRESENTATION_CONTEXT() REPRESENTATION_CONTEXT('2D SPACE',''
  ) );
#4147 = ORIENTED_EDGE('',*,*,#4030,.T.);
#4148 = ORIENTED_EDGE('',*,*,#4125,.F.);
#4149 = ORIENTED_EDGE('',*,*,#4150,.F.);
#4150 = EDGE_CURVE('',#4126,#4126,#4151,.T.);
#4151 = SURFACE_CURVE('',#4152,(#4157,#4164),.PCURVE_S1.);
#4152 = CIRCLE('',#4153,50.);
#4153 = AXIS2_PLACEMENT_3D('',#4154,#4155,#4156);
#4154 = CARTESIAN_POINT('',(0.,0.,0.));
#4155 = DIRECTION('',(0.,0.,1.));
#4156 = DIRECTION('',(1.,0.,0.));
#4157 = PCURVE('',#4047,#4158);
#4158 = DEFINITIONAL_REPRESENTATION('',(#4159),#4163);
#4159 = LINE('',#4160,#4161);
#4160 = CARTESIAN_POINT('',(-0.,0.));
#4161 = VECTOR('',#4162,1.);
#4162 = DIRECTION('',(-1.,0.));
#4163 = ( GEOMETRIC_REPRESENTATION_CONTEXT(2) 
PARAMETRIC_REPRESENTATION_CONTEXT() REPRESENTATION_CONTEXT('2D SPACE',''
  ) );
#4164 = PCURVE('',#4165,#4170);
#4165 = PLANE('',#4166);
#4166 = AXIS2_PLACEMENT_3D('',#4167,#4168,#4169);
#4167 = CARTESIAN_POINT('',(-1.75032336965E-15,3.209892110372E-15,0.));
#4168 = DIRECTION('',(0.,0.,1.));
#4169 = DIRECTION('',(1.,0.,-0.));
#4170 = DEFINITIONAL_REPRESENTATION('',(#4171),#4175);
#4171 = CIRCLE('',#4172,50.);
#4172 = AXIS2_PLACEMENT_2D('',#4173,#4174);
#4173 = CARTESIAN_POINT('',(1.75032336965E-15,-3.209892110372E-15));
#4174 = DIRECTION('',(1.,0.));
#4175 = ( GEOMETRIC_REPRESENTATION_CONTEXT(2) 
PARAMETRIC_REPRESENTATION_CONTEXT() REPRESENTATION_CONTEXT('2D SPACE',''
  ) );
#4176 = ADVANCED_FACE('',(#4177,#4180),#4165,.F.);
#4177 = FACE_BOUND('',#4178,.F.);
#4178 = EDGE_LOOP('',(#4179));
#4179 = ORIENTED_EDGE('',*,*,#4150,.T.);
#4180 = FACE_BOUND('',#4181,.F.);
#4181 = EDGE_LOOP('',(#4182));
#4182 = ORIENTED_EDGE('',*,*,#4183,.F.);
#4183 = EDGE_CURVE('',#4184,#4184,#4186,.T.);
#4184 = VERTEX_POINT('',#4185);
#4185 = CARTESIAN_POINT('',(40.,1.705302565824E-15,0.));
#4186 = SURFACE_CURVE('',#4187,(#4192,#4199),.PCURVE_S1.);
#4187 = CIRCLE('',#4188,40.);
#4188 = AXIS2_PLACEMENT_3D('',#4189,#4190,#4191);
#4189 = CARTESIAN_POINT('',(2.376054908382E-13,1.705302565824E-15,0.));
#4190 = DIRECTION('',(0.,0.,1.));
#4191 = DIRECTION('',(1.,0.,0.));
#4192 = PCURVE('',#4165,#4193);
#4193 = DEFINITIONAL_REPRESENTATION('',(#4194),#4198);
#4194 = CIRCLE('',#4195,40.);
#4195 = AXIS2_PLACEMENT_2D('',#4196,#4197);
#4196 = CARTESIAN_POINT('',(2.393558142078E-13,-1.504589544548E-15));
#4197 = DIRECTION('',(1.,0.));
#4198 = ( GEOMETRIC_REPRESENTATION_CONTEXT(2) 
PARAMETRIC_REPRESENTATION_CONTEXT() REPRESENTATION_CONTEXT('2D SPACE',''
  ) );
#4199 = PCURVE('',#280,#4200);
#4200 = DEFINITIONAL_REPRESENTATION('',(#4201),#4205);
#4201 = LINE('',#4202,#4203);
#4202 = CARTESIAN_POINT('',(-0.,0.));
#4203 = VECTOR('',#4204,1.);
#4204 = DIRECTION('',(-1.,0.));
#4205 = ( GEOMETRIC_REPRESENTATION_CONTEXT(2) 
PARAMETRIC_REPRESENTATION_CONTEXT() REPRESENTATION_CONTEXT('2D SPACE',''
  ) );
#4206 = ADVANCED_FACE('',(#4207),#280,.F.);
#4207 = FACE_BOUND('',#4208,.T.);
#4208 = EDGE_LOOP('',(#4209,#4210,#4231,#4232,#4233,#4234,#4235,#4236,
    #4237,#4238,#4239,#4240,#4241,#4242));
#4209 = ORIENTED_EDGE('',*,*,#4183,.F.);
#4210 = ORIENTED_EDGE('',*,*,#4211,.T.);
#4211 = EDGE_CURVE('',#4184,#3515,#4212,.T.);
#4212 = SEAM_CURVE('',#4213,(#4217,#4224),.PCURVE_S1.);
#4213 = LINE('',#4214,#4215);
#4214 = CARTESIAN_POINT('',(40.,1.705302565824E-15,0.));
#4215 = VECTOR('',#4216,1.);
#4216 = DIRECTION('',(0.,0.,1.));
#4217 = PCURVE('',#280,#4218);
#4218 = DEFINITIONAL_REPRESENTATION('',(#4219),#4223);
#4219 = LINE('',#4220,#4221);
#4220 = CARTESIAN_POINT('',(-0.,0.));
#4221 = VECTOR('',#4222,1.);
#4222 = DIRECTION('',(-0.,-1.));
#4223 = ( GEOMETRIC_REPRESENTATION_CONTEXT(2) 
PARAMETRIC_REPRESENTATION_CONTEXT() REPRESENTATION_CONTEXT('2D SPACE',''
  ) );
#4224 = PCURVE('',#280,#4225);
#4225 = DEFINITIONAL_REPRESENTATION('',(#4226),#4230);
#4226 = LINE('',#4227,#4228);
#4227 = CARTESIAN_POINT('',(-6.28318530718,0.));
#4228 = VECTOR('',#4229,1.);
#4229 = DIRECTION('',(-0.,-1.));
#4230 = ( GEOMETRIC_REPRESENTATION_CONTEXT(2) 
PARAMETRIC_REPRESENTATION_CONTEXT() REPRESENTATION_CONTEXT('2D SPACE',''
  ) );
#4231 = ORIENTED_EDGE('',*,*,#3930,.T.);
#4232 = ORIENTED_EDGE('',*,*,#2713,.T.);
#4233 = ORIENTED_EDGE('',*,*,#1064,.T.);
#4234 = ORIENTED_EDGE('',*,*,#1041,.T.);
#4235 = ORIENTED_EDGE('',*,*,#1018,.T.);
#4236 = ORIENTED_EDGE('',*,*,#4100,.T.);
#4237 = ORIENTED_EDGE('',*,*,#1524,.F.);
#4238 = ORIENTED_EDGE('',*,*,#3858,.T.);
#4239 = ORIENTED_EDGE('',*,*,#3704,.T.);
#4240 = ORIENTED_EDGE('',*,*,#263,.T.);
#4241 = ORIENTED_EDGE('',*,*,#3514,.T.);
#4242 = ORIENTED_EDGE('',*,*,#4211,.F.);
#4243 = ADVANCED_FACE('',(#4244),#1006,.T.);
#4244 = FACE_BOUND('',#4245,.T.);
#4245 = EDGE_LOOP('',(#4246,#4247,#4248));
#4246 = ORIENTED_EDGE('',*,*,#1479,.T.);
#4247 = ORIENTED_EDGE('',*,*,#1274,.T.);
#4248 = ORIENTED_EDGE('',*,*,#989,.T.);
#4249 = ADVANCED_FACE('',(#4250),#79,.F.);
#4250 = FACE_BOUND('',#4251,.F.);
#4251 = EDGE_LOOP('',(#4252,#4253,#4254,#4255));
#4252 = ORIENTED_EDGE('',*,*,#55,.F.);
#4253 = ORIENTED_EDGE('',*,*,#1299,.T.);
#4254 = ORIENTED_EDGE('',*,*,#4061,.F.);
#4255 = ORIENTED_EDGE('',*,*,#1730,.F.);
#4256 = ORIENTED_CLOSED_SHELL('',*,#4257,.F.);
#4257 = CLOSED_SHELL('',(#4258));
#4258 = ADVANCED_FACE('',(#4259),#4272,.T.);
#4259 = FACE_BOUND('',#4260,.T.);
#4260 = EDGE_LOOP('',(#4261,#4290,#4312,#4313));
#4261 = ORIENTED_EDGE('',*,*,#4262,.F.);
#4262 = EDGE_CURVE('',#4263,#4263,#4265,.T.);
#4263 = VERTEX_POINT('',#4264);
#4264 = CARTESIAN_POINT('',(38.,-9.30731567352E-15,3.));
#4265 = SEAM_CURVE('',#4266,(#4271,#4283),.PCURVE_S1.);
#4266 = CIRCLE('',#4267,38.);
#4267 = AXIS2_PLACEMENT_3D('',#4268,#4269,#4270);
#4268 = CARTESIAN_POINT('',(0.,0.,3.));
#4269 = DIRECTION('',(0.,0.,1.));
#4270 = DIRECTION('',(1.,0.,-0.));
#4271 = PCURVE('',#4272,#4277);
#4272 = TOROIDAL_SURFACE('',#4273,37.5,0.5);
#4273 = AXIS2_PLACEMENT_3D('',#4274,#4275,#4276);
#4274 = CARTESIAN_POINT('',(0.,0.,3.));
#4275 = DIRECTION('',(0.,0.,1.));
#4276 = DIRECTION('',(1.,0.,-0.));
#4277 = DEFINITIONAL_REPRESENTATION('',(#4278),#4282);
#4278 = LINE('',#4279,#4280);
#4279 = CARTESIAN_POINT('',(0.,6.28318530718));
#4280 = VECTOR('',#4281,1.);
#4281 = DIRECTION('',(1.,0.));
#4282 = ( GEOMETRIC_REPRESENTATION_CONTEXT(2) 
PARAMETRIC_REPRESENTATION_CONTEXT() REPRESENTATION_CONTEXT('2D SPACE',''
  ) );
#4283 = PCURVE('',#4272,#4284);
#4284 = DEFINITIONAL_REPRESENTATION('',(#4285),#4289);
#4285 = LINE('',#4286,#4287);
#4286 = CARTESIAN_POINT('',(0.,0.));
#4287 = VECTOR('',#4288,1.);
#4288 = DIRECTION('',(1.,0.));
#4289 = ( GEOMETRIC_REPRESENTATION_CONTEXT(2) 
PARAMETRIC_REPRESENTATION_CONTEXT() REPRESENTATION_CONTEXT('2D SPACE',''
  ) );
#4290 = ORIENTED_EDGE('',*,*,#4291,.F.);
#4291 = EDGE_CURVE('',#4263,#4263,#4292,.T.);
#4292 = SEAM_CURVE('',#4293,(#4298,#4305),.PCURVE_S1.);
#4293 = CIRCLE('',#4294,0.5);
#4294 = AXIS2_PLACEMENT_3D('',#4295,#4296,#4297);
#4295 = CARTESIAN_POINT('',(37.5,-9.184850993605E-15,3.));
#4296 = DIRECTION('',(-2.449293598295E-16,-1.,0.));
#4297 = DIRECTION('',(1.,-2.449293598295E-16,0.));
#4298 = PCURVE('',#4272,#4299);
#4299 = DEFINITIONAL_REPRESENTATION('',(#4300),#4304);
#4300 = LINE('',#4301,#4302);
#4301 = CARTESIAN_POINT('',(6.28318530718,-0.));
#4302 = VECTOR('',#4303,1.);
#4303 = DIRECTION('',(0.,1.));
#4304 = ( GEOMETRIC_REPRESENTATION_CONTEXT(2) 
PARAMETRIC_REPRESENTATION_CONTEXT() REPRESENTATION_CONTEXT('2D SPACE',''
  ) );
#4305 = PCURVE('',#4272,#4306);
#4306 = DEFINITIONAL_REPRESENTATION('',(#4307),#4311);
#4307 = LINE('',#4308,#4309);
#4308 = CARTESIAN_POINT('',(0.,-0.));
#4309 = VECTOR('',#4310,1.);
#4310 = DIRECTION('',(0.,1.));
#4311 = ( GEOMETRIC_REPRESENTATION_CONTEXT(2) 
PARAMETRIC_REPRESENTATION_CONTEXT() REPRESENTATION_CONTEXT('2D SPACE',''
  ) );
#4312 = ORIENTED_EDGE('',*,*,#4262,.T.);
#4313 = ORIENTED_EDGE('',*,*,#4291,.T.);
#4314 = ( GEOMETRIC_REPRESENTATION_CONTEXT(3) 
GLOBAL_UNCERTAINTY_ASSIGNED_CONTEXT((#4318)) 
GLOBAL_UNIT_ASSIGNED_CONTEXT((#4315,#4316,#4317)) REPRESENTATION_CONTEXT
('Context #1','3D Context with UNIT and UNCERTAINTY') );
#4315 = ( LENGTH_UNIT() NAMED_UNIT(*) SI_UNIT(.MILLI.,.METRE.) );
#4316 = ( NAMED_UNIT(*) PLANE_ANGLE_UNIT() SI_UNIT($,.RADIAN.) );
#4317 = ( NAMED_UNIT(*) SI_UNIT($,.STERADIAN.) SOLID_ANGLE_UNIT() );
#4318 = UNCERTAINTY_MEASURE_WITH_UNIT(LENGTH_MEASURE(5.E-06),#4315,
  'distance_accuracy_value','confusion accuracy');
#4319 = CONTEXT_DEPENDENT_SHAPE_REPRESENTATION(#4320,#4322);
#4320 = ( REPRESENTATION_RELATIONSHIP('','',#48,#10) 
REPRESENTATION_RELATIONSHIP_WITH_TRANSFORMATION(#4321) 
SHAPE_REPRESENTATION_RELATIONSHIP() );
#4321 = ITEM_DEFINED_TRANSFORMATION('','',#11,#15);
#4322 = PRODUCT_DEFINITION_SHAPE('Placement','Placement of an item',
  #4323);
#4323 = NEXT_ASSEMBLY_USAGE_OCCURRENCE('1','','',#5,#43,$);
#4324 = PRODUCT_RELATED_PRODUCT_CATEGORY('part',$,(#45));
#4325 = SHAPE_DEFINITION_REPRESENTATION(#4326,#4332);
#4326 = PRODUCT_DEFINITION_SHAPE('','',#4327);
#4327 = PRODUCT_DEFINITION('design','',#4328,#4331);
#4328 = PRODUCT_DEFINITION_FORMATION('','',#4329);
#4329 = PRODUCT('Open CASCADE STEP translator 7.9 1.2',
  'Open CASCADE STEP translator 7.9 1.2','',(#4330));
#4330 = PRODUCT_CONTEXT('',#2,'mechanical');
#4331 = PRODUCT_DEFINITION_CONTEXT('part definition',#2,'design');
#4332 = ADVANCED_BREP_SHAPE_REPRESENTATION('',(#11,#4333),#4519);
#4333 = MANIFOLD_SOLID_BREP('',#4334);
#4334 = CLOSED_SHELL('',(#4335,#4423,#4462,#4512));
#4335 = ADVANCED_FACE('',(#4336),#4350,.T.);
#4336 = FACE_BOUND('',#4337,.F.);
#4337 = EDGE_LOOP('',(#4338,#4368,#4395,#4396));
#4338 = ORIENTED_EDGE('',*,*,#4339,.T.);
#4339 = EDGE_CURVE('',#4340,#4342,#4344,.T.);
#4340 = VERTEX_POINT('',#4341);
#4341 = CARTESIAN_POINT('',(21.,0.,37.641016151378));
#4342 = VERTEX_POINT('',#4343);
#4343 = CARTESIAN_POINT('',(21.,-12.,37.641016151378));
#4344 = SEAM_CURVE('',#4345,(#4349,#4361),.PCURVE_S1.);
#4345 = LINE('',#4346,#4347);
#4346 = CARTESIAN_POINT('',(21.,0.,37.641016151378));
#4347 = VECTOR('',#4348,1.);
#4348 = DIRECTION('',(0.,-1.,0.));
#4349 = PCURVE('',#4350,#4355);
#4350 = CYLINDRICAL_SURFACE('',#4351,1.);
#4351 = AXIS2_PLACEMENT_3D('',#4352,#4353,#4354);
#4352 = CARTESIAN_POINT('',(20.,0.,37.641016151378));
#4353 = DIRECTION('',(-0.,1.,-0.));
#4354 = DIRECTION('',(1.,0.,0.));
#4355 = DEFINITIONAL_REPRESENTATION('',(#4356),#4360);
#4356 = LINE('',#4357,#4358);
#4357 = CARTESIAN_POINT('',(-0.,0.));
#4358 = VECTOR('',#4359,1.);
#4359 = DIRECTION('',(-0.,-1.));
#4360 = ( GEOMETRIC_REPRESENTATION_CONTEXT(2) 
PARAMETRIC_REPRESENTATION_CONTEXT() REPRESENTATION_CONTEXT('2D SPACE',''
  ) );
#4361 = PCURVE('',#4350,#4362);
#4362 = DEFINITIONAL_REPRESENTATION('',(#4363),#4367);
#4363 = LINE('',#4364,#4365);
#4364 = CARTESIAN_POINT('',(-6.28318530718,0.));
#4365 = VECTOR('',#4366,1.);
#4366 = DIRECTION('',(-0.,-1.));
#4367 = ( GEOMETRIC_REPRESENTATION_CONTEXT(2) 
PARAMETRIC_REPRESENTATION_CONTEXT() REPRESENTATION_CONTEXT('2D SPACE',''
  ) );
#4368 = ORIENTED_EDGE('',*,*,#4369,.T.);
#4369 = EDGE_CURVE('',#4342,#4342,#4370,.T.);
#4370 = SURFACE_CURVE('',#4371,(#4376,#4383),.PCURVE_S1.);
#4371 = CIRCLE('',#4372,1.);
#4372 = AXIS2_PLACEMENT_3D('',#4373,#4374,#4375);
#4373 = CARTESIAN_POINT('',(20.,-12.,37.641016151378));
#4374 = DIRECTION('',(0.,-1.,0.));
#4375 = DIRECTION('',(1.,0.,0.));
#4376 = PCURVE('',#4350,#4377);
#4377 = DEFINITIONAL_REPRESENTATION('',(#4378),#4382);
#4378 = LINE('',#4379,#4380);
#4379 = CARTESIAN_POINT('',(-0.,-12.));
#4380 = VECTOR('',#4381,1.);
#4381 = DIRECTION('',(-1.,0.));
#4382 = ( GEOMETRIC_REPRESENTATION_CONTEXT(2) 
PARAMETRIC_REPRESENTATION_CONTEXT() REPRESENTATION_CONTEXT('2D SPACE',''
  ) );
#4383 = PCURVE('',#4384,#4389);
#4384 = PLANE('',#4385);
#4385 = AXIS2_PLACEMENT_3D('',#4386,#4387,#4388);
#4386 = CARTESIAN_POINT('',(20.,-12.,37.641016151378));
#4387 = DIRECTION('',(-0.,-1.,-0.));
#4388 = DIRECTION('',(0.,0.,-1.));
#4389 = DEFINITIONAL_REPRESENTATION('',(#4390),#4394);
#4390 = CIRCLE('',#4391,1.);
#4391 = AXIS2_PLACEMENT_2D('',#4392,#4393);
#4392 = CARTESIAN_POINT('',(7.105427357601E-15,0.));
#4393 = DIRECTION('',(0.,1.));
#4394 = ( GEOMETRIC_REPRESENTATION_CONTEXT(2) 
PARAMETRIC_REPRESENTATION_CONTEXT() REPRESENTATION_CONTEXT('2D SPACE',''
  ) );
#4395 = ORIENTED_EDGE('',*,*,#4339,.F.);
#4396 = ORIENTED_EDGE('',*,*,#4397,.F.);
#4397 = EDGE_CURVE('',#4340,#4340,#4398,.T.);
#4398 = SURFACE_CURVE('',#4399,(#4404,#4411),.PCURVE_S1.);
#4399 = CIRCLE('',#4400,1.);
#4400 = AXIS2_PLACEMENT_3D('',#4401,#4402,#4403);
#4401 = CARTESIAN_POINT('',(20.,0.,37.641016151378));
#4402 = DIRECTION('',(0.,-1.,0.));
#4403 = DIRECTION('',(1.,0.,0.));
#4404 = PCURVE('',#4350,#4405);
#4405 = DEFINITIONAL_REPRESENTATION('',(#4406),#4410);
#4406 = LINE('',#4407,#4408);
#4407 = CARTESIAN_POINT('',(-0.,0.));
#4408 = VECTOR('',#4409,1.);
#4409 = DIRECTION('',(-1.,0.));
#4410 = ( GEOMETRIC_REPRESENTATION_CONTEXT(2) 
PARAMETRIC_REPRESENTATION_CONTEXT() REPRESENTATION_CONTEXT('2D SPACE',''
  ) );
#4411 = PCURVE('',#4412,#4417);
#4412 = PLANE('',#4413);
#4413 = AXIS2_PLACEMENT_3D('',#4414,#4415,#4416);
#4414 = CARTESIAN_POINT('',(20.,0.,37.641016151378));
#4415 = DIRECTION('',(-0.,-1.,-0.));
#4416 = DIRECTION('',(0.,0.,-1.));
#4417 = DEFINITIONAL_REPRESENTATION('',(#4418),#4422);
#4418 = CIRCLE('',#4419,1.);
#4419 = AXIS2_PLACEMENT_2D('',#4420,#4421);
#4420 = CARTESIAN_POINT('',(7.105427357601E-15,0.));
#4421 = DIRECTION('',(0.,1.));
#4422 = ( GEOMETRIC_REPRESENTATION_CONTEXT(2) 
PARAMETRIC_REPRESENTATION_CONTEXT() REPRESENTATION_CONTEXT('2D SPACE',''
  ) );
#4423 = ADVANCED_FACE('',(#4424,#4427),#4384,.T.);
#4424 = FACE_BOUND('',#4425,.T.);
#4425 = EDGE_LOOP('',(#4426));
#4426 = ORIENTED_EDGE('',*,*,#4369,.T.);
#4427 = FACE_BOUND('',#4428,.T.);
#4428 = EDGE_LOOP('',(#4429));
#4429 = ORIENTED_EDGE('',*,*,#4430,.T.);
#4430 = EDGE_CURVE('',#4431,#4431,#4433,.T.);
#4431 = VERTEX_POINT('',#4432);
#4432 = CARTESIAN_POINT('',(20.25,-12.,37.641016151378));
#4433 = SURFACE_CURVE('',#4434,(#4439,#4450),.PCURVE_S1.);
#4434 = CIRCLE('',#4435,0.25);
#4435 = AXIS2_PLACEMENT_3D('',#4436,#4437,#4438);
#4436 = CARTESIAN_POINT('',(20.,-12.,37.641016151378));
#4437 = DIRECTION('',(-0.,1.,0.));
#4438 = DIRECTION('',(1.,0.,0.));
#4439 = PCURVE('',#4384,#4440);
#4440 = DEFINITIONAL_REPRESENTATION('',(#4441),#4449);
#4441 = ( BOUNDED_CURVE() B_SPLINE_CURVE(2,(#4442,#4443,#4444,#4445,
#4446,#4447,#4448),.UNSPECIFIED.,.T.,.F.) B_SPLINE_CURVE_WITH_KNOTS((1,2
    ,2,2,2,1),(-2.094395102393,0.,2.094395102393,4.188790204786,
6.28318530718,8.377580409573),.UNSPECIFIED.) CURVE() 
GEOMETRIC_REPRESENTATION_ITEM() RATIONAL_B_SPLINE_CURVE((1.,0.5,1.,0.5,
1.,0.5,1.)) REPRESENTATION_ITEM('') );
#4442 = CARTESIAN_POINT('',(7.105427357601E-15,0.25));
#4443 = CARTESIAN_POINT('',(0.433012701892,0.25));
#4444 = CARTESIAN_POINT('',(0.216506350946,-0.125));
#4445 = CARTESIAN_POINT('',(7.166659697558E-15,-0.5));
#4446 = CARTESIAN_POINT('',(-0.216506350946,-0.125));
#4447 = CARTESIAN_POINT('',(-0.433012701892,0.25));
#4448 = CARTESIAN_POINT('',(7.105427357601E-15,0.25));
#4449 = ( GEOMETRIC_REPRESENTATION_CONTEXT(2) 
PARAMETRIC_REPRESENTATION_CONTEXT() REPRESENTATION_CONTEXT('2D SPACE',''
  ) );
#4450 = PCURVE('',#4451,#4456);
#4451 = CYLINDRICAL_SURFACE('',#4452,0.25);
#4452 = AXIS2_PLACEMENT_3D('',#4453,#4454,#4455);
#4453 = CARTESIAN_POINT('',(20.,0.,37.641016151378));
#4454 = DIRECTION('',(-0.,1.,-0.));
#4455 = DIRECTION('',(1.,0.,0.));
#4456 = DEFINITIONAL_REPRESENTATION('',(#4457),#4461);
#4457 = LINE('',#4458,#4459);
#4458 = CARTESIAN_POINT('',(-6.28318530718,-12.));
#4459 = VECTOR('',#4460,1.);
#4460 = DIRECTION('',(1.,-0.));
#4461 = ( GEOMETRIC_REPRESENTATION_CONTEXT(2) 
PARAMETRIC_REPRESENTATION_CONTEXT() REPRESENTATION_CONTEXT('2D SPACE',''
  ) );
#4462 = ADVANCED_FACE('',(#4463),#4451,.F.);
#4463 = FACE_BOUND('',#4464,.T.);
#4464 = EDGE_LOOP('',(#4465,#4489,#4510,#4511));
#4465 = ORIENTED_EDGE('',*,*,#4466,.F.);
#4466 = EDGE_CURVE('',#4467,#4467,#4469,.T.);
#4467 = VERTEX_POINT('',#4468);
#4468 = CARTESIAN_POINT('',(20.25,0.,37.641016151378));
#4469 = SURFACE_CURVE('',#4470,(#4475,#4482),.PCURVE_S1.);
#4470 = CIRCLE('',#4471,0.25);
#4471 = AXIS2_PLACEMENT_3D('',#4472,#4473,#4474);
#4472 = CARTESIAN_POINT('',(20.,0.,37.641016151378));
#4473 = DIRECTION('',(0.,-1.,0.));
#4474 = DIRECTION('',(1.,0.,0.));
#4475 = PCURVE('',#4451,#4476);
#4476 = DEFINITIONAL_REPRESENTATION('',(#4477),#4481);
#4477 = LINE('',#4478,#4479);
#4478 = CARTESIAN_POINT('',(-0.,0.));
#4479 = VECTOR('',#4480,1.);
#4480 = DIRECTION('',(-1.,0.));
#4481 = ( GEOMETRIC_REPRESENTATION_CONTEXT(2) 
PARAMETRIC_REPRESENTATION_CONTEXT() REPRESENTATION_CONTEXT('2D SPACE',''
  ) );
#4482 = PCURVE('',#4412,#4483);
#4483 = DEFINITIONAL_REPRESENTATION('',(#4484),#4488);
#4484 = CIRCLE('',#4485,0.25);
#4485 = AXIS2_PLACEMENT_2D('',#4486,#4487);
#4486 = CARTESIAN_POINT('',(7.105427357601E-15,0.));
#4487 = DIRECTION('',(0.,1.));
#4488 = ( GEOMETRIC_REPRESENTATION_CONTEXT(2) 
PARAMETRIC_REPRESENTATION_CONTEXT() REPRESENTATION_CONTEXT('2D SPACE',''
  ) );
#4489 = ORIENTED_EDGE('',*,*,#4490,.T.);
#4490 = EDGE_CURVE('',#4467,#4431,#4491,.T.);
#4491 = SEAM_CURVE('',#4492,(#4496,#4503),.PCURVE_S1.);
#4492 = LINE('',#4493,#4494);
#4493 = CARTESIAN_POINT('',(20.25,0.,37.641016151378));
#4494 = VECTOR('',#4495,1.);
#4495 = DIRECTION('',(0.,-1.,0.));
#4496 = PCURVE('',#4451,#4497);
#4497 = DEFINITIONAL_REPRESENTATION('',(#4498),#4502);
#4498 = LINE('',#4499,#4500);
#4499 = CARTESIAN_POINT('',(-6.28318530718,0.));
#4500 = VECTOR('',#4501,1.);
#4501 = DIRECTION('',(-0.,-1.));
#4502 = ( GEOMETRIC_REPRESENTATION_CONTEXT(2) 
PARAMETRIC_REPRESENTATION_CONTEXT() REPRESENTATION_CONTEXT('2D SPACE',''
  ) );
#4503 = PCURVE('',#4451,#4504);
#4504 = DEFINITIONAL_REPRESENTATION('',(#4505),#4509);
#4505 = LINE('',#4506,#4507);
#4506 = CARTESIAN_POINT('',(-0.,0.));
#4507 = VECTOR('',#4508,1.);
#4508 = DIRECTION('',(-0.,-1.));
#4509 = ( GEOMETRIC_REPRESENTATION_CONTEXT(2) 
PARAMETRIC_REPRESENTATION_CONTEXT() REPRESENTATION_CONTEXT('2D SPACE',''
  ) );
#4510 = ORIENTED_EDGE('',*,*,#4430,.F.);
#4511 = ORIENTED_EDGE('',*,*,#4490,.F.);
#4512 = ADVANCED_FACE('',(#4513,#4516),#4412,.F.);
#4513 = FACE_BOUND('',#4514,.F.);
#4514 = EDGE_LOOP('',(#4515));
#4515 = ORIENTED_EDGE('',*,*,#4397,.T.);
#4516 = FACE_BOUND('',#4517,.F.);
#4517 = EDGE_LOOP('',(#4518));
#4518 = ORIENTED_EDGE('',*,*,#4466,.F.);
#4519 = ( GEOMETRIC_REPRESENTATION_CONTEXT(3) 
GLOBAL_UNCERTAINTY_ASSIGNED_CONTEXT((#4523)) 
GLOBAL_UNIT_ASSIGNED_CONTEXT((#4520,#4521,#4522)) REPRESENTATION_CONTEXT
('Context #1','3D Context with UNIT and UNCERTAINTY') );
#4520 = ( LENGTH_UNIT() NAMED_UNIT(*) SI_UNIT(.MILLI.,.METRE.) );
#4521 = ( NAMED_UNIT(*) PLANE_ANGLE_UNIT() SI_UNIT($,.RADIAN.) );
#4522 = ( NAMED_UNIT(*) SI_UNIT($,.STERADIAN.) SOLID_ANGLE_UNIT() );
#4523 = UNCERTAINTY_MEASURE_WITH_UNIT(LENGTH_MEASURE(1.E-07),#4520,
  'distance_accuracy_value','confusion accuracy');
#4524 = CONTEXT_DEPENDENT_SHAPE_REPRESENTATION(#4525,#4527);
#4525 = ( REPRESENTATION_RELATIONSHIP('','',#4332,#10) 
REPRESENTATION_RELATIONSHIP_WITH_TRANSFORMATION(#4526) 
SHAPE_REPRESENTATION_RELATIONSHIP() );
#4526 = ITEM_DEFINED_TRANSFORMATION('','',#11,#19);
#4527 = PRODUCT_DEFINITION_SHAPE('Placement','Placement of an item',
  #4528);
#4528 = NEXT_ASSEMBLY_USAGE_OCCURRENCE('2','','',#5,#4327,$);
#4529 = PRODUCT_RELATED_PRODUCT_CATEGORY('part',$,(#4329));
#4530 = SHAPE_DEFINITION_REPRESENTATION(#4531,#4537);
#4531 = PRODUCT_DEFINITION_SHAPE('','',#4532);
#4532 = PRODUCT_DEFINITION('design','',#4533,#4536);
#4533 = PRODUCT_DEFINITION_FORMATION('','',#4534);
#4534 = PRODUCT('Open CASCADE STEP translator 7.9 1.3',
  'Open CASCADE STEP translator 7.9 1.3','',(#4535));
#4535 = PRODUCT_CONTEXT('',#2,'mechanical');
#4536 = PRODUCT_DEFINITION_CONTEXT('part definition',#2,'design');
#4537 = ADVANCED_BREP_SHAPE_REPRESENTATION('',(#11,#4538),#4724);
#4538 = MANIFOLD_SOLID_BREP('',#4539);
#4539 = CLOSED_SHELL('',(#4540,#4628,#4667,#4717));
#4540 = ADVANCED_FACE('',(#4541),#4555,.T.);
#4541 = FACE_BOUND('',#4542,.F.);
#4542 = EDGE_LOOP('',(#4543,#4573,#4600,#4601));
#4543 = ORIENTED_EDGE('',*,*,#4544,.T.);
#4544 = EDGE_CURVE('',#4545,#4547,#4549,.T.);
#4545 = VERTEX_POINT('',#4546);
#4546 = CARTESIAN_POINT('',(-19.,0.,37.641016151378));
#4547 = VERTEX_POINT('',#4548);
#4548 = CARTESIAN_POINT('',(-19.,-12.,37.641016151378));
#4549 = SEAM_CURVE('',#4550,(#4554,#4566),.PCURVE_S1.);
#4550 = LINE('',#4551,#4552);
#4551 = CARTESIAN_POINT('',(-19.,0.,37.641016151378));
#4552 = VECTOR('',#4553,1.);
#4553 = DIRECTION('',(0.,-1.,0.));
#4554 = PCURVE('',#4555,#4560);
#4555 = CYLINDRICAL_SURFACE('',#4556,1.);
#4556 = AXIS2_PLACEMENT_3D('',#4557,#4558,#4559);
#4557 = CARTESIAN_POINT('',(-20.,0.,37.641016151378));
#4558 = DIRECTION('',(-0.,1.,-0.));
#4559 = DIRECTION('',(1.,0.,0.));
#4560 = DEFINITIONAL_REPRESENTATION('',(#4561),#4565);
#4561 = LINE('',#4562,#4563);
#4562 = CARTESIAN_POINT('',(-0.,0.));
#4563 = VECTOR('',#4564,1.);
#4564 = DIRECTION('',(-0.,-1.));
#4565 = ( GEOMETRIC_REPRESENTATION_CONTEXT(2) 
PARAMETRIC_REPRESENTATION_CONTEXT() REPRESENTATION_CONTEXT('2D SPACE',''
  ) );
#4566 = PCURVE('',#4555,#4567);
#4567 = DEFINITIONAL_REPRESENTATION('',(#4568),#4572);
#4568 = LINE('',#4569,#4570);
#4569 = CARTESIAN_POINT('',(-6.28318530718,0.));
#4570 = VECTOR('',#4571,1.);
#4571 = DIRECTION('',(-0.,-1.));
#4572 = ( GEOMETRIC_REPRESENTATION_CONTEXT(2) 
PARAMETRIC_REPRESENTATION_CONTEXT() REPRESENTATION_CONTEXT('2D SPACE',''
  ) );
#4573 = ORIENTED_EDGE('',*,*,#4574,.T.);
#4574 = EDGE_CURVE('',#4547,#4547,#4575,.T.);
#4575 = SURFACE_CURVE('',#4576,(#4581,#4588),.PCURVE_S1.);
#4576 = CIRCLE('',#4577,1.);
#4577 = AXIS2_PLACEMENT_3D('',#4578,#4579,#4580);
#4578 = CARTESIAN_POINT('',(-20.,-12.,37.641016151378));
#4579 = DIRECTION('',(0.,-1.,0.));
#4580 = DIRECTION('',(1.,0.,0.));
#4581 = PCURVE('',#4555,#4582);
#4582 = DEFINITIONAL_REPRESENTATION('',(#4583),#4587);
#4583 = LINE('',#4584,#4585);
#4584 = CARTESIAN_POINT('',(-0.,-12.));
#4585 = VECTOR('',#4586,1.);
#4586 = DIRECTION('',(-1.,0.));
#4587 = ( GEOMETRIC_REPRESENTATION_CONTEXT(2) 
PARAMETRIC_REPRESENTATION_CONTEXT() REPRESENTATION_CONTEXT('2D SPACE',''
  ) );
#4588 = PCURVE('',#4589,#4594);
#4589 = PLANE('',#4590);
#4590 = AXIS2_PLACEMENT_3D('',#4591,#4592,#4593);
#4591 = CARTESIAN_POINT('',(-20.,-12.,37.641016151378));
#4592 = DIRECTION('',(-0.,-1.,-0.));
#4593 = DIRECTION('',(0.,0.,-1.));
#4594 = DEFINITIONAL_REPRESENTATION('',(#4595),#4599);
#4595 = CIRCLE('',#4596,1.);
#4596 = AXIS2_PLACEMENT_2D('',#4597,#4598);
#4597 = CARTESIAN_POINT('',(0.,0.));
#4598 = DIRECTION('',(0.,1.));
#4599 = ( GEOMETRIC_REPRESENTATION_CONTEXT(2) 
PARAMETRIC_REPRESENTATION_CONTEXT() REPRESENTATION_CONTEXT('2D SPACE',''
  ) );
#4600 = ORIENTED_EDGE('',*,*,#4544,.F.);
#4601 = ORIENTED_EDGE('',*,*,#4602,.F.);
#4602 = EDGE_CURVE('',#4545,#4545,#4603,.T.);
#4603 = SURFACE_CURVE('',#4604,(#4609,#4616),.PCURVE_S1.);
#4604 = CIRCLE('',#4605,1.);
#4605 = AXIS2_PLACEMENT_3D('',#4606,#4607,#4608);
#4606 = CARTESIAN_POINT('',(-20.,0.,37.641016151378));
#4607 = DIRECTION('',(0.,-1.,0.));
#4608 = DIRECTION('',(1.,0.,0.));
#4609 = PCURVE('',#4555,#4610);
#4610 = DEFINITIONAL_REPRESENTATION('',(#4611),#4615);
#4611 = LINE('',#4612,#4613);
#4612 = CARTESIAN_POINT('',(-0.,0.));
#4613 = VECTOR('',#4614,1.);
#4614 = DIRECTION('',(-1.,0.));
#4615 = ( GEOMETRIC_REPRESENTATION_CONTEXT(2) 
PARAMETRIC_REPRESENTATION_CONTEXT() REPRESENTATION_CONTEXT('2D SPACE',''
  ) );
#4616 = PCURVE('',#4617,#4622);
#4617 = PLANE('',#4618);
#4618 = AXIS2_PLACEMENT_3D('',#4619,#4620,#4621);
#4619 = CARTESIAN_POINT('',(-20.,0.,37.641016151378));
#4620 = DIRECTION('',(-0.,-1.,-0.));
#4621 = DIRECTION('',(0.,0.,-1.));
#4622 = DEFINITIONAL_REPRESENTATION('',(#4623),#4627);
#4623 = CIRCLE('',#4624,1.);
#4624 = AXIS2_PLACEMENT_2D('',#4625,#4626);
#4625 = CARTESIAN_POINT('',(0.,0.));
#4626 = DIRECTION('',(0.,1.));
#4627 = ( GEOMETRIC_REPRESENTATION_CONTEXT(2) 
PARAMETRIC_REPRESENTATION_CONTEXT() REPRESENTATION_CONTEXT('2D SPACE',''
  ) );
#4628 = ADVANCED_FACE('',(#4629,#4632),#4589,.T.);
#4629 = FACE_BOUND('',#4630,.T.);
#4630 = EDGE_LOOP('',(#4631));
#4631 = ORIENTED_EDGE('',*,*,#4574,.T.);
#4632 = FACE_BOUND('',#4633,.T.);
#4633 = EDGE_LOOP('',(#4634));
#4634 = ORIENTED_EDGE('',*,*,#4635,.T.);
#4635 = EDGE_CURVE('',#4636,#4636,#4638,.T.);
#4636 = VERTEX_POINT('',#4637);
#4637 = CARTESIAN_POINT('',(-19.75,-12.,37.641016151378));
#4638 = SURFACE_CURVE('',#4639,(#4644,#4655),.PCURVE_S1.);
#4639 = CIRCLE('',#4640,0.25);
#4640 = AXIS2_PLACEMENT_3D('',#4641,#4642,#4643);
#4641 = CARTESIAN_POINT('',(-20.,-12.,37.641016151378));
#4642 = DIRECTION('',(-0.,1.,0.));
#4643 = DIRECTION('',(1.,0.,0.));
#4644 = PCURVE('',#4589,#4645);
#4645 = DEFINITIONAL_REPRESENTATION('',(#4646),#4654);
#4646 = ( BOUNDED_CURVE() B_SPLINE_CURVE(2,(#4647,#4648,#4649,#4650,
#4651,#4652,#4653),.UNSPECIFIED.,.T.,.F.) B_SPLINE_CURVE_WITH_KNOTS((1,2
    ,2,2,2,1),(-2.094395102393,0.,2.094395102393,4.188790204786,
6.28318530718,8.377580409573),.UNSPECIFIED.) CURVE() 
GEOMETRIC_REPRESENTATION_ITEM() RATIONAL_B_SPLINE_CURVE((1.,0.5,1.,0.5,
1.,0.5,1.)) REPRESENTATION_ITEM('') );
#4647 = CARTESIAN_POINT('',(0.,0.25));
#4648 = CARTESIAN_POINT('',(0.433012701892,0.25));
#4649 = CARTESIAN_POINT('',(0.216506350946,-0.125));
#4650 = CARTESIAN_POINT('',(6.123233995737E-17,-0.5));
#4651 = CARTESIAN_POINT('',(-0.216506350946,-0.125));
#4652 = CARTESIAN_POINT('',(-0.433012701892,0.25));
#4653 = CARTESIAN_POINT('',(0.,0.25));
#4654 = ( GEOMETRIC_REPRESENTATION_CONTEXT(2) 
PARAMETRIC_REPRESENTATION_CONTEXT() REPRESENTATION_CONTEXT('2D SPACE',''
  ) );
#4655 = PCURVE('',#4656,#4661);
#4656 = CYLINDRICAL_SURFACE('',#4657,0.25);
#4657 = AXIS2_PLACEMENT_3D('',#4658,#4659,#4660);
#4658 = CARTESIAN_POINT('',(-20.,0.,37.641016151378));
#4659 = DIRECTION('',(-0.,1.,-0.));
#4660 = DIRECTION('',(1.,0.,0.));
#4661 = DEFINITIONAL_REPRESENTATION('',(#4662),#4666);
#4662 = LINE('',#4663,#4664);
#4663 = CARTESIAN_POINT('',(-6.28318530718,-12.));
#4664 = VECTOR('',#4665,1.);
#4665 = DIRECTION('',(1.,-0.));
#4666 = ( GEOMETRIC_REPRESENTATION_CONTEXT(2) 
PARAMETRIC_REPRESENTATION_CONTEXT() REPRESENTATION_CONTEXT('2D SPACE',''
  ) );
#4667 = ADVANCED_FACE('',(#4668),#4656,.F.);
#4668 = FACE_BOUND('',#4669,.T.);
#4669 = EDGE_LOOP('',(#4670,#4694,#4715,#4716));
#4670 = ORIENTED_EDGE('',*,*,#4671,.F.);
#4671 = EDGE_CURVE('',#4672,#4672,#4674,.T.);
#4672 = VERTEX_POINT('',#4673);
#4673 = CARTESIAN_POINT('',(-19.75,0.,37.641016151378));
#4674 = SURFACE_CURVE('',#4675,(#4680,#4687),.PCURVE_S1.);
#4675 = CIRCLE('',#4676,0.25);
#4676 = AXIS2_PLACEMENT_3D('',#4677,#4678,#4679);
#4677 = CARTESIAN_POINT('',(-20.,0.,37.641016151378));
#4678 = DIRECTION('',(0.,-1.,0.));
#4679 = DIRECTION('',(1.,0.,0.));
#4680 = PCURVE('',#4656,#4681);
#4681 = DEFINITIONAL_REPRESENTATION('',(#4682),#4686);
#4682 = LINE('',#4683,#4684);
#4683 = CARTESIAN_POINT('',(-0.,0.));
#4684 = VECTOR('',#4685,1.);
#4685 = DIRECTION('',(-1.,0.));
#4686 = ( GEOMETRIC_REPRESENTATION_CONTEXT(2) 
PARAMETRIC_REPRESENTATION_CONTEXT() REPRESENTATION_CONTEXT('2D SPACE',''
  ) );
#4687 = PCURVE('',#4617,#4688);
#4688 = DEFINITIONAL_REPRESENTATION('',(#4689),#4693);
#4689 = CIRCLE('',#4690,0.25);
#4690 = AXIS2_PLACEMENT_2D('',#4691,#4692);
#4691 = CARTESIAN_POINT('',(0.,0.));
#4692 = DIRECTION('',(0.,1.));
#4693 = ( GEOMETRIC_REPRESENTATION_CONTEXT(2) 
PARAMETRIC_REPRESENTATION_CONTEXT() REPRESENTATION_CONTEXT('2D SPACE',''
  ) );
#4694 = ORIENTED_EDGE('',*,*,#4695,.T.);
#4695 = EDGE_CURVE('',#4672,#4636,#4696,.T.);
#4696 = SEAM_CURVE('',#4697,(#4701,#4708),.PCURVE_S1.);
#4697 = LINE('',#4698,#4699);
#4698 = CARTESIAN_POINT('',(-19.75,0.,37.641016151378));
#4699 = VECTOR('',#4700,1.);
#4700 = DIRECTION('',(0.,-1.,0.));
#4701 = PCURVE('',#4656,#4702);
#4702 = DEFINITIONAL_REPRESENTATION('',(#4703),#4707);
#4703 = LINE('',#4704,#4705);
#4704 = CARTESIAN_POINT('',(-6.28318530718,0.));
#4705 = VECTOR('',#4706,1.);
#4706 = DIRECTION('',(-0.,-1.));
#4707 = ( GEOMETRIC_REPRESENTATION_CONTEXT(2) 
PARAMETRIC_REPRESENTATION_CONTEXT() REPRESENTATION_CONTEXT('2D SPACE',''
  ) );
#4708 = PCURVE('',#4656,#4709);
#4709 = DEFINITIONAL_REPRESENTATION('',(#4710),#4714);
#4710 = LINE('',#4711,#4712);
#4711 = CARTESIAN_POINT('',(-0.,0.));
#4712 = VECTOR('',#4713,1.);
#4713 = DIRECTION('',(-0.,-1.));
#4714 = ( GEOMETRIC_REPRESENTATION_CONTEXT(2) 
PARAMETRIC_REPRESENTATION_CONTEXT() REPRESENTATION_CONTEXT('2D SPACE',''
  ) );
#4715 = ORIENTED_EDGE('',*,*,#4635,.F.);
#4716 = ORIENTED_EDGE('',*,*,#4695,.F.);
#4717 = ADVANCED_FACE('',(#4718,#4721),#4617,.F.);
#4718 = FACE_BOUND('',#4719,.F.);
#4719 = EDGE_LOOP('',(#4720));
#4720 = ORIENTED_EDGE('',*,*,#4602,.T.);
#4721 = FACE_BOUND('',#4722,.F.);
#4722 = EDGE_LOOP('',(#4723));
#4723 = ORIENTED_EDGE('',*,*,#4671,.F.);
#4724 = ( GEOMETRIC_REPRESENTATION_CONTEXT(3) 
GLOBAL_UNCERTAINTY_ASSIGNED_CONTEXT((#4728)) 
GLOBAL_UNIT_ASSIGNED_CONTEXT((#4725,#4726,#4727)) REPRESENTATION_CONTEXT
('Context #1','3D Context with UNIT and UNCERTAINTY') );
#4725 = ( LENGTH_UNIT() NAMED_UNIT(*) SI_UNIT(.MILLI.,.METRE.) );
#4726 = ( NAMED_UNIT(*) PLANE_ANGLE_UNIT() SI_UNIT($,.RADIAN.) );
#4727 = ( NAMED_UNIT(*) SI_UNIT($,.STERADIAN.) SOLID_ANGLE_UNIT() );
#4728 = UNCERTAINTY_MEASURE_WITH_UNIT(LENGTH_MEASURE(1.E-07),#4725,
  'distance_accuracy_value','confusion accuracy');
#4729 = CONTEXT_DEPENDENT_SHAPE_REPRESENTATION(#4730,#4732);
#4730 = ( REPRESENTATION_RELATIONSHIP('','',#4537,#10) 
REPRESENTATION_RELATIONSHIP_WITH_TRANSFORMATION(#4731) 
SHAPE_REPRESENTATION_RELATIONSHIP() );
#4731 = ITEM_DEFINED_TRANSFORMATION('','',#11,#23);
#4732 = PRODUCT_DEFINITION_SHAPE('Placement','Placement of an item',
  #4733);
#4733 = NEXT_ASSEMBLY_USAGE_OCCURRENCE('3','','',#5,#4532,$);
#4734 = PRODUCT_RELATED_PRODUCT_CATEGORY('part',$,(#4534));
#4735 = SHAPE_DEFINITION_REPRESENTATION(#4736,#4742);
#4736 = PRODUCT_DEFINITION_SHAPE('','',#4737);
#4737 = PRODUCT_DEFINITION('design','',#4738,#4741);
#4738 = PRODUCT_DEFINITION_FORMATION('','',#4739);
#4739 = PRODUCT('Open CASCADE STEP translator 7.9 1.4',
  'Open CASCADE STEP translator 7.9 1.4','',(#4740));
#4740 = PRODUCT_CONTEXT('',#2,'mechanical');
#4741 = PRODUCT_DEFINITION_CONTEXT('part definition',#2,'design');
#4742 = ADVANCED_BREP_SHAPE_REPRESENTATION('',(#11,#4743),#4929);
#4743 = MANIFOLD_SOLID_BREP('',#4744);
#4744 = CLOSED_SHELL('',(#4745,#4833,#4872,#4922));
#4745 = ADVANCED_FACE('',(#4746),#4760,.T.);
#4746 = FACE_BOUND('',#4747,.F.);
#4747 = EDGE_LOOP('',(#4748,#4778,#4805,#4806));
#4748 = ORIENTED_EDGE('',*,*,#4749,.T.);
#4749 = EDGE_CURVE('',#4750,#4752,#4754,.T.);
#4750 = VERTEX_POINT('',#4751);
#4751 = CARTESIAN_POINT('',(-19.,0.,-31.64101615137));
#4752 = VERTEX_POINT('',#4753);
#4753 = CARTESIAN_POINT('',(-19.,-12.,-31.64101615137));
#4754 = SEAM_CURVE('',#4755,(#4759,#4771),.PCURVE_S1.);
#4755 = LINE('',#4756,#4757);
#4756 = CARTESIAN_POINT('',(-19.,0.,-31.64101615137));
#4757 = VECTOR('',#4758,1.);
#4758 = DIRECTION('',(0.,-1.,0.));
#4759 = PCURVE('',#4760,#4765);
#4760 = CYLINDRICAL_SURFACE('',#4761,1.);
#4761 = AXIS2_PLACEMENT_3D('',#4762,#4763,#4764);
#4762 = CARTESIAN_POINT('',(-20.,0.,-31.64101615137));
#4763 = DIRECTION('',(-0.,1.,-0.));
#4764 = DIRECTION('',(1.,0.,0.));
#4765 = DEFINITIONAL_REPRESENTATION('',(#4766),#4770);
#4766 = LINE('',#4767,#4768);
#4767 = CARTESIAN_POINT('',(-0.,0.));
#4768 = VECTOR('',#4769,1.);
#4769 = DIRECTION('',(-0.,-1.));
#4770 = ( GEOMETRIC_REPRESENTATION_CONTEXT(2) 
PARAMETRIC_REPRESENTATION_CONTEXT() REPRESENTATION_CONTEXT('2D SPACE',''
  ) );
#4771 = PCURVE('',#4760,#4772);
#4772 = DEFINITIONAL_REPRESENTATION('',(#4773),#4777);
#4773 = LINE('',#4774,#4775);
#4774 = CARTESIAN_POINT('',(-6.28318530718,0.));
#4775 = VECTOR('',#4776,1.);
#4776 = DIRECTION('',(-0.,-1.));
#4777 = ( GEOMETRIC_REPRESENTATION_CONTEXT(2) 
PARAMETRIC_REPRESENTATION_CONTEXT() REPRESENTATION_CONTEXT('2D SPACE',''
  ) );
#4778 = ORIENTED_EDGE('',*,*,#4779,.T.);
#4779 = EDGE_CURVE('',#4752,#4752,#4780,.T.);
#4780 = SURFACE_CURVE('',#4781,(#4786,#4793),.PCURVE_S1.);
#4781 = CIRCLE('',#4782,1.);
#4782 = AXIS2_PLACEMENT_3D('',#4783,#4784,#4785);
#4783 = CARTESIAN_POINT('',(-20.,-12.,-31.64101615137));
#4784 = DIRECTION('',(0.,-1.,0.));
#4785 = DIRECTION('',(1.,0.,0.));
#4786 = PCURVE('',#4760,#4787);
#4787 = DEFINITIONAL_REPRESENTATION('',(#4788),#4792);
#4788 = LINE('',#4789,#4790);
#4789 = CARTESIAN_POINT('',(-0.,-12.));
#4790 = VECTOR('',#4791,1.);
#4791 = DIRECTION('',(-1.,0.));
#4792 = ( GEOMETRIC_REPRESENTATION_CONTEXT(2) 
PARAMETRIC_REPRESENTATION_CONTEXT() REPRESENTATION_CONTEXT('2D SPACE',''
  ) );
#4793 = PCURVE('',#4794,#4799);
#4794 = PLANE('',#4795);
#4795 = AXIS2_PLACEMENT_3D('',#4796,#4797,#4798);
#4796 = CARTESIAN_POINT('',(-20.,-12.,-31.64101615137));
#4797 = DIRECTION('',(-0.,-1.,-0.));
#4798 = DIRECTION('',(0.,0.,-1.));
#4799 = DEFINITIONAL_REPRESENTATION('',(#4800),#4804);
#4800 = CIRCLE('',#4801,1.);
#4801 = AXIS2_PLACEMENT_2D('',#4802,#4803);
#4802 = CARTESIAN_POINT('',(7.105427357601E-15,0.));
#4803 = DIRECTION('',(0.,1.));
#4804 = ( GEOMETRIC_REPRESENTATION_CONTEXT(2) 
PARAMETRIC_REPRESENTATION_CONTEXT() REPRESENTATION_CONTEXT('2D SPACE',''
  ) );
#4805 = ORIENTED_EDGE('',*,*,#4749,.F.);
#4806 = ORIENTED_EDGE('',*,*,#4807,.F.);
#4807 = EDGE_CURVE('',#4750,#4750,#4808,.T.);
#4808 = SURFACE_CURVE('',#4809,(#4814,#4821),.PCURVE_S1.);
#4809 = CIRCLE('',#4810,1.);
#4810 = AXIS2_PLACEMENT_3D('',#4811,#4812,#4813);
#4811 = CARTESIAN_POINT('',(-20.,0.,-31.64101615137));
#4812 = DIRECTION('',(0.,-1.,0.));
#4813 = DIRECTION('',(1.,0.,0.));
#4814 = PCURVE('',#4760,#4815);
#4815 = DEFINITIONAL_REPRESENTATION('',(#4816),#4820);
#4816 = LINE('',#4817,#4818);
#4817 = CARTESIAN_POINT('',(-0.,0.));
#4818 = VECTOR('',#4819,1.);
#4819 = DIRECTION('',(-1.,0.));
#4820 = ( GEOMETRIC_REPRESENTATION_CONTEXT(2) 
PARAMETRIC_REPRESENTATION_CONTEXT() REPRESENTATION_CONTEXT('2D SPACE',''
  ) );
#4821 = PCURVE('',#4822,#4827);
#4822 = PLANE('',#4823);
#4823 = AXIS2_PLACEMENT_3D('',#4824,#4825,#4826);
#4824 = CARTESIAN_POINT('',(-20.,0.,-31.64101615137));
#4825 = DIRECTION('',(-0.,-1.,-0.));
#4826 = DIRECTION('',(0.,0.,-1.));
#4827 = DEFINITIONAL_REPRESENTATION('',(#4828),#4832);
#4828 = CIRCLE('',#4829,1.);
#4829 = AXIS2_PLACEMENT_2D('',#4830,#4831);
#4830 = CARTESIAN_POINT('',(7.105427357601E-15,0.));
#4831 = DIRECTION('',(0.,1.));
#4832 = ( GEOMETRIC_REPRESENTATION_CONTEXT(2) 
PARAMETRIC_REPRESENTATION_CONTEXT() REPRESENTATION_CONTEXT('2D SPACE',''
  ) );
#4833 = ADVANCED_FACE('',(#4834,#4837),#4794,.T.);
#4834 = FACE_BOUND('',#4835,.T.);
#4835 = EDGE_LOOP('',(#4836));
#4836 = ORIENTED_EDGE('',*,*,#4779,.T.);
#4837 = FACE_BOUND('',#4838,.T.);
#4838 = EDGE_LOOP('',(#4839));
#4839 = ORIENTED_EDGE('',*,*,#4840,.T.);
#4840 = EDGE_CURVE('',#4841,#4841,#4843,.T.);
#4841 = VERTEX_POINT('',#4842);
#4842 = CARTESIAN_POINT('',(-19.75,-12.,-31.64101615137));
#4843 = SURFACE_CURVE('',#4844,(#4849,#4860),.PCURVE_S1.);
#4844 = CIRCLE('',#4845,0.25);
#4845 = AXIS2_PLACEMENT_3D('',#4846,#4847,#4848);
#4846 = CARTESIAN_POINT('',(-20.,-12.,-31.64101615137));
#4847 = DIRECTION('',(-0.,1.,0.));
#4848 = DIRECTION('',(1.,0.,0.));
#4849 = PCURVE('',#4794,#4850);
#4850 = DEFINITIONAL_REPRESENTATION('',(#4851),#4859);
#4851 = ( BOUNDED_CURVE() B_SPLINE_CURVE(2,(#4852,#4853,#4854,#4855,
#4856,#4857,#4858),.UNSPECIFIED.,.T.,.F.) B_SPLINE_CURVE_WITH_KNOTS((1,2
    ,2,2,2,1),(-2.094395102393,0.,2.094395102393,4.188790204786,
6.28318530718,8.377580409573),.UNSPECIFIED.) CURVE() 
GEOMETRIC_REPRESENTATION_ITEM() RATIONAL_B_SPLINE_CURVE((1.,0.5,1.,0.5,
1.,0.5,1.)) REPRESENTATION_ITEM('') );
#4852 = CARTESIAN_POINT('',(7.105427357601E-15,0.25));
#4853 = CARTESIAN_POINT('',(0.433012701892,0.25));
#4854 = CARTESIAN_POINT('',(0.216506350946,-0.125));
#4855 = CARTESIAN_POINT('',(7.166659697558E-15,-0.5));
#4856 = CARTESIAN_POINT('',(-0.216506350946,-0.125));
#4857 = CARTESIAN_POINT('',(-0.433012701892,0.25));
#4858 = CARTESIAN_POINT('',(7.105427357601E-15,0.25));
#4859 = ( GEOMETRIC_REPRESENTATION_CONTEXT(2) 
PARAMETRIC_REPRESENTATION_CONTEXT() REPRESENTATION_CONTEXT('2D SPACE',''
  ) );
#4860 = PCURVE('',#4861,#4866);
#4861 = CYLINDRICAL_SURFACE('',#4862,0.25);
#4862 = AXIS2_PLACEMENT_3D('',#4863,#4864,#4865);
#4863 = CARTESIAN_POINT('',(-20.,0.,-31.64101615137));
#4864 = DIRECTION('',(-0.,1.,-0.));
#4865 = DIRECTION('',(1.,0.,0.));
#4866 = DEFINITIONAL_REPRESENTATION('',(#4867),#4871);
#4867 = LINE('',#4868,#4869);
#4868 = CARTESIAN_POINT('',(-6.28318530718,-12.));
#4869 = VECTOR('',#4870,1.);
#4870 = DIRECTION('',(1.,-0.));
#4871 = ( GEOMETRIC_REPRESENTATION_CONTEXT(2) 
PARAMETRIC_REPRESENTATION_CONTEXT() REPRESENTATION_CONTEXT('2D SPACE',''
  ) );
#4872 = ADVANCED_FACE('',(#4873),#4861,.F.);
#4873 = FACE_BOUND('',#4874,.T.);
#4874 = EDGE_LOOP('',(#4875,#4899,#4920,#4921));
#4875 = ORIENTED_EDGE('',*,*,#4876,.F.);
#4876 = EDGE_CURVE('',#4877,#4877,#4879,.T.);
#4877 = VERTEX_POINT('',#4878);
#4878 = CARTESIAN_POINT('',(-19.75,0.,-31.64101615137));
#4879 = SURFACE_CURVE('',#4880,(#4885,#4892),.PCURVE_S1.);
#4880 = CIRCLE('',#4881,0.25);
#4881 = AXIS2_PLACEMENT_3D('',#4882,#4883,#4884);
#4882 = CARTESIAN_POINT('',(-20.,0.,-31.64101615137));
#4883 = DIRECTION('',(0.,-1.,0.));
#4884 = DIRECTION('',(1.,0.,0.));
#4885 = PCURVE('',#4861,#4886);
#4886 = DEFINITIONAL_REPRESENTATION('',(#4887),#4891);
#4887 = LINE('',#4888,#4889);
#4888 = CARTESIAN_POINT('',(-0.,0.));
#4889 = VECTOR('',#4890,1.);
#4890 = DIRECTION('',(-1.,0.));
#4891 = ( GEOMETRIC_REPRESENTATION_CONTEXT(2) 
PARAMETRIC_REPRESENTATION_CONTEXT() REPRESENTATION_CONTEXT('2D SPACE',''
  ) );
#4892 = PCURVE('',#4822,#4893);
#4893 = DEFINITIONAL_REPRESENTATION('',(#4894),#4898);
#4894 = CIRCLE('',#4895,0.25);
#4895 = AXIS2_PLACEMENT_2D('',#4896,#4897);
#4896 = CARTESIAN_POINT('',(7.105427357601E-15,0.));
#4897 = DIRECTION('',(0.,1.));
#4898 = ( GEOMETRIC_REPRESENTATION_CONTEXT(2) 
PARAMETRIC_REPRESENTATION_CONTEXT() REPRESENTATION_CONTEXT('2D SPACE',''
  ) );
#4899 = ORIENTED_EDGE('',*,*,#4900,.T.);
#4900 = EDGE_CURVE('',#4877,#4841,#4901,.T.);
#4901 = SEAM_CURVE('',#4902,(#4906,#4913),.PCURVE_S1.);
#4902 = LINE('',#4903,#4904);
#4903 = CARTESIAN_POINT('',(-19.75,0.,-31.64101615137));
#4904 = VECTOR('',#4905,1.);
#4905 = DIRECTION('',(0.,-1.,0.));
#4906 = PCURVE('',#4861,#4907);
#4907 = DEFINITIONAL_REPRESENTATION('',(#4908),#4912);
#4908 = LINE('',#4909,#4910);
#4909 = CARTESIAN_POINT('',(-6.28318530718,0.));
#4910 = VECTOR('',#4911,1.);
#4911 = DIRECTION('',(-0.,-1.));
#4912 = ( GEOMETRIC_REPRESENTATION_CONTEXT(2) 
PARAMETRIC_REPRESENTATION_CONTEXT() REPRESENTATION_CONTEXT('2D SPACE',''
  ) );
#4913 = PCURVE('',#4861,#4914);
#4914 = DEFINITIONAL_REPRESENTATION('',(#4915),#4919);
#4915 = LINE('',#4916,#4917);
#4916 = CARTESIAN_POINT('',(-0.,0.));
#4917 = VECTOR('',#4918,1.);
#4918 = DIRECTION('',(-0.,-1.));
#4919 = ( GEOMETRIC_REPRESENTATION_CONTEXT(2) 
PARAMETRIC_REPRESENTATION_CONTEXT() REPRESENTATION_CONTEXT('2D SPACE',''
  ) );
#4920 = ORIENTED_EDGE('',*,*,#4840,.F.);
#4921 = ORIENTED_EDGE('',*,*,#4900,.F.);
#4922 = ADVANCED_FACE('',(#4923,#4926),#4822,.F.);
#4923 = FACE_BOUND('',#4924,.F.);
#4924 = EDGE_LOOP('',(#4925));
#4925 = ORIENTED_EDGE('',*,*,#4807,.T.);
#4926 = FACE_BOUND('',#4927,.F.);
#4927 = EDGE_LOOP('',(#4928));
#4928 = ORIENTED_EDGE('',*,*,#4876,.F.);
#4929 = ( GEOMETRIC_REPRESENTATION_CONTEXT(3) 
GLOBAL_UNCERTAINTY_ASSIGNED_CONTEXT((#4933)) 
GLOBAL_UNIT_ASSIGNED_CONTEXT((#4930,#4931,#4932)) REPRESENTATION_CONTEXT
('Context #1','3D Context with UNIT and UNCERTAINTY') );
#4930 = ( LENGTH_UNIT() NAMED_UNIT(*) SI_UNIT(.MILLI.,.METRE.) );
#4931 = ( NAMED_UNIT(*) PLANE_ANGLE_UNIT() SI_UNIT($,.RADIAN.) );
#4932 = ( NAMED_UNIT(*) SI_UNIT($,.STERADIAN.) SOLID_ANGLE_UNIT() );
#4933 = UNCERTAINTY_MEASURE_WITH_UNIT(LENGTH_MEASURE(1.E-07),#4930,
  'distance_accuracy_value','confusion accuracy');
#4934 = CONTEXT_DEPENDENT_SHAPE_REPRESENTATION(#4935,#4937);
#4935 = ( REPRESENTATION_RELATIONSHIP('','',#4742,#10) 
REPRESENTATION_RELATIONSHIP_WITH_TRANSFORMATION(#4936) 
SHAPE_REPRESENTATION_RELATIONSHIP() );
#4936 = ITEM_DEFINED_TRANSFORMATION('','',#11,#27);
#4937 = PRODUCT_DEFINITION_SHAPE('Placement','Placement of an item',
  #4938);
#4938 = NEXT_ASSEMBLY_USAGE_OCCURRENCE('4','','',#5,#4737,$);
#4939 = PRODUCT_RELATED_PRODUCT_CATEGORY('part',$,(#4739));
#4940 = SHAPE_DEFINITION_REPRESENTATION(#4941,#4947);
#4941 = PRODUCT_DEFINITION_SHAPE('','',#4942);
#4942 = PRODUCT_DEFINITION('design','',#4943,#4946);
#4943 = PRODUCT_DEFINITION_FORMATION('','',#4944);
#4944 = PRODUCT('Open CASCADE STEP translator 7.9 1.5',
  'Open CASCADE STEP translator 7.9 1.5','',(#4945));
#4945 = PRODUCT_CONTEXT('',#2,'mechanical');
#4946 = PRODUCT_DEFINITION_CONTEXT('part definition',#2,'design');
#4947 = ADVANCED_BREP_SHAPE_REPRESENTATION('',(#11,#4948),#5134);
#4948 = MANIFOLD_SOLID_BREP('',#4949);
#4949 = CLOSED_SHELL('',(#4950,#5038,#5077,#5127));
#4950 = ADVANCED_FACE('',(#4951),#4965,.T.);
#4951 = FACE_BOUND('',#4952,.F.);
#4952 = EDGE_LOOP('',(#4953,#4983,#5010,#5011));
#4953 = ORIENTED_EDGE('',*,*,#4954,.T.);
#4954 = EDGE_CURVE('',#4955,#4957,#4959,.T.);
#4955 = VERTEX_POINT('',#4956);
#4956 = CARTESIAN_POINT('',(21.,0.,-31.64101615137));
#4957 = VERTEX_POINT('',#4958);
#4958 = CARTESIAN_POINT('',(21.,-12.,-31.64101615137));
#4959 = SEAM_CURVE('',#4960,(#4964,#4976),.PCURVE_S1.);
#4960 = LINE('',#4961,#4962);
#4961 = CARTESIAN_POINT('',(21.,0.,-31.64101615137));
#4962 = VECTOR('',#4963,1.);
#4963 = DIRECTION('',(0.,-1.,0.));
#4964 = PCURVE('',#4965,#4970);
#4965 = CYLINDRICAL_SURFACE('',#4966,1.);
#4966 = AXIS2_PLACEMENT_3D('',#4967,#4968,#4969);
#4967 = CARTESIAN_POINT('',(20.,0.,-31.64101615137));
#4968 = DIRECTION('',(-0.,1.,-0.));
#4969 = DIRECTION('',(1.,0.,0.));
#4970 = DEFINITIONAL_REPRESENTATION('',(#4971),#4975);
#4971 = LINE('',#4972,#4973);
#4972 = CARTESIAN_POINT('',(-0.,0.));
#4973 = VECTOR('',#4974,1.);
#4974 = DIRECTION('',(-0.,-1.));
#4975 = ( GEOMETRIC_REPRESENTATION_CONTEXT(2) 
PARAMETRIC_REPRESENTATION_CONTEXT() REPRESENTATION_CONTEXT('2D SPACE',''
  ) );
#4976 = PCURVE('',#4965,#4977);
#4977 = DEFINITIONAL_REPRESENTATION('',(#4978),#4982);
#4978 = LINE('',#4979,#4980);
#4979 = CARTESIAN_POINT('',(-6.28318530718,0.));
#4980 = VECTOR('',#4981,1.);
#4981 = DIRECTION('',(-0.,-1.));
#4982 = ( GEOMETRIC_REPRESENTATION_CONTEXT(2) 
PARAMETRIC_REPRESENTATION_CONTEXT() REPRESENTATION_CONTEXT('2D SPACE',''
  ) );
#4983 = ORIENTED_EDGE('',*,*,#4984,.T.);
#4984 = EDGE_CURVE('',#4957,#4957,#4985,.T.);
#4985 = SURFACE_CURVE('',#4986,(#4991,#4998),.PCURVE_S1.);
#4986 = CIRCLE('',#4987,1.);
#4987 = AXIS2_PLACEMENT_3D('',#4988,#4989,#4990);
#4988 = CARTESIAN_POINT('',(20.,-12.,-31.64101615137));
#4989 = DIRECTION('',(0.,-1.,0.));
#4990 = DIRECTION('',(1.,0.,0.));
#4991 = PCURVE('',#4965,#4992);
#4992 = DEFINITIONAL_REPRESENTATION('',(#4993),#4997);
#4993 = LINE('',#4994,#4995);
#4994 = CARTESIAN_POINT('',(-0.,-12.));
#4995 = VECTOR('',#4996,1.);
#4996 = DIRECTION('',(-1.,0.));
#4997 = ( GEOMETRIC_REPRESENTATION_CONTEXT(2) 
PARAMETRIC_REPRESENTATION_CONTEXT() REPRESENTATION_CONTEXT('2D SPACE',''
  ) );
#4998 = PCURVE('',#4999,#5004);
#4999 = PLANE('',#5000);
#5000 = AXIS2_PLACEMENT_3D('',#5001,#5002,#5003);
#5001 = CARTESIAN_POINT('',(20.,-12.,-31.64101615137));
#5002 = DIRECTION('',(-0.,-1.,-0.));
#5003 = DIRECTION('',(0.,0.,-1.));
#5004 = DEFINITIONAL_REPRESENTATION('',(#5005),#5009);
#5005 = CIRCLE('',#5006,1.);
#5006 = AXIS2_PLACEMENT_2D('',#5007,#5008);
#5007 = CARTESIAN_POINT('',(-7.105427357601E-15,0.));
#5008 = DIRECTION('',(0.,1.));
#5009 = ( GEOMETRIC_REPRESENTATION_CONTEXT(2) 
PARAMETRIC_REPRESENTATION_CONTEXT() REPRESENTATION_CONTEXT('2D SPACE',''
  ) );
#5010 = ORIENTED_EDGE('',*,*,#4954,.F.);
#5011 = ORIENTED_EDGE('',*,*,#5012,.F.);
#5012 = EDGE_CURVE('',#4955,#4955,#5013,.T.);
#5013 = SURFACE_CURVE('',#5014,(#5019,#5026),.PCURVE_S1.);
#5014 = CIRCLE('',#5015,1.);
#5015 = AXIS2_PLACEMENT_3D('',#5016,#5017,#5018);
#5016 = CARTESIAN_POINT('',(20.,0.,-31.64101615137));
#5017 = DIRECTION('',(0.,-1.,0.));
#5018 = DIRECTION('',(1.,0.,0.));
#5019 = PCURVE('',#4965,#5020);
#5020 = DEFINITIONAL_REPRESENTATION('',(#5021),#5025);
#5021 = LINE('',#5022,#5023);
#5022 = CARTESIAN_POINT('',(-0.,0.));
#5023 = VECTOR('',#5024,1.);
#5024 = DIRECTION('',(-1.,0.));
#5025 = ( GEOMETRIC_REPRESENTATION_CONTEXT(2) 
PARAMETRIC_REPRESENTATION_CONTEXT() REPRESENTATION_CONTEXT('2D SPACE',''
  ) );
#5026 = PCURVE('',#5027,#5032);
#5027 = PLANE('',#5028);
#5028 = AXIS2_PLACEMENT_3D('',#5029,#5030,#5031);
#5029 = CARTESIAN_POINT('',(20.,0.,-31.64101615137));
#5030 = DIRECTION('',(-0.,-1.,-0.));
#5031 = DIRECTION('',(0.,0.,-1.));
#5032 = DEFINITIONAL_REPRESENTATION('',(#5033),#5037);
#5033 = CIRCLE('',#5034,1.);
#5034 = AXIS2_PLACEMENT_2D('',#5035,#5036);
#5035 = CARTESIAN_POINT('',(-7.105427357601E-15,0.));
#5036 = DIRECTION('',(0.,1.));
#5037 = ( GEOMETRIC_REPRESENTATION_CONTEXT(2) 
PARAMETRIC_REPRESENTATION_CONTEXT() REPRESENTATION_CONTEXT('2D SPACE',''
  ) );
#5038 = ADVANCED_FACE('',(#5039,#5042),#4999,.T.);
#5039 = FACE_BOUND('',#5040,.T.);
#5040 = EDGE_LOOP('',(#5041));
#5041 = ORIENTED_EDGE('',*,*,#4984,.T.);
#5042 = FACE_BOUND('',#5043,.T.);
#5043 = EDGE_LOOP('',(#5044));
#5044 = ORIENTED_EDGE('',*,*,#5045,.T.);
#5045 = EDGE_CURVE('',#5046,#5046,#5048,.T.);
#5046 = VERTEX_POINT('',#5047);
#5047 = CARTESIAN_POINT('',(20.25,-12.,-31.64101615137));
#5048 = SURFACE_CURVE('',#5049,(#5054,#5065),.PCURVE_S1.);
#5049 = CIRCLE('',#5050,0.25);
#5050 = AXIS2_PLACEMENT_3D('',#5051,#5052,#5053);
#5051 = CARTESIAN_POINT('',(20.,-12.,-31.64101615137));
#5052 = DIRECTION('',(-0.,1.,0.));
#5053 = DIRECTION('',(1.,0.,0.));
#5054 = PCURVE('',#4999,#5055);
#5055 = DEFINITIONAL_REPRESENTATION('',(#5056),#5064);
#5056 = ( BOUNDED_CURVE() B_SPLINE_CURVE(2,(#5057,#5058,#5059,#5060,
#5061,#5062,#5063),.UNSPECIFIED.,.T.,.F.) B_SPLINE_CURVE_WITH_KNOTS((1,2
    ,2,2,2,1),(-2.094395102393,0.,2.094395102393,4.188790204786,
6.28318530718,8.377580409573),.UNSPECIFIED.) CURVE() 
GEOMETRIC_REPRESENTATION_ITEM() RATIONAL_B_SPLINE_CURVE((1.,0.5,1.,0.5,
1.,0.5,1.)) REPRESENTATION_ITEM('') );
#5057 = CARTESIAN_POINT('',(-7.105427357601E-15,0.25));
#5058 = CARTESIAN_POINT('',(0.433012701892,0.25));
#5059 = CARTESIAN_POINT('',(0.216506350946,-0.125));
#5060 = CARTESIAN_POINT('',(-7.044195017644E-15,-0.5));
#5061 = CARTESIAN_POINT('',(-0.216506350946,-0.125));
#5062 = CARTESIAN_POINT('',(-0.433012701892,0.25));
#5063 = CARTESIAN_POINT('',(-7.105427357601E-15,0.25));
#5064 = ( GEOMETRIC_REPRESENTATION_CONTEXT(2) 
PARAMETRIC_REPRESENTATION_CONTEXT() REPRESENTATION_CONTEXT('2D SPACE',''
  ) );
#5065 = PCURVE('',#5066,#5071);
#5066 = CYLINDRICAL_SURFACE('',#5067,0.25);
#5067 = AXIS2_PLACEMENT_3D('',#5068,#5069,#5070);
#5068 = CARTESIAN_POINT('',(20.,0.,-31.64101615137));
#5069 = DIRECTION('',(-0.,1.,-0.));
#5070 = DIRECTION('',(1.,0.,0.));
#5071 = DEFINITIONAL_REPRESENTATION('',(#5072),#5076);
#5072 = LINE('',#5073,#5074);
#5073 = CARTESIAN_POINT('',(-6.28318530718,-12.));
#5074 = VECTOR('',#5075,1.);
#5075 = DIRECTION('',(1.,-0.));
#5076 = ( GEOMETRIC_REPRESENTATION_CONTEXT(2) 
PARAMETRIC_REPRESENTATION_CONTEXT() REPRESENTATION_CONTEXT('2D SPACE',''
  ) );
#5077 = ADVANCED_FACE('',(#5078),#5066,.F.);
#5078 = FACE_BOUND('',#5079,.T.);
#5079 = EDGE_LOOP('',(#5080,#5104,#5125,#5126));
#5080 = ORIENTED_EDGE('',*,*,#5081,.F.);
#5081 = EDGE_CURVE('',#5082,#5082,#5084,.T.);
#5082 = VERTEX_POINT('',#5083);
#5083 = CARTESIAN_POINT('',(20.25,0.,-31.64101615137));
#5084 = SURFACE_CURVE('',#5085,(#5090,#5097),.PCURVE_S1.);
#5085 = CIRCLE('',#5086,0.25);
#5086 = AXIS2_PLACEMENT_3D('',#5087,#5088,#5089);
#5087 = CARTESIAN_POINT('',(20.,0.,-31.64101615137));
#5088 = DIRECTION('',(0.,-1.,0.));
#5089 = DIRECTION('',(1.,0.,0.));
#5090 = PCURVE('',#5066,#5091);
#5091 = DEFINITIONAL_REPRESENTATION('',(#5092),#5096);
#5092 = LINE('',#5093,#5094);
#5093 = CARTESIAN_POINT('',(-0.,0.));
#5094 = VECTOR('',#5095,1.);
#5095 = DIRECTION('',(-1.,0.));
#5096 = ( GEOMETRIC_REPRESENTATION_CONTEXT(2) 
PARAMETRIC_REPRESENTATION_CONTEXT() REPRESENTATION_CONTEXT('2D SPACE',''
  ) );
#5097 = PCURVE('',#5027,#5098);
#5098 = DEFINITIONAL_REPRESENTATION('',(#5099),#5103);
#5099 = CIRCLE('',#5100,0.25);
#5100 = AXIS2_PLACEMENT_2D('',#5101,#5102);
#5101 = CARTESIAN_POINT('',(-7.105427357601E-15,0.));
#5102 = DIRECTION('',(0.,1.));
#5103 = ( GEOMETRIC_REPRESENTATION_CONTEXT(2) 
PARAMETRIC_REPRESENTATION_CONTEXT() REPRESENTATION_CONTEXT('2D SPACE',''
  ) );
#5104 = ORIENTED_EDGE('',*,*,#5105,.T.);
#5105 = EDGE_CURVE('',#5082,#5046,#5106,.T.);
#5106 = SEAM_CURVE('',#5107,(#5111,#5118),.PCURVE_S1.);
#5107 = LINE('',#5108,#5109);
#5108 = CARTESIAN_POINT('',(20.25,0.,-31.64101615137));
#5109 = VECTOR('',#5110,1.);
#5110 = DIRECTION('',(0.,-1.,0.));
#5111 = PCURVE('',#5066,#5112);
#5112 = DEFINITIONAL_REPRESENTATION('',(#5113),#5117);
#5113 = LINE('',#5114,#5115);
#5114 = CARTESIAN_POINT('',(-6.28318530718,0.));
#5115 = VECTOR('',#5116,1.);
#5116 = DIRECTION('',(-0.,-1.));
#5117 = ( GEOMETRIC_REPRESENTATION_CONTEXT(2) 
PARAMETRIC_REPRESENTATION_CONTEXT() REPRESENTATION_CONTEXT('2D SPACE',''
  ) );
#5118 = PCURVE('',#5066,#5119);
#5119 = DEFINITIONAL_REPRESENTATION('',(#5120),#5124);
#5120 = LINE('',#5121,#5122);
#5121 = CARTESIAN_POINT('',(-0.,0.));
#5122 = VECTOR('',#5123,1.);
#5123 = DIRECTION('',(-0.,-1.));
#5124 = ( GEOMETRIC_REPRESENTATION_CONTEXT(2) 
PARAMETRIC_REPRESENTATION_CONTEXT() REPRESENTATION_CONTEXT('2D SPACE',''
  ) );
#5125 = ORIENTED_EDGE('',*,*,#5045,.F.);
#5126 = ORIENTED_EDGE('',*,*,#5105,.F.);
#5127 = ADVANCED_FACE('',(#5128,#5131),#5027,.F.);
#5128 = FACE_BOUND('',#5129,.F.);
#5129 = EDGE_LOOP('',(#5130));
#5130 = ORIENTED_EDGE('',*,*,#5012,.T.);
#5131 = FACE_BOUND('',#5132,.F.);
#5132 = EDGE_LOOP('',(#5133));
#5133 = ORIENTED_EDGE('',*,*,#5081,.F.);
#5134 = ( GEOMETRIC_REPRESENTATION_CONTEXT(3) 
GLOBAL_UNCERTAINTY_ASSIGNED_CONTEXT((#5138)) 
GLOBAL_UNIT_ASSIGNED_CONTEXT((#5135,#5136,#5137)) REPRESENTATION_CONTEXT
('Context #1','3D Context with UNIT and UNCERTAINTY') );
#5135 = ( LENGTH_UNIT() NAMED_UNIT(*) SI_UNIT(.MILLI.,.METRE.) );
#5136 = ( NAMED_UNIT(*) PLANE_ANGLE_UNIT() SI_UNIT($,.RADIAN.) );
#5137 = ( NAMED_UNIT(*) SI_UNIT($,.STERADIAN.) SOLID_ANGLE_UNIT() );
#5138 = UNCERTAINTY_MEASURE_WITH_UNIT(LENGTH_MEASURE(1.E-07),#5135,
  'distance_accuracy_value','confusion accuracy');
#5139 = CONTEXT_DEPENDENT_SHAPE_REPRESENTATION(#5140,#5142);
#5140 = ( REPRESENTATION_RELATIONSHIP('','',#4947,#10) 
REPRESENTATION_RELATIONSHIP_WITH_TRANSFORMATION(#5141) 
SHAPE_REPRESENTATION_RELATIONSHIP() );
#5141 = ITEM_DEFINED_TRANSFORMATION('','',#11,#31);
#5142 = PRODUCT_DEFINITION_SHAPE('Placement','Placement of an item',
  #5143);
#5143 = NEXT_ASSEMBLY_USAGE_OCCURRENCE('5','','',#5,#4942,$);
#5144 = PRODUCT_RELATED_PRODUCT_CATEGORY('part',$,(#4944));
ENDSEC;
END-ISO-10303-21;
